education_level,degree_stream,skills,location,interests,risk_preference,years_experience,salary,demand_label,next_role_success,burnout_label
bachelors,engineering,"robotics,stem,trainer",india,"career,growth",medium,3,270000.0,stable,1,0
bachelors,data science,"html,developers,freshers",india,"career,growth",medium,1,19250.0,increasing,0,1
bachelors,computer science,"java,developers,freshers",india,"career,growth",medium,1,19250.0,increasing,0,0
bachelors,engineering,"teachers,pre,primary,english,mathematics,evs,computers",global,"career,growth",medium,3,25000.0,stable,1,0
bachelors,engineering,"college,student",india,"career,growth",medium,3,17500.0,stable,0,0
bachelors,computer science,"software,testers,freshers",india,"career,growth",medium,1,19250.0,increasing,0,0
bachelors,computer science,"web,developer,freshers",india,"career,growth",medium,1,19250.0,increasing,0,1
bachelors,engineering,"computer,operator,data,entry,freshers",india,"career,growth",medium,1,19250.0,increasing,0,0
bachelors,engineering,"back,office",india,"career,growth",medium,3,18683.5,stable,0,0
bachelors,engineering,"customer,service",india,"career,growth",medium,3,19250.0,stable,0,0
bachelors,engineering,recruiter,india,"career,growth",medium,3,18500.0,stable,0,0
bachelors,engineering,"sales,advisor_,work,home",india,"career,growth",medium,3,17500.0,stable,0,0
bachelors,computer science,"python,developer",india,"career,growth",medium,3,45000.0,increasing,1,0
bachelors,engineering,"customer,support",india,"career,growth",medium,1,450000.0,stable,1,0
bachelors,engineering,"kyc,verification",india,"career,growth",medium,1,20000.0,stable,1,0
bachelors,engineering,general,india,"career,growth",medium,1,500000.0,stable,1,1
bachelors,engineering,"chat,support,representative,mohali",india,"career,growth",medium,3,32500.0,stable,1,0
bachelors,engineering,"iti,diploma,any,degree",india,"career,growth",medium,1,13500.0,stable,0,0
bachelors,computer science,python,india,"career,growth",medium,1,15250.0,increasing,0,0
bachelors,computer science,"software,engineer,freshers",india,"career,growth",medium,1,19250.0,increasing,0,0
bachelors,engineering,programmer,india,"career,growth",medium,1,19250.0,stable,0,0
bachelors,engineering,quality,india,"career,growth",medium,3,315000.0,stable,1,0
bachelors,engineering,"data,entry,operator",india,"career,growth",medium,3,19250.0,increasing,0,1
bachelors,computer science,"mobile,app,developer,freshers",india,"career,growth",medium,1,19250.0,increasing,0,0
bachelors,engineering,"mega,walk,drive,customer,service,representative",global,"career,growth",medium,1,15000.0,stable,0,1
bachelors,computer science,"python,developer",india,"career,growth",medium,1,19250.0,increasing,0,1
bachelors,data science,"data,scientist",india,"career,growth",medium,3,375000.0,increasing,1,1
bachelors,engineering,"digital,marketing,freshers",india,"career,growth",medium,1,19250.0,stable,0,0
bachelors,engineering,receptionist,india,"career,growth",medium,3,19250.0,stable,0,1
bachelors,computer science,"web,developer",india,"career,growth",medium,1,19250.0,increasing,0,0
bachelors,engineering,"document,verification,office,applied,now",india,"career,growth",medium,1,16391.17,stable,0,1
bachelors,engineering,graduate,india,"career,growth",medium,1,19250.0,stable,0,0
bachelors,engineering,"internship,job,opening,freshers",india,"career,growth",medium,1,11500.0,stable,0,0
bachelors,engineering,"consultant,doctor",global,"career,growth",medium,3,22500.0,stable,1,1
bachelors,computer science,"software,trainees",india,"career,growth",medium,1,19250.0,increasing,0,1
bachelors,engineering,"digital,marketing",india,"career,growth",medium,3,12500.0,stable,0,0
bachelors,engineering,malayalam,india,"career,growth",medium,1,17436.37,stable,0,1
bachelors,engineering,"call,quality",india,"career,growth",medium,3,450000.0,stable,1,1
bachelors,engineering,marketing,global,"career,growth",medium,3,19250.0,stable,0,1
bachelors,computer science,"engineers,freshers",india,"career,growth",medium,1,19250.0,increasing,0,1
masters,business,"social,media",india,"career,growth",medium,3,19250.0,stable,0,0
bachelors,human resources,general,india,"career,growth",medium,3,13500.0,stable,0,0
bachelors,engineering,"fresh,graduates,male",india,"career,growth",medium,3,19250.0,stable,0,0
masters,business,general,india,"career,growth",medium,3,19250.0,stable,0,1
bachelors,engineering,freshers,global,"career,growth",medium,1,19250.0,stable,0,1
bachelors,engineering,"hiring,freshers,bangalore,location,budget,upto,45k,inhand",india,"career,growth",medium,1,40000.0,stable,1,1
bachelors,engineering,"phone,banking",india,"career,growth",medium,3,275000.0,stable,1,0
bachelors,computer science,engineer,india,"career,growth",medium,1,19250.0,increasing,0,1
bachelors,engineering,"content,creator",india,"career,growth",medium,3,45000.0,stable,1,0
bachelors,engineering,"amazon,advertising",india,"career,growth",medium,3,15750.0,stable,0,0
bachelors,computer science,"software,engineer",india,"career,growth",medium,3,19250.0,increasing,0,0
masters,business,"administration,office",india,"career,growth",medium,3,20000.0,stable,1,0
bachelors,engineering,draftsman,india,"career,growth",medium,3,19250.0,stable,0,0
bachelors,engineering,"documents,verification",india,"career,growth",medium,3,22500.0,stable,1,0
bachelors,computer science,"software,developer",india,"career,growth",medium,1,19250.0,increasing,0,1
bachelors,engineering,"commerce,works,agency,amazon,ppc,management",india,"career,growth",medium,3,22903.55,stable,1,0
bachelors,engineering,"delivery,partner",india,"career,growth",medium,3,32500.0,stable,1,1
bachelors,engineering,"store,purchase",india,"career,growth",medium,3,30000.0,stable,1,1
bachelors,engineering,account,india,"career,growth",medium,3,36000.0,stable,1,1
bachelors,computer science,software,india,"career,growth",medium,1,19250.0,increasing,0,1
bachelors,engineering,"need,female,graduates,train,school,student,bandel",india,"career,growth",medium,3,16500.0,stable,0,0
bachelors,engineering,billing,india,"career,growth",medium,3,18000.0,stable,0,1
bachelors,engineering,"hotel,management",india,"career,growth",medium,1,25000.0,stable,1,1
bachelors,engineering,"faculty,wanted,commerce",india,"career,growth",medium,3,31500.0,stable,1,0
masters,business,project,india,"career,growth",medium,3,19250.0,stable,0,0
bachelors,engineering,editor,india,"career,growth",medium,3,19250.0,stable,0,1
bachelors,engineering,"front,office",india,"career,growth",medium,3,22500.0,stable,1,0
bachelors,engineering,rto,india,"career,growth",medium,3,18000.0,stable,0,1
bachelors,human resources,ordinator,india,"career,growth",medium,3,13500.0,stable,0,0
bachelors,engineering,"content,writers,part,time",india,"career,growth",medium,3,19250.0,stable,0,1
bachelors,engineering,"video,editor",india,"career,growth",medium,3,6000.0,stable,0,0
bachelors,computer science,"software,engineer,technopark",india,"career,growth",medium,1,10500.0,increasing,0,0
bachelors,engineering,aws,india,"career,growth",medium,3,19250.0,stable,0,0
bachelors,engineering,"video,editing",india,"career,growth",medium,3,4500.0,stable,0,0
bachelors,engineering,"google,ads,experience",india,"career,growth",medium,1,19250.0,stable,0,0
bachelors,computer science,"jet,diploma,engineer,mechanical,fabrication,production",india,"career,growth",medium,1,250000.0,increasing,1,0
bachelors,engineering,diploma,india,"career,growth",medium,1,19250.0,stable,0,0
bachelors,engineering,tellecaller,global,"career,growth",medium,3,23018.0,stable,1,0
bachelors,engineering,"supervisors,incharges",india,"career,growth",medium,3,19250.0,stable,0,0
bachelors,business,business,india,"career,growth",medium,3,19250.0,stable,0,0
bachelors,engineering,"computer,faculty",india,"career,growth",medium,3,19250.0,stable,0,0
bachelors,engineering,"process,associate",india,"career,growth",medium,3,160000.0,stable,1,0
bachelors,computer science,"software,training,infopark",india,"career,growth",medium,1,12000.0,increasing,0,1
bachelors,business,"business,development,associate",india,"career,growth",medium,3,475000.0,stable,1,1
bachelors,engineering,"hindi,content,writer",india,"career,growth",medium,3,10000.0,stable,0,0
bachelors,engineering,"social,media,remote",india,"career,growth",medium,3,4950.0,stable,0,0
bachelors,engineering,"summer,internship,programme",india,"career,growth",medium,3,19250.0,stable,0,1
bachelors,engineering,"wanted,female,office,assistants",india,"career,growth",medium,3,19250.0,stable,0,1
bachelors,engineering,"freshers,2024",india,"career,growth",medium,1,500000.0,stable,1,0
bachelors,engineering,"graphic,designer,internship",india,"career,growth",medium,3,8500.0,stable,0,0
bachelors,engineering,general,global,"career,growth",medium,1,19250.0,stable,0,0
bachelors,engineering,"digital,marketing",india,"career,growth",medium,1,19250.0,stable,0,1
bachelors,engineering,"data,entry,operators",india,"career,growth",medium,3,19250.0,increasing,0,0
bachelors,engineering,"document,verification",india,"career,growth",medium,3,15000.0,stable,0,1
masters,business,"digital,marketing",india,"career,growth",medium,3,34500.0,stable,1,0
bachelors,engineering,"freshers,delhi",india,"career,growth",medium,1,750000.0,stable,1,1
bachelors,engineering,"social,media",india,"career,growth",medium,3,15107.885,stable,0,0
bachelors,engineering,"receptionist,front,desk",india,"career,growth",medium,3,19250.0,stable,0,1
bachelors,engineering,"derivatives,trader",india,"career,growth",medium,3,19250.0,stable,0,0
bachelors,engineering,"document,verification,apply,now",india,"career,growth",medium,1,21914.56,stable,1,1
bachelors,computer science,"technical,support,engineer",india,"career,growth",medium,3,33500.0,increasing,1,0
bachelors,engineering,"freshers,internship",india,"career,growth",medium,1,19250.0,stable,0,1
bachelors,engineering,"shipment,pricing,documentation,freshers,can,apply",india,"career,growth",medium,1,19250.0,stable,0,0
bachelors,computer science,"software,tester,internship",india,"career,growth",medium,1,12500.0,increasing,0,0
bachelors,engineering,"graduate,student",india,"career,growth",medium,3,12500.0,stable,0,1
bachelors,engineering,"freshers,bootcamp,job,oriented,program",india,"career,growth",medium,1,19250.0,stable,0,0
bachelors,engineering,"cyber,security",india,"career,growth",medium,1,20000.0,stable,1,1
bachelors,engineering,seo,india,"career,growth",medium,1,19250.0,stable,0,0
bachelors,engineering,"corporate,freshers",india,"career,growth",medium,1,19250.0,stable,0,1
bachelors,computer science,"engineer,network,security",india,"career,growth",medium,1,400000.0,increasing,1,1
bachelors,engineering,seo,india,"career,growth",medium,3,6500.0,stable,0,0
bachelors,engineering,data,india,"career,growth",medium,1,19250.0,increasing,0,1
bachelors,computer science,java,india,"career,growth",medium,1,19250.0,stable,0,1
bachelors,engineering,"academic,advisor,work,home",india,"career,growth",medium,3,18500.0,stable,0,1
bachelors,engineering,research,global,"career,growth",medium,1,350000.0,stable,1,1
bachelors,engineering,"google,ads",india,"career,growth",medium,3,550000.0,stable,1,0
bachelors,engineering,"alt,text,writer,general",india,"career,growth",medium,3,22500.0,stable,1,0
bachelors,engineering,"talent,acquisition,freshers",india,"career,growth",medium,1,19250.0,stable,0,0
bachelors,engineering,accounts,india,"career,growth",medium,3,19250.0,stable,0,1
bachelors,engineering,"graduate,full,time",india,"career,growth",medium,1,400000.0,stable,1,1
bachelors,engineering,"voice,process",india,"career,growth",medium,1,17500.0,stable,0,0
bachelors,computer science,"quality,engineer",india,"career,growth",medium,1,400000.0,increasing,1,1
bachelors,engineering,freshers,india,"career,growth",medium,1,8500.0,stable,0,1
bachelors,engineering,finance,india,"career,growth",medium,3,15000.0,stable,0,0
bachelors,human resources,recruiter,india,"career,growth",medium,3,12500.0,stable,0,0
bachelors,engineering,power,india,"career,growth",medium,1,19250.0,stable,0,1
bachelors,engineering,field,india,"career,growth",medium,3,15000.0,stable,0,1
bachelors,human resources,general,india,"career,growth",medium,1,19250.0,stable,0,0
bachelors,engineering,"jewel,data,entry",india,"career,growth",medium,3,13500.0,increasing,0,1
bachelors,engineering,"operations,ordinator",india,"career,growth",medium,3,17500.0,stable,0,1
bachelors,engineering,data,india,"career,growth",medium,3,27000.0,increasing,1,0
bachelors,engineering,"opening,manual,testing",global,"career,growth",medium,1,20177.125,stable,1,1
bachelors,engineering,production,india,"career,growth",medium,1,22500.0,stable,1,1
bachelors,computer science,"get,graduate,engineer",india,"career,growth",medium,1,110000.0,increasing,1,1
bachelors,engineering,"jewellery,cad,designer",india,"career,growth",medium,3,22500.0,stable,1,0
bachelors,engineering,"recruiters,freshers",india,"career,growth",medium,1,19250.0,stable,0,0
bachelors,engineering,"factory,helpers",india,"career,growth",medium,3,17675.0,stable,0,1
bachelors,computer science,"software,developer",global,"career,growth",medium,1,19250.0,increasing,0,0
bachelors,engineering,teacher,india,"career,growth",medium,3,20000.0,stable,1,0
bachelors,computer science,"hybrid,mobile,app,developer",india,"career,growth",medium,3,21500.0,increasing,1,1
bachelors,engineering,"fellow,hpb,surgery",india,"career,growth",medium,3,19250.0,stable,0,0
bachelors,engineering,"digital,marketing,service",india,"career,growth",medium,3,42500.0,stable,1,0
bachelors,engineering,"freshers,experience,can,apply",india,"career,growth",medium,1,23500.0,stable,1,1
bachelors,engineering,"remote,talent,sourcer",india,"career,growth",medium,1,19250.0,stable,0,0
bachelors,engineering,"freelance,contributor",india,"career,growth",medium,3,3500.0,stable,0,0
bachelors,engineering,"freelance,recruiter",india,"career,growth",medium,3,19250.0,stable,0,0
bachelors,engineering,"process,associates,bpo,non,voice",india,"career,growth",medium,3,19250.0,stable,0,0
bachelors,computer science,developer,india,"career,growth",medium,1,19250.0,increasing,0,1
bachelors,engineering,flutter,india,"career,growth",medium,3,19250.0,stable,0,1
bachelors,engineering,management,india,"career,growth",medium,1,650000.0,stable,1,0
bachelors,engineering,"visa,submission,operations",india,"career,growth",medium,3,19500.0,stable,1,1
bachelors,engineering,"mobile,development",india,"career,growth",medium,1,19250.0,stable,0,1
bachelors,engineering,"drug,safety,associate",india,"career,growth",medium,3,34400.145,stable,1,1
bachelors,engineering,"mep,supervisor",india,"career,growth",medium,3,22500.0,stable,1,0
bachelors,computer science,"mern,stack,developer",india,"career,growth",medium,1,11500.0,increasing,0,0
bachelors,engineering,"data,entry,operator,computer",india,"career,growth",medium,3,15000.0,increasing,0,0
bachelors,engineering,"artificial,intelligence,researcher,freshers",india,"career,growth",medium,1,19250.0,stable,0,0
bachelors,engineering,bca,india,"career,growth",medium,1,300000.0,stable,1,0
bachelors,human resources,internship,india,"career,growth",medium,3,7500.0,stable,0,0
bachelors,engineering,product,india,"career,growth",medium,3,19250.0,stable,0,0
phd,engineering,"research,associate",india,"career,growth",medium,3,30000.0,stable,1,1
bachelors,computer science,"php,developer,months,training",india,"career,growth",medium,1,17500.0,increasing,0,0
bachelors,computer science,"service,engineer,iti,diploma,any,degree",global,"career,growth",medium,1,21500.0,increasing,1,1
bachelors,engineering,mba,india,"career,growth",medium,1,12500.0,stable,0,1
bachelors,engineering,"vacancy,nathdwara,rajasthan",india,"career,growth",medium,1,13000.0,stable,0,1
masters,business,billing,india,"career,growth",medium,3,7500.0,stable,0,0
bachelors,engineering,"sales,godown,work",india,"career,growth",medium,3,20000.0,stable,1,0
bachelors,business,"business,development",india,"career,growth",medium,3,19250.0,stable,0,0
bachelors,computer science,"quality,software,tester,manual",india,"career,growth",medium,3,19250.0,increasing,0,0
bachelors,engineering,"immediate,hiring,freshers",india,"career,growth",medium,1,19250.0,stable,0,0
bachelors,human resources,"recruiter,non,freshers",india,"career,growth",medium,1,250000.0,stable,1,1
bachelors,engineering,"sales,freshers,can,apply",india,"career,growth",medium,1,17500.0,stable,0,0
bachelors,engineering,"coding,freshers",india,"career,growth",medium,1,19250.0,stable,0,0
bachelors,engineering,"data,mining,freshers,nagpur,location,only",india,"career,growth",medium,1,10250.0,increasing,0,0
bachelors,engineering,"power,app,freshers",india,"career,growth",medium,1,18500.0,stable,0,0
bachelors,engineering,technical,global,"career,growth",medium,1,19250.0,stable,0,0
bachelors,engineering,"data,entry,operator",india,"career,growth",medium,1,18000.0,increasing,0,1
bachelors,engineering,"medical,biller,dme,usa",india,"career,growth",medium,3,20000.0,stable,1,0
bachelors,engineering,logistics,india,"career,growth",medium,3,19250.0,stable,0,1
bachelors,engineering,"area,agri,milk,procurement",global,"career,growth",medium,3,19250.0,stable,0,0
bachelors,engineering,"full,stack,development",global,"career,growth",medium,3,19250.0,stable,0,1
bachelors,engineering,marketing,india,"career,growth",medium,3,9000.0,stable,0,0
bachelors,engineering,"management,investments,life,insurance,australian,shift,vadodara,only",india,"career,growth",medium,1,23500.0,stable,1,1
bachelors,engineering,"data,entry,apply,now",global,"career,growth",medium,1,23044.395,increasing,1,1
bachelors,engineering,personal,india,"career,growth",medium,3,32500.0,stable,1,1
bachelors,engineering,"greenpeace,ngo,fundraiser",india,"career,growth",medium,3,28500.0,stable,1,0
bachelors,engineering,"fresher_mumbai_bhartiyavidya,peeth",india,"career,growth",medium,1,19250.0,stable,0,1
bachelors,engineering,programmer,india,"career,growth",medium,3,23500.0,stable,1,0
bachelors,engineering,"freshers,content,writter",india,"career,growth",medium,1,12500.0,stable,0,0
bachelors,computer science,"service,engineer,freshers,can,apply",india,"career,growth",medium,1,18500.0,increasing,0,1
bachelors,engineering,"wanted,freshers,nagamalai,pudukottai,nearby,areas",india,"career,growth",medium,1,9000.0,stable,0,1
bachelors,engineering,duty,india,"career,growth",medium,3,20500.0,stable,1,1
bachelors,engineering,"operations,construction",india,"career,growth",medium,1,575000.0,stable,1,0
bachelors,computer science,"flutter,developer",india,"career,growth",medium,3,37637.525,increasing,1,0
bachelors,engineering,"australian,accounting",india,"career,growth",medium,1,32500.0,stable,1,0
bachelors,engineering,"female,kannada,telecalling,associate",india,"career,growth",medium,3,19250.0,stable,0,0
bachelors,engineering,"application,support,wfh",india,"career,growth",medium,1,12500.0,stable,0,0
bachelors,engineering,"pay,per,click,google,adwords,expert,performance,marketing",india,"career,growth",medium,3,19250.0,stable,0,1
bachelors,engineering,ticketing,india,"career,growth",medium,3,16000.0,stable,0,0
bachelors,engineering,scientific,india,"career,growth",medium,1,19250.0,stable,0,0
bachelors,business,"business,development,associate,bda",india,"career,growth",medium,3,18500.0,stable,0,1
bachelors,computer science,"software,engineer",india,"career,growth",medium,1,19250.0,increasing,0,0
bachelors,engineering,"student,counsellor",india,"career,growth",medium,3,22500.0,stable,1,0
bachelors,engineering,"quality,control",india,"career,growth",medium,1,19250.0,stable,0,1
bachelors,engineering,"cast,member",india,"career,growth",medium,3,3000.0,stable,0,0
bachelors,engineering,"front,office",global,"career,growth",medium,3,22500.0,stable,1,0
bachelors,engineering,"germany,physiotherapist",global,"career,growth",medium,3,200000.0,stable,1,0
bachelors,engineering,"vacancy,bba,bca,bsc,graduates",global,"career,growth",medium,1,125000.0,stable,1,0
bachelors,engineering,"packaging,technical",india,"career,growth",medium,1,19250.0,stable,0,1
bachelors,engineering,"pick,packer",india,"career,growth",medium,3,9000.0,stable,0,1
bachelors,engineering,"office,work,experience",india,"career,growth",medium,3,19250.0,stable,0,0
bachelors,engineering,graduate,global,"career,growth",medium,1,19250.0,stable,0,0
bachelors,engineering,"quality,control",india,"career,growth",medium,3,19250.0,stable,0,0
bachelors,engineering,"front,office,executives,interns",india,"career,growth",medium,3,19250.0,stable,0,1
bachelors,engineering,cashier,india,"career,growth",medium,3,19250.0,stable,0,0
bachelors,engineering,commis,india,"career,growth",medium,3,10000.0,stable,0,0
bachelors,engineering,"academic,advisor,female",india,"career,growth",medium,3,23000.0,stable,1,1
bachelors,computer science,developer,india,"career,growth",medium,3,45000.0,increasing,1,0
bachelors,human resources,"accounts,female,only",india,"career,growth",medium,3,19250.0,stable,0,1
phd,engineering,research,india,"career,growth",medium,3,19250.0,stable,0,1
bachelors,engineering,"vacancy,photography,girnar,ropeway,gujarat",india,"career,growth",medium,1,13000.0,stable,0,0
bachelors,engineering,"management,financial,planning,investment,job,location,vadodara,gujarat",india,"career,growth",medium,1,18500.0,stable,0,0
bachelors,engineering,"life,insurance,advisor",india,"career,growth",medium,3,37500.0,stable,1,0
bachelors,engineering,"research,entry,level,job,freshers",india,"career,growth",medium,1,8500.0,stable,0,0
bachelors,engineering,mca,india,"career,growth",medium,1,19250.0,stable,0,0
bachelors,engineering,"fresh,graduates",india,"career,growth",medium,3,19250.0,stable,0,0
bachelors,engineering,"graphic,designer",india,"career,growth",medium,1,19250.0,stable,0,0
bachelors,human resources,"technical,graduate,apprentice,india,uhr",india,"career,growth",medium,3,19250.0,stable,0,1
bachelors,engineering,"education,consultant",india,"career,growth",medium,3,18500.0,stable,0,0
bachelors,engineering,"warehouse,incharge",india,"career,growth",medium,3,24000.0,stable,1,0
bachelors,engineering,research,india,"career,growth",medium,1,19250.0,stable,0,0
bachelors,engineering,"accessories,incharge",india,"career,growth",medium,3,16000.0,stable,0,1
bachelors,engineering,"brand,collaborator",global,"career,growth",medium,3,17500.0,stable,0,1
bachelors,engineering,"digital,freshers,bsc,bca,mca",india,"career,growth",medium,1,19250.0,stable,0,0
bachelors,engineering,"general,basic,workers",india,"career,growth",medium,3,19250.0,stable,0,1
bachelors,engineering,"medical,scribe",india,"career,growth",medium,3,11000.0,stable,0,0
bachelors,engineering,data,global,"career,growth",medium,1,19250.0,increasing,0,1
bachelors,computer science,"atm,service,engineer",india,"career,growth",medium,3,21000.0,increasing,1,0
bachelors,engineering,"organic,chemist,2024",india,"career,growth",medium,1,19250.0,stable,0,0
bachelors,engineering,"factory,incharge",india,"career,growth",medium,3,52500.0,stable,1,1
bachelors,data science,"machine,learning",global,"career,growth",medium,3,24000.0,stable,1,1
bachelors,engineering,"graduate,pickling",india,"career,growth",medium,1,19250.0,stable,0,1
bachelors,engineering,"off,campus,hiring,batch,2023",india,"career,growth",medium,1,400000.0,stable,1,1
bachelors,engineering,associate,india,"career,growth",medium,1,19250.0,stable,0,1
bachelors,computer science,"software,programmer",global,"career,growth",medium,1,19250.0,increasing,0,1
bachelors,engineering,"helper,male,only",india,"career,growth",medium,3,10000.0,stable,0,1
bachelors,engineering,"graphic,designer",india,"career,growth",medium,3,19250.0,stable,0,0
bachelors,engineering,technical,india,"career,growth",medium,3,35000.0,stable,1,1
bachelors,engineering,"teaching,non",india,"career,growth",medium,3,19250.0,stable,0,1
bachelors,engineering,"database,administrators",india,"career,growth",medium,3,19250.0,increasing,0,1
bachelors,engineering,associate,global,"career,growth",medium,1,19250.0,stable,0,0
bachelors,engineering,dmo,india,"career,growth",medium,3,45000.0,stable,1,0
bachelors,engineering,"web,designers",india,"career,growth",medium,3,19250.0,stable,0,1
bachelors,engineering,"final,group,pursuing",global,"career,growth",medium,1,19250.0,stable,0,0
bachelors,engineering,"personal,secretary",global,"career,growth",medium,3,77500.0,stable,1,0
bachelors,engineering,anchor,india,"career,growth",medium,3,20000.0,stable,1,0
bachelors,human resources,"human,resource",india,"career,growth",medium,3,19250.0,stable,0,0
bachelors,computer science,"software,trainer",india,"career,growth",medium,3,19250.0,increasing,0,1
bachelors,engineering,modelling,india,"career,growth",medium,3,19250.0,stable,0,0
bachelors,engineering,"block,coordinator",india,"career,growth",medium,3,18500.0,stable,0,1
bachelors,engineering,"professor,associate",india,"career,growth",medium,3,19250.0,stable,0,0
bachelors,engineering,"computer,staff,female,kollam",india,"career,growth",medium,3,9000.0,stable,0,0
bachelors,engineering,professor,india,"career,growth",medium,3,30000.0,stable,1,1
bachelors,engineering,"hubli,fresh,graduates,english,design",india,"career,growth",medium,3,18075.0,stable,0,0
bachelors,engineering,"sales,associate",global,"career,growth",medium,3,19500.0,stable,1,0
bachelors,engineering,"media,admin,teaching",india,"career,growth",medium,3,5500.0,stable,0,1
bachelors,computer science,"sound,engineer",india,"career,growth",medium,3,19250.0,increasing,0,0
bachelors,engineering,"computer,operator",india,"career,growth",medium,3,13500.0,stable,0,0
bachelors,engineering,"quality,assurance",india,"career,growth",medium,3,19250.0,stable,0,1
bachelors,engineering,"data,entry,operater",india,"career,growth",medium,3,20000.0,increasing,1,1
bachelors,engineering,"brand,collaborator",india,"career,growth",medium,3,17500.0,stable,0,1
bachelors,computer science,"opportunity,post,mechanical,engineer",india,"career,growth",medium,1,19250.0,increasing,0,0
bachelors,engineering,admin,india,"career,growth",medium,3,19250.0,stable,0,0
bachelors,computer science,"full,stack,developer",india,"career,growth",medium,1,11000.0,increasing,0,1
bachelors,computer science,"electronics,engineer",india,"career,growth",medium,1,19250.0,increasing,0,1
bachelors,engineering,supervisor,india,"career,growth",medium,3,18500.0,stable,0,1
bachelors,engineering,"store,keeper",india,"career,growth",medium,3,14750.0,stable,0,0
bachelors,engineering,"field,information",india,"career,growth",medium,3,22500.0,stable,1,1
bachelors,engineering,"female,office,staff",india,"career,growth",medium,3,19250.0,stable,0,0
bachelors,engineering,ipqa,global,"career,growth",medium,3,19250.0,stable,0,1
bachelors,business,business,india,"career,growth",medium,1,19250.0,stable,0,1
bachelors,engineering,admission,india,"career,growth",medium,1,450000.0,stable,1,1
bachelors,engineering,programmers,india,"career,growth",medium,1,19250.0,stable,0,0
bachelors,engineering,environmental,global,"career,growth",medium,1,19250.0,stable,0,1
bachelors,engineering,"receptionist,urgent",india,"career,growth",medium,3,19250.0,stable,0,0
bachelors,engineering,"game,tester",india,"career,growth",medium,3,18000.0,stable,0,0
bachelors,engineering,sales,india,"career,growth",medium,1,19250.0,stable,0,0
bachelors,engineering,associate,india,"career,growth",medium,3,18000.0,stable,0,0
bachelors,engineering,"cad,designer",india,"career,growth",medium,3,19250.0,stable,0,1
bachelors,engineering,"behavioural,trainer",india,"career,growth",medium,1,19000.0,stable,0,0
bachelors,engineering,caller,india,"career,growth",medium,1,19250.0,stable,0,1
bachelors,engineering,"pizzahut,team,member",india,"career,growth",medium,3,18150.0,stable,0,1
bachelors,engineering,"document,scanning",india,"career,growth",medium,3,19250.0,stable,0,1
bachelors,engineering,"proofreading,quality,control,copy,editing,freshers,also,welcome",india,"career,growth",medium,1,234595.925,stable,1,1
bachelors,engineering,"pharma,freshers",india,"career,growth",medium,1,300000.0,stable,1,0
bachelors,human resources,"human,resource",global,"career,growth",medium,3,550000.0,stable,1,1
bachelors,engineering,"project,billing",india,"career,growth",medium,3,21500.0,stable,1,0
bachelors,engineering,"data,entry",india,"career,growth",medium,3,3000.0,increasing,0,0
bachelors,engineering,"management,financial,planning,investments,job,location,vadodara,only",india,"career,growth",medium,1,31500.0,stable,1,0
bachelors,engineering,accounting,india,"career,growth",medium,1,19250.0,stable,0,0
bachelors,engineering,"documentation,freshers",india,"career,growth",medium,1,19250.0,stable,0,1
bachelors,engineering,bouncer,india,"career,growth",medium,3,30000.0,stable,1,0
bachelors,business,"international,business,development",india,"career,growth",medium,3,19250.0,stable,0,1
bachelors,engineering,"medical,representative,vacancy",india,"career,growth",medium,3,17500.0,stable,0,1
bachelors,engineering,"programme,coordinator",india,"career,growth",medium,3,19250.0,stable,0,1
bachelors,engineering,"delivery,boy",india,"career,growth",medium,3,20000.0,stable,1,1
bachelors,computer science,"graduate,engineer,get",india,"career,growth",medium,1,19250.0,increasing,0,1
bachelors,engineering,"modeling,artist",india,"career,growth",medium,3,20000.0,stable,1,0
bachelors,engineering,"virtual,scribe",india,"career,growth",medium,1,32500.0,stable,1,1
bachelors,human resources,"internship,non,paid",india,"career,growth",medium,3,19250.0,stable,0,0
bachelors,engineering,general,india,"career,growth",medium,3,19250.0,stable,0,0
bachelors,engineering,"client,care",india,"career,growth",medium,1,19250.0,stable,0,1
bachelors,engineering,"database,administrator",india,"career,growth",medium,3,45431.53,increasing,1,0
bachelors,engineering,"roto,artist",india,"career,growth",medium,3,19250.0,stable,0,1
bachelors,engineering,"medical,coding",india,"career,growth",medium,1,19250.0,stable,0,1
bachelors,human resources,recruitment,india,"career,growth",medium,3,22500.0,stable,1,1
masters,business,"assisstant,resource,manager_construction,projects",india,"career,growth",medium,3,19250.0,stable,0,1
bachelors,engineering,"data,entry,operator,deo",india,"career,growth",medium,3,16212.72,increasing,0,0
bachelors,engineering,"hiring,graduates",india,"career,growth",medium,3,11100.0,stable,0,1
bachelors,engineering,"social,media,influencer",india,"career,growth",medium,3,11667.245,stable,0,0
bachelors,engineering,counsellor,india,"career,growth",medium,3,19250.0,stable,0,0
bachelors,engineering,"job,drive,trivandrum",india,"career,growth",medium,3,25000.0,stable,1,0
bachelors,engineering,store,india,"career,growth",medium,3,15000.0,stable,0,1
bachelors,computer science,"engineer,civil",india,"career,growth",medium,1,19250.0,increasing,0,0
bachelors,engineering,regulatory,india,"career,growth",medium,3,19250.0,stable,0,1
bachelors,engineering,"billing,clerk",india,"career,growth",medium,3,10000.0,stable,0,1
bachelors,engineering,"brand,promoter",india,"career,growth",medium,3,12500.0,stable,0,1
bachelors,engineering,"vacancy,graduate,8o13927285",india,"career,growth",medium,1,17500.0,stable,0,0
bachelors,engineering,"data,entry,work,office,female",india,"career,growth",medium,1,12500.0,increasing,0,0
bachelors,engineering,"customer,success,associate",india,"career,growth",medium,3,15000.0,stable,0,0
bachelors,engineering,video,india,"career,growth",medium,1,19250.0,stable,0,1
bachelors,human resources,team,india,"career,growth",medium,3,19250.0,stable,0,0
bachelors,engineering,quality,global,"career,growth",medium,1,21500.0,stable,1,0
bachelors,engineering,facilitator,india,"career,growth",medium,3,19250.0,stable,0,1
bachelors,engineering,healthcare,india,"career,growth",medium,3,19250.0,stable,0,1
bachelors,computer science,"application,developer",india,"career,growth",medium,3,19250.0,increasing,0,0
bachelors,engineering,"technical,analysts",india,"career,growth",medium,1,19250.0,stable,0,0
bachelors,engineering,"freshers,traineesregister",global,"career,growth",medium,1,19250.0,stable,0,1
bachelors,engineering,"data,entry,operator,deo",india,"career,growth",medium,1,16100.0,increasing,0,1
bachelors,engineering,"adonis,manufacturing,pvt,ltd,freshers,hiring,permanent",india,"career,growth",medium,1,17500.0,stable,0,0
bachelors,engineering,sales,global,"career,growth",medium,3,19250.0,stable,0,1
bachelors,engineering,"internal,stock,audit",india,"career,growth",medium,3,19250.0,stable,0,0
bachelors,engineering,mechanical,india,"career,growth",medium,1,19250.0,stable,0,0
bachelors,engineering,"regional,language,content,writer,site,job",global,"career,growth",medium,3,21500.0,stable,1,0
bachelors,engineering,"hiring,mba,freshers",india,"career,growth",medium,1,11500.0,stable,0,0
masters,business,"tumble,dry",india,"career,growth",medium,3,16500.0,stable,0,0
bachelors,engineering,"cloud,support",india,"career,growth",medium,1,19250.0,stable,0,0
bachelors,engineering,"public,relations,coordinator",india,"career,growth",medium,3,35000.0,stable,1,1
bachelors,engineering,digital,india,"career,growth",medium,1,19250.0,stable,0,0
bachelors,engineering,"hindi,tele,sale,voice,process,jayanagar,bangalore,only",india,"career,growth",medium,1,21500.0,stable,1,1
bachelors,engineering,"course,councillor",india,"career,growth",medium,1,19250.0,stable,0,0
bachelors,computer science,"fire,engineer",india,"career,growth",medium,1,50000.0,increasing,1,0
bachelors,engineering,"management,talent,acquisition",india,"career,growth",medium,1,19250.0,stable,0,1
bachelors,engineering,"hiring,freshers,rcm",india,"career,growth",medium,1,14915.58,stable,0,1
bachelors,engineering,"data,research",india,"career,growth",medium,1,19250.0,increasing,0,1
bachelors,engineering,"multimedia,educator",india,"career,growth",medium,1,250000.0,stable,1,1
bachelors,business,"sro,abm,business,operations",india,"career,growth",medium,3,19250.0,stable,0,0
bachelors,engineering,"state,bank,india",india,"career,growth",medium,3,15500.0,stable,0,1
masters,business,managers,india,"career,growth",medium,3,42500.0,stable,1,1
bachelors,engineering,graduates,india,"career,growth",medium,1,19250.0,stable,0,0
bachelors,engineering,"contract,data",india,"career,growth",medium,3,19250.0,increasing,0,0
bachelors,computer science,engineers,india,"career,growth",medium,1,19250.0,increasing,0,1
bachelors,engineering,"research,associate,freshers",india,"career,growth",medium,1,19250.0,stable,0,1
bachelors,engineering,"early,career",india,"career,growth",medium,1,19250.0,stable,0,1
bachelors,business,"data,processor,business,analytics",india,"career,growth",medium,3,30000.0,increasing,1,0
bachelors,engineering,"territory,sales,pathanamthitta",india,"career,growth",medium,3,350000.0,stable,1,0
bachelors,engineering,cashiers,india,"career,growth",medium,3,19250.0,stable,0,1
bachelors,engineering,"voice,process",india,"career,growth",medium,3,19250.0,stable,0,0
bachelors,engineering,content,india,"career,growth",medium,1,19250.0,stable,0,0
bachelors,engineering,bcom,india,"career,growth",medium,1,17500.0,stable,0,0
bachelors,engineering,"management,marketing,only,male,candidates",india,"career,growth",medium,1,12500.0,stable,0,0
bachelors,engineering,"hiring,bde,role",india,"career,growth",medium,1,375000.0,stable,1,0
bachelors,engineering,"consultant,campus,2023",global,"career,growth",medium,1,19250.0,stable,0,1
bachelors,engineering,office,india,"career,growth",medium,3,12500.0,stable,0,0
bachelors,engineering,"management,associate,packing",india,"career,growth",medium,1,19250.0,stable,0,1
bachelors,engineering,delivery,india,"career,growth",medium,3,18750.0,stable,0,1
bachelors,computer science,"graduate,engineer,get,aeronautical,aerospace",india,"career,growth",medium,1,19250.0,increasing,0,0
bachelors,engineering,"state,bank,india,bre,cards",india,"career,growth",medium,3,17000.0,stable,0,1
masters,business,community,global,"career,growth",medium,3,22500.0,stable,1,1
bachelors,computer science,"cyber,security,engineer",india,"career,growth",medium,3,19250.0,increasing,0,0
bachelors,engineering,"production,coordinator",india,"career,growth",medium,3,19250.0,stable,0,1
bachelors,computer science,"system,engineer",india,"career,growth",medium,1,19250.0,increasing,0,1
bachelors,engineering,"operations,services",india,"career,growth",medium,1,215000.0,stable,1,1
bachelors,engineering,"research,associate",global,"career,growth",medium,1,19250.0,stable,0,1
bachelors,computer science,"test,engineer",india,"career,growth",medium,1,19250.0,increasing,0,1
bachelors,computer science,"software,developers,net",india,"career,growth",medium,1,19250.0,increasing,0,0
bachelors,business,"business,development,bde",india,"career,growth",medium,3,19250.0,stable,0,1
bachelors,engineering,"medical,representatve,opd,camps,bengaluru",india,"career,growth",medium,3,21000.0,stable,1,1
bachelors,engineering,"packing,staff",india,"career,growth",medium,3,19250.0,stable,0,0
bachelors,engineering,accountant,india,"career,growth",medium,1,15000.0,stable,0,0
masters,engineering,"category,mobile",india,"career,growth",medium,3,22500.0,stable,1,1
bachelors,engineering,"hindi,speaking,receptionist",india,"career,growth",medium,3,15000.0,stable,0,1
bachelors,engineering,"testing,calibration,engg",india,"career,growth",medium,3,19250.0,stable,0,1
bachelors,engineering,"technical,trainer",india,"career,growth",medium,3,80000.0,stable,1,1
bachelors,engineering,execuitve,india,"career,growth",medium,3,19250.0,stable,0,1
bachelors,engineering,"bank,follow,sme",india,"career,growth",medium,3,19250.0,stable,0,0
bachelors,engineering,"medical,writer",india,"career,growth",medium,1,19250.0,stable,0,0
bachelors,engineering,production,india,"career,growth",medium,3,19250.0,stable,0,1
bachelors,computer science,"graduate,engineer",india,"career,growth",medium,1,19250.0,increasing,0,0
bachelors,engineering,"accountant,tally",india,"career,growth",medium,3,22500.0,stable,1,1
bachelors,engineering,"answerclub,knowledge,contributor",india,"career,growth",medium,3,3100.0,stable,0,0
bachelors,engineering,"field,collection",india,"career,growth",medium,3,21000.0,stable,1,0
bachelors,engineering,operational,india,"career,growth",medium,3,19250.0,stable,0,1
bachelors,engineering,"graphic,designer,video,editor",india,"career,growth",medium,3,7500.0,stable,0,0
bachelors,computer science,"calibration,engineer",india,"career,growth",medium,1,19250.0,increasing,0,1
bachelors,engineering,"technical,support",india,"career,growth",medium,3,19250.0,stable,0,1
bachelors,engineering,"office,asistant",india,"career,growth",medium,3,19250.0,stable,0,1
bachelors,engineering,security,india,"career,growth",medium,3,19250.0,stable,0,0
bachelors,engineering,collection,india,"career,growth",medium,3,21750.0,stable,1,0
bachelors,engineering,"development,organiser,forestry",india,"career,growth",medium,3,19250.0,stable,0,1
masters,business,"front,office",india,"career,growth",medium,3,15000.0,stable,0,0
bachelors,engineering,"data,digitization",india,"career,growth",medium,3,19250.0,increasing,0,1
bachelors,engineering,process,india,"career,growth",medium,1,19250.0,stable,0,0
bachelors,engineering,recruitment,india,"career,growth",medium,1,19250.0,stable,0,0
bachelors,engineering,"freshers,walk,autocad",india,"career,growth",medium,1,17500.0,stable,0,1
bachelors,business,"business,development",india,"career,growth",medium,1,19250.0,stable,0,0
bachelors,human resources,"human,resources,internship",india,"career,growth",medium,1,19250.0,stable,0,1
bachelors,computer science,"engineer,support,operations",india,"career,growth",medium,1,19250.0,increasing,0,1
bachelors,engineering,system,india,"career,growth",medium,3,10000.0,stable,0,1
bachelors,engineering,"management,recruitment",global,"career,growth",medium,1,19250.0,stable,0,1
bachelors,engineering,"project,coordinator",india,"career,growth",medium,3,19250.0,stable,0,0
bachelors,computer science,"internship,job,program,developer",india,"career,growth",medium,3,15000.0,increasing,0,1
bachelors,engineering,"cyber,security,trainer",india,"career,growth",medium,3,600000.0,stable,1,1
bachelors,engineering,"site,supervisor",india,"career,growth",medium,3,12500.0,stable,0,0
bachelors,engineering,"associate,supply,chain,team",india,"career,growth",medium,3,260000.0,stable,1,0
bachelors,engineering,accountant,india,"career,growth",medium,3,19250.0,stable,0,1
bachelors,engineering,"associate,professors",india,"career,growth",medium,3,65000.0,stable,1,0
bachelors,engineering,"branch,accountant",india,"career,growth",medium,3,15000.0,stable,0,1
bachelors,business,business,global,"career,growth",medium,1,19250.0,stable,0,0
bachelors,engineering,field,global,"career,growth",medium,3,19250.0,stable,0,1
bachelors,engineering,"jewellery,sales",india,"career,growth",medium,3,19250.0,stable,0,0
masters,business,"hotel,operations",india,"career,growth",medium,3,17500.0,stable,0,1
bachelors,engineering,"diploma,holders",india,"career,growth",medium,3,19250.0,stable,0,0
bachelors,engineering,"development,quality,assurance",india,"career,growth",medium,3,19250.0,stable,0,0
bachelors,engineering,"wanted,freshers,office,work",india,"career,growth",medium,1,15000.0,stable,0,1
bachelors,engineering,"electrical,technician",india,"career,growth",medium,3,20000.0,stable,1,0
masters,business,"asst,purchase",india,"career,growth",medium,3,20000.0,stable,1,1
bachelors,engineering,"administration,office,admin",india,"career,growth",medium,3,19250.0,stable,0,0
bachelors,engineering,stevedore,india,"career,growth",medium,3,12500.0,stable,0,0
phd,engineering,"latex,research,documents,editor",india,"career,growth",medium,3,17500.0,stable,0,1
bachelors,engineering,office,india,"career,growth",medium,1,19500.0,stable,1,0
bachelors,engineering,knitting,india,"career,growth",medium,3,35000.0,stable,1,1
bachelors,engineering,"tele,caller,english,wfh",india,"career,growth",medium,3,18862.7,stable,0,0
bachelors,engineering,"process,associate,voice",india,"career,growth",medium,3,19250.0,stable,0,1
bachelors,engineering,"poster,designer",india,"career,growth",medium,3,180.0,stable,0,0
bachelors,engineering,"manual,tester",india,"career,growth",medium,3,25000.0,stable,1,0
bachelors,engineering,operator,india,"career,growth",medium,1,11000.0,stable,0,1
bachelors,engineering,"dog,walker",india,"career,growth",medium,3,14500.0,stable,0,0
bachelors,engineering,"wedding,album,designers,trivandrum",india,"career,growth",medium,3,15000.0,stable,0,1
masters,business,"jio,point,uluthurpet,madapattu,kandachipuram,vikravandi,valavanur,villupuram",india,"career,growth",medium,3,22000.0,stable,1,0
bachelors,engineering,"academic,consultant",india,"career,growth",medium,3,16000.0,stable,0,0
bachelors,engineering,"front,office,staff",global,"career,growth",medium,3,19250.0,stable,0,1
bachelors,engineering,"programming,assistants",india,"career,growth",medium,3,19250.0,stable,0,0
bachelors,engineering,"delivery,partner",global,"career,growth",medium,3,26500.0,stable,1,0
bachelors,engineering,investigation,india,"career,growth",medium,1,19250.0,stable,0,0
bachelors,engineering,"document,verification",india,"career,growth",medium,1,14500.0,stable,0,0
bachelors,engineering,"fresh,graduate",global,"career,growth",medium,3,20000.0,stable,1,1
bachelors,engineering,"pizza,hut,team,member",india,"career,growth",medium,3,19250.0,stable,0,1
bachelors,engineering,"graphic,designer,amazon,products,lifestyle,infographics",india,"career,growth",medium,3,17500.0,stable,0,0
bachelors,engineering,"dues,coordinator",india,"career,growth",medium,3,12500.0,stable,0,0
bachelors,engineering,"medical,scribe",india,"career,growth",medium,1,35000.0,stable,1,0
bachelors,engineering,"hardware,female,candidates,only",india,"career,growth",medium,1,19250.0,stable,0,1
bachelors,human resources,"human,resource",india,"career,growth",medium,1,19250.0,stable,0,0
bachelors,engineering,"checker,surveyor",india,"career,growth",medium,3,19250.0,stable,0,0
bachelors,engineering,cinematography,india,"career,growth",medium,3,939847.175,stable,1,1
bachelors,engineering,programmers,india,"career,growth",medium,3,20000.0,stable,1,0
bachelors,engineering,financial,india,"career,growth",medium,3,19250.0,stable,0,1
bachelors,engineering,"sales,supervisor",india,"career,growth",medium,3,19500.0,stable,1,0
bachelors,engineering,general,global,"career,growth",medium,3,19250.0,stable,0,1
bachelors,engineering,administrator,india,"career,growth",medium,1,19250.0,stable,0,0
bachelors,engineering,"soil,rock,testing",global,"career,growth",medium,3,19250.0,stable,0,1
bachelors,engineering,"office,associate",india,"career,growth",medium,3,14500.0,stable,0,1
bachelors,engineering,"customer,care,preferred,hindi,speaking",india,"career,growth",medium,3,19250.0,stable,0,0
bachelors,engineering,"chartered,accountant,semi,qualified,icwa,cma",india,"career,growth",medium,3,600000.0,stable,1,1
bachelors,engineering,"network,hardware",india,"career,growth",medium,1,350000.0,stable,1,1
bachelors,engineering,"call,coordinator",india,"career,growth",medium,3,300000.0,stable,1,1
bachelors,engineering,"worked,teacher",india,"career,growth",medium,3,22500.0,stable,1,1
bachelors,engineering,"wanted,delivery,boys,girls",india,"career,growth",medium,3,25000.0,stable,1,0
bachelors,engineering,"team,member,qsr",india,"career,growth",medium,3,14500.0,stable,0,0
bachelors,engineering,"receptionist,telecaller",india,"career,growth",medium,3,13500.0,stable,0,1
bachelors,engineering,"department,supervisor",india,"career,growth",medium,3,21500.0,stable,1,0
masters,engineering,"team,leader,operations",india,"career,growth",medium,3,675212.825,stable,1,1
bachelors,engineering,"mud,logger",india,"career,growth",medium,1,19250.0,stable,0,1
masters,business,"corporate,relationship",india,"career,growth",medium,3,35000.0,stable,1,1
bachelors,engineering,"female,visa,filing",india,"career,growth",medium,3,19250.0,stable,0,0
bachelors,computer science,"web,developers",india,"career,growth",medium,3,19250.0,increasing,0,1
bachelors,engineering,receptionist,global,"career,growth",medium,3,185000.0,stable,1,0
bachelors,engineering,telecalling,india,"career,growth",medium,3,19250.0,stable,0,0
masters,business,commerce,india,"career,growth",medium,3,24142.185,stable,1,1
bachelors,engineering,"residential,tutor",india,"career,growth",medium,3,20719.98,stable,1,1
bachelors,engineering,"team,member",india,"career,growth",medium,3,14947.45,stable,0,0
masters,engineering,"cre,agency,leader",india,"career,growth",medium,3,19250.0,stable,0,0
bachelors,engineering,"service,advisor",india,"career,growth",medium,3,17500.0,stable,0,1
bachelors,engineering,"data,validation,associate,night,shift",india,"career,growth",medium,3,12500.0,increasing,0,0
bachelors,engineering,"content,writer",india,"career,growth",medium,3,19250.0,stable,0,0
bachelors,engineering,"education,counsellor",india,"career,growth",medium,3,30000.0,stable,1,0
bachelors,engineering,supervisor,global,"career,growth",medium,3,17500.0,stable,0,1
bachelors,engineering,logistics,india,"career,growth",medium,1,13000.0,stable,0,0
bachelors,engineering,"digital,marketing,internship",india,"career,growth",medium,3,19250.0,stable,0,1
bachelors,engineering,"data,entry,operator,production",india,"career,growth",medium,3,17500.0,increasing,0,0
bachelors,engineering,"data,processing",global,"career,growth",medium,3,19250.0,increasing,0,1
bachelors,engineering,"computer,vision,deep,learning",india,"career,growth",medium,3,90000.0,stable,1,0
bachelors,engineering,"billing,associate",india,"career,growth",medium,3,19250.0,stable,0,0
bachelors,engineering,"brand,face",india,"career,growth",medium,3,20000.0,stable,1,0
bachelors,engineering,"content,writing",india,"career,growth",medium,3,19250.0,stable,0,1
bachelors,engineering,"passenger,services,supervisor",india,"career,growth",medium,3,25923.765,stable,1,0
bachelors,business,"2023,business",india,"career,growth",medium,1,19250.0,stable,0,1
bachelors,engineering,physiotherapist,india,"career,growth",medium,3,26419.17,stable,1,0
bachelors,engineering,"online,mathematics,teacher",india,"career,growth",medium,3,19250.0,stable,0,1
bachelors,engineering,"freelance,content,writer",india,"career,growth",medium,3,19250.0,stable,0,0
bachelors,engineering,auditor,india,"career,growth",medium,1,18250.0,stable,0,1
bachelors,engineering,"international,non,voice,process",india,"career,growth",medium,3,19250.0,stable,0,1
bachelors,engineering,probationary,india,"career,growth",medium,3,19250.0,stable,0,1
bachelors,engineering,"bell,boy,girl",india,"career,growth",medium,3,19250.0,stable,0,1
bachelors,engineering,"game,designer",india,"career,growth",medium,3,19250.0,stable,0,1
bachelors,business,"business,experienced,freshers,also",india,"career,growth",medium,1,19250.0,stable,0,0
bachelors,engineering,"exam,invigilator",global,"career,growth",medium,3,14000.0,stable,0,0
bachelors,engineering,"digital,marketing,executives,freshers",india,"career,growth",medium,1,19250.0,stable,0,0
bachelors,engineering,warehouse,india,"career,growth",medium,3,16000.0,stable,0,1
bachelors,engineering,"private,tutor",india,"career,growth",medium,3,30000.0,stable,1,1
bachelors,engineering,"customer,care,hindi,must",india,"career,growth",medium,3,19250.0,stable,0,1
bachelors,engineering,"fashion,designer",india,"career,growth",medium,3,19250.0,stable,0,0
bachelors,engineering,"warehouse,associate",india,"career,growth",medium,3,14393.5,stable,0,0
bachelors,engineering,"accademic,counsellor",india,"career,growth",medium,3,16000.0,stable,0,0
bachelors,engineering,"medical,coder",india,"career,growth",medium,1,20000.0,stable,1,1
bachelors,engineering,"fresh,graduate",india,"career,growth",medium,3,19250.0,stable,0,0
bachelors,engineering,"customer,service",global,"career,growth",medium,3,11000.0,stable,0,1
bachelors,engineering,"delivery,drivers,executives,boys,freshers",india,"career,growth",medium,1,19250.0,stable,0,1
bachelors,engineering,"data,entry,delhi,only",india,"career,growth",medium,3,19250.0,increasing,0,0
bachelors,engineering,architect,india,"career,growth",medium,1,41506.105,stable,1,1
bachelors,engineering,"graphic,designer,vesu,surat",india,"career,growth",medium,3,212500.0,stable,1,0
bachelors,engineering,"required,operations",global,"career,growth",medium,1,17500.0,stable,0,1
bachelors,engineering,"high,school,teacher",global,"career,growth",medium,3,19250.0,stable,0,0
bachelors,engineering,"digital,marketer",india,"career,growth",medium,1,6000.0,stable,0,1
bachelors,engineering,wardens,india,"career,growth",medium,3,19250.0,stable,0,0
bachelors,engineering,"sand,plant,operator,also,can,apply,location,howrah",india,"career,growth",medium,1,16000.0,stable,0,1
bachelors,engineering,"recruiter,years",india,"career,growth",medium,3,19250.0,stable,0,0
bachelors,engineering,"dsmh,hiring",india,"career,growth",medium,3,256872.0,stable,1,0
bachelors,engineering,"option,trader",india,"career,growth",medium,3,19250.0,stable,0,1
bachelors,engineering,ipqa,global,"career,growth",medium,1,150000.0,stable,1,1
bachelors,engineering,"apparel,garment",india,"career,growth",medium,3,15000.0,stable,0,0
bachelors,business,"business,associate",india,"career,growth",medium,3,19250.0,stable,0,1
bachelors,engineering,"medical,representative",india,"career,growth",medium,3,19250.0,stable,0,0
bachelors,engineering,"content,strategist,writer",india,"career,growth",medium,3,19250.0,stable,0,0
masters,business,activation,india,"career,growth",medium,3,19250.0,stable,0,1
bachelors,engineering,"non,voice,chat,process",india,"career,growth",medium,3,17000.0,stable,0,0
bachelors,computer science,"general,engineer",india,"career,growth",medium,1,18500.0,increasing,0,0
bachelors,engineering,"physiotherapy,germany",global,"career,growth",medium,3,225000.0,stable,1,0
bachelors,computer science,"front,end,developer",india,"career,growth",medium,1,19250.0,increasing,0,1
bachelors,engineering,facilitator,global,"career,growth",medium,3,19250.0,stable,0,1
bachelors,engineering,"freshers,telecallers",global,"career,growth",medium,1,19250.0,stable,0,1
bachelors,engineering,psm,india,"career,growth",medium,3,19250.0,stable,0,1
bachelors,engineering,store,india,"career,growth",medium,1,19250.0,stable,0,1
bachelors,computer science,"website,designer,developer",india,"career,growth",medium,3,360000.0,increasing,1,0
bachelors,engineering,"store,charge",global,"career,growth",medium,3,19250.0,stable,0,0
bachelors,engineering,"puc,graduates",india,"career,growth",medium,1,19250.0,stable,0,1
bachelors,engineering,php,india,"career,growth",medium,1,19250.0,stable,0,0
bachelors,engineering,operations,india,"career,growth",medium,3,24000.0,stable,1,1
bachelors,computer science,"software,development",india,"career,growth",medium,1,19250.0,increasing,0,1
bachelors,engineering,quality,india,"career,growth",medium,1,26000.0,stable,1,0
bachelors,computer science,"computer,hardware,networking,engineer",india,"career,growth",medium,3,5750.0,increasing,0,0
bachelors,engineering,"technical,marketing",india,"career,growth",medium,3,450000.0,stable,1,1
bachelors,engineering,"industrial,coffee",india,"career,growth",medium,1,19250.0,stable,0,0
bachelors,engineering,"data,entry,tiruppur",india,"career,growth",medium,1,12000.0,increasing,0,0
bachelors,engineering,staff,global,"career,growth",medium,1,162500.0,stable,1,0
bachelors,engineering,"video,editor,coimbatore",india,"career,growth",medium,3,14000.0,stable,0,1
bachelors,engineering,"unit,coordinator",india,"career,growth",medium,3,19250.0,stable,0,0
bachelors,computer science,"web,developer,trainees,freshers",india,"career,growth",medium,1,19250.0,increasing,0,0
bachelors,engineering,"looking,course,counsellors,tele,callers,commission,basis",india,"career,growth",medium,3,50000.0,stable,1,1
bachelors,engineering,"opening,delivery,partner",india,"career,growth",medium,3,19250.0,stable,0,1
bachelors,computer science,"service,engineer",india,"career,growth",medium,1,19250.0,increasing,0,0
bachelors,engineering,"accounting,faculty",india,"career,growth",medium,3,11500.0,stable,0,1
bachelors,engineering,"production,ordinator",india,"career,growth",medium,3,16500.0,stable,0,0
bachelors,engineering,"female,allocation",india,"career,growth",medium,3,21500.0,stable,1,0
bachelors,engineering,"electrical,assembler",india,"career,growth",medium,3,20000.0,stable,1,1
bachelors,engineering,architect,india,"career,growth",medium,3,26500.0,stable,1,0
bachelors,engineering,sales,india,"career,growth",medium,3,20000.0,stable,1,0
bachelors,engineering,project,india,"career,growth",medium,3,13968.52,stable,0,1
bachelors,engineering,"content,writer,remote",india,"career,growth",medium,3,250000.0,stable,1,0
bachelors,engineering,"customer,relationship,b2b",india,"career,growth",medium,3,17000.0,stable,0,0
bachelors,engineering,"air,conditioning,technician",india,"career,growth",medium,3,19250.0,stable,0,0
bachelors,engineering,"graduate,any,field",india,"career,growth",medium,1,235000.0,stable,1,0
bachelors,engineering,purchase,india,"career,growth",medium,3,13000.0,stable,0,0
bachelors,engineering,"badminton,coach",india,"career,growth",medium,3,19250.0,stable,0,1
bachelors,engineering,"autocad,draftsman",india,"career,growth",medium,3,15000.0,stable,0,1
bachelors,engineering,"staff,nurse,anm,gnm",india,"career,growth",medium,3,12500.0,stable,0,0
bachelors,engineering,"wanted,civil,candidates,cad,knowledge",india,"career,growth",medium,3,17000.0,stable,0,0
bachelors,engineering,"spot,offer,customer,support",india,"career,growth",medium,3,14000.0,stable,0,0
masters,business,"associate,sales",india,"career,growth",medium,3,19250.0,stable,0,0
bachelors,engineering,"assembly,line,operator",india,"career,growth",medium,3,14000.0,stable,0,1
bachelors,engineering,"field,marketing",india,"career,growth",medium,3,18808.07,stable,0,1
bachelors,engineering,"receptionist,female",india,"career,growth",medium,3,11000.0,stable,0,0
bachelors,engineering,doctor,india,"career,growth",medium,3,22500.0,stable,1,0
bachelors,engineering,"staff,nurse,female",india,"career,growth",medium,3,17500.0,stable,0,1
bachelors,engineering,"customer,service,representative",india,"career,growth",medium,3,12500.0,stable,0,1
bachelors,engineering,"staff,nurse",india,"career,growth",medium,3,19250.0,stable,0,1
bachelors,engineering,"female,customer,care,surat",india,"career,growth",medium,3,13000.0,stable,0,0
bachelors,engineering,"sales,representative",global,"career,growth",medium,3,12500.0,stable,0,1
bachelors,engineering,"travel,consultant,female,only",india,"career,growth",medium,3,20000.0,stable,1,1
masters,engineering,generation,india,"career,growth",medium,3,280000.0,stable,1,1
bachelors,engineering,"assembly,technician,cum,winding",india,"career,growth",medium,3,13500.0,stable,0,1
bachelors,engineering,"urgent,requirements,chemistry,teacher,neet,jee,main,level",india,"career,growth",medium,3,480000.0,stable,1,1
bachelors,engineering,telecaller,india,"career,growth",medium,3,11500.0,stable,0,1
bachelors,engineering,"bussiness,development",india,"career,growth",medium,3,11500.0,stable,0,0
bachelors,engineering,"inbound,banking,hindi,voice,process",india,"career,growth",medium,3,15000.0,stable,0,0
bachelors,engineering,"consultant,doctor",india,"career,growth",medium,3,22500.0,stable,1,1
bachelors,engineering,"architectural,draftsperson",india,"career,growth",medium,3,16500.0,stable,0,1
bachelors,engineering,"sales,customer,service",india,"career,growth",medium,3,20000.0,stable,1,1
bachelors,engineering,"fashion,designer,female,consultant,retail,store",india,"career,growth",medium,3,19250.0,stable,0,0
bachelors,engineering,"aesthetic,surgeon",india,"career,growth",medium,3,47500.0,stable,1,1
bachelors,computer science,"diploma,mechanical,engineer,design",india,"career,growth",medium,1,14000.0,increasing,0,1
bachelors,engineering,"admission,counselor,telecaler",india,"career,growth",medium,3,19250.0,stable,0,1
bachelors,engineering,"sales,staff",india,"career,growth",medium,3,15500.0,stable,0,1
bachelors,engineering,"study,abroad,admission,process,associate",india,"career,growth",medium,3,11500.0,stable,0,0
bachelors,engineering,"production,supervisor",india,"career,growth",medium,3,19250.0,stable,0,1
bachelors,computer science,"software,sales",india,"career,growth",medium,3,21113.295,increasing,1,0
bachelors,engineering,"tele,caller",india,"career,growth",medium,3,10250.0,stable,0,1
bachelors,engineering,"need,study,tourist,visa,councellor",india,"career,growth",medium,3,19250.0,stable,0,0
bachelors,engineering,"tele,calling",india,"career,growth",medium,3,17500.0,stable,0,0
bachelors,engineering,"territory,sales",india,"career,growth",medium,3,18000.0,stable,0,1
bachelors,engineering,"draughtsman,mechanical",india,"career,growth",medium,3,14000.0,stable,0,1
bachelors,engineering,"restaurant,staff",india,"career,growth",medium,3,27500.0,stable,1,1
bachelors,engineering,"aesthetic,surgeon",global,"career,growth",medium,3,47500.0,stable,1,0
bachelors,engineering,"interior,designer",india,"career,growth",medium,3,240000.0,stable,1,1
masters,business,"inside,sales,account,preferred,hyderabad",global,"career,growth",medium,3,250000.0,stable,1,1
bachelors,engineering,"community,associate,social,worker",india,"career,growth",medium,3,18500.0,stable,0,1
bachelors,engineering,"tele,marketing",india,"career,growth",medium,3,17500.0,stable,0,0
bachelors,engineering,"customer,relationship,rajkot,candidate,only",india,"career,growth",medium,3,17500.0,stable,0,1
bachelors,engineering,"staff,nurse,dermatology,nungambakkam,chennai",india,"career,growth",medium,3,22000.0,stable,1,1
bachelors,engineering,"landscape,architect",india,"career,growth",medium,3,19250.0,stable,0,0
bachelors,engineering,"stock,market,trader",india,"career,growth",medium,3,125000.0,stable,1,1
bachelors,engineering,"sales,mba,freshers",india,"career,growth",medium,1,17500.0,stable,0,0
masters,business,"sales,real,estate",india,"career,growth",medium,3,25000.0,stable,1,0
bachelors,engineering,"sales,marketing,healthcare",india,"career,growth",medium,3,17500.0,stable,0,0
bachelors,engineering,hairdresser,india,"career,growth",medium,3,20000.0,stable,1,0
bachelors,engineering,"commis,chef",india,"career,growth",medium,3,16559.25,stable,0,0
bachelors,engineering,"inside,sales",india,"career,growth",medium,3,20000.0,stable,1,0
bachelors,computer science,"site,engineer",india,"career,growth",medium,3,19250.0,increasing,0,1
bachelors,business,"sales,marketing",india,"career,growth",medium,3,19000.0,stable,0,0
bachelors,engineering,renewals,india,"career,growth",medium,3,11500.0,stable,0,1
bachelors,computer science,"electrical,engineer",india,"career,growth",medium,3,17500.0,increasing,0,0
bachelors,engineering,"field,sales,representative",india,"career,growth",medium,3,27500.0,stable,1,0
bachelors,engineering,"café,all,rounder,barista,tea,house,chef",india,"career,growth",medium,3,19250.0,stable,0,1
bachelors,engineering,"beauty,massage,therapist",india,"career,growth",medium,3,19250.0,stable,0,0
bachelors,engineering,"back,office,operations,insurance",india,"career,growth",medium,3,15250.0,stable,0,1
bachelors,business,"business,development,freshers,experienced",india,"career,growth",medium,1,19250.0,stable,0,1
bachelors,engineering,"sales,marketing",india,"career,growth",medium,3,16500.0,stable,0,0
bachelors,data science,"data,science,consultant,analytics,python,sql",global,"analytics,product,research",medium,1,5471365.0,increasing,0,0
masters,data science,"data,scientist,analytics,python,sql",us,"analytics,product,research",medium,7,5816380.0,increasing,1,0
masters,data science,"data,science,analytics,python,sql",india,"analytics,product,research",medium,10,7225000.0,increasing,1,1
masters,data science,"data,analytics,python,sql",india,"analytics,product,research",medium,10,19550000.0,increasing,1,0
bachelors,data science,"machine,learning,engineer,data,analytics,python,sql",us,"analytics,product,research",medium,1,10625000.0,increasing,0,0
masters,data science,"data,analytics,python,sql",us,"analytics,product,research",medium,7,10200000.0,increasing,1,0
bachelors,data science,"research,scientist,data,analytics,python,sql",us,"analytics,product,research",medium,4,38250000.0,increasing,0,1
bachelors,data science,"data,analytics,python,sql",global,"analytics,product,research",medium,4,3974515.0,increasing,0,0
bachelors,data science,"data,engineer,analytics,python,sql",india,"analytics,product,research",medium,4,6301050.0,increasing,0,0
masters,data science,"data,science,engineer,analytics,python,sql",global,"analytics,product,research",medium,7,10841155.0,increasing,1,0
masters,data science,"data,science,analytics,python,sql",us,"analytics,product,research",medium,7,12240000.0,increasing,1,0
bachelors,data science,"data,scientist,analytics,python,sql",india,"analytics,product,research",medium,1,1139000.0,increasing,0,0
bachelors,data science,"data,scientist,analytics,python,sql",global,"analytics,product,research",medium,4,6457110.0,increasing,0,0
bachelors,data science,"data,scientist,analytics,python,sql",us,"analytics,product,research",medium,4,12750000.0,increasing,0,0
bachelors,data science,"data,science,consultant,analytics,python,sql",us,"analytics,product,research",medium,4,8755000.0,increasing,0,0
masters,data science,"data,engineering,analytics,python,sql",us,"analytics,product,research",medium,7,13005000.0,increasing,1,0
bachelors,data science,"data,engineer,analytics,python,sql",us,"analytics,product,research",medium,4,7650000.0,increasing,0,0
bachelors,data science,"data,analytics,python,sql",us,"analytics,product,research",medium,1,7650000.0,increasing,0,0
bachelors,data science,"data,scientist,analytics,python,sql",india,"analytics,product,research",medium,4,4250000.0,increasing,0,0
bachelors,data science,"scientist,data,analytics,python,sql",us,"analytics,product,research",medium,1,1020000.0,increasing,0,0
bachelors,data science,"computer,vision,researcher,data,analytics,python,sql",india,"analytics,product,research",medium,4,460955.0,increasing,0,0
bachelors,data science,"engineer,data,analytics,python,sql",us,"analytics,product,research",medium,4,22950000.0,increasing,0,0
bachelors,data science,"applied,data,scientist,analytics,python,sql",global,"analytics,product,research",medium,4,4621960.0,increasing,0,0
bachelors,data science,"machine,learning,engineer,data,analytics,python,sql",india,"analytics,product,research",medium,4,4052885.0,increasing,0,0
bachelors,data science,"data,analytics,engineer,python,sql",us,"analytics,product,research",medium,4,9350000.0,increasing,0,0
bachelors,data science,"research,scientist,data,analytics,python,sql",global,"analytics,product,research",medium,1,7055000.0,increasing,0,0
bachelors,data science,"data,analytics,python,sql",global,"analytics,product,research",medium,1,5066085.0,increasing,0,0
bachelors,data science,"data,analytics,python,sql",india,"analytics,product,research",medium,1,850000.0,increasing,0,0
masters,data science,"data,analytics,engineer,python,sql",global,"analytics,product,research",medium,7,6788610.0,increasing,1,0
bachelors,data science,"data,analytics,python,sql",us,"analytics,product,research",medium,4,8500000.0,increasing,0,0
masters,data science,"data,scientist,analytics,python,sql",global,"analytics,product,research",medium,7,4559485.0,increasing,1,0
masters,data science,"data,analytics,python,sql",us,"analytics,product,research",medium,10,19975000.0,increasing,1,0
masters,data science,"data,engineering,analytics,python,sql",india,"analytics,product,research",medium,10,6785805.0,increasing,1,0
bachelors,data science,"machine,learning,scientist,data,analytics,python,sql",us,"analytics,product,research",medium,1,19125000.0,increasing,0,0
bachelors,data science,"machine,learning,infrastructure,engineer,data,analytics,python,sql",india,"analytics,product,research",medium,4,4265300.0,increasing,0,1
masters,data science,"marketing,data,analytics,python,sql",india,"analytics,product,research",medium,7,7599170.0,increasing,1,0
masters,data science,"data,engineer,analytics,python,sql",global,"analytics,product,research",medium,7,8818750.0,increasing,1,0
masters,data science,"data,engineering,analytics,python,sql",global,"analytics,product,research",medium,7,9700625.0,increasing,1,0
masters,data science,"machine,learning,engineer,data,analytics,python,sql",global,"analytics,product,research",medium,7,8105770.0,increasing,1,0
bachelors,data science,"data,engineer,analytics,python,sql",india,"analytics,product,research",medium,1,2593265.0,increasing,0,0
masters,data science,"data,engineer,analytics,python,sql",us,"analytics,product,research",medium,7,12750000.0,increasing,1,0
bachelors,data science,"research,scientist,data,analytics,python,sql",global,"analytics,product,research",medium,4,15972945.0,increasing,0,0
bachelors,data science,"data,engineer,analytics,python,sql",global,"analytics,product,research",medium,4,9594120.0,increasing,0,0
bachelors,data science,"engineer,data,analytics,python,sql",global,"analytics,product,research",medium,1,1357110.0,increasing,0,0
bachelors,data science,"computer,vision,software,engineer,data,analytics,python,sql",us,"analytics,product,research",medium,4,8207090.0,increasing,0,0
bachelors,data science,"computer,vision,software,engineer,data,analytics,python,sql",us,"analytics,product,research",medium,1,5950000.0,increasing,0,0
bachelors,data science,"financial,data,analytics,python,sql",us,"analytics,product,research",medium,4,38250000.0,increasing,0,0
bachelors,data science,"cloud,data,engineer,analytics,python,sql",india,"analytics,product,research",medium,4,7608690.0,increasing,0,0
masters,data science,"cloud,data,engineer,analytics,python,sql",us,"analytics,product,research",medium,7,13600000.0,increasing,1,0
masters,data science,"research,scientist,data,analytics,python,sql",india,"analytics,product,research",medium,7,5207950.0,increasing,1,0
bachelors,data science,"data,scientist,analytics,python,sql",us,"analytics,product,research",medium,1,7650000.0,increasing,0,0
masters,data science,"data,engineer,analytics,python,sql",india,"analytics,product,research",medium,7,2848435.0,increasing,1,1
masters,data science,"principal,data,analytics,python,sql",us,"analytics,product,research",medium,7,14450000.0,increasing,1,0
bachelors,data science,"data,scientist,analytics,python,sql",global,"analytics,product,research",medium,1,3140920.0,increasing,0,0
masters,data science,"big,data,architect,analytics,python,sql",global,"analytics,product,research",medium,7,8496260.0,increasing,1,0
bachelors,data science,"research,scientist,data,analytics,python,sql",india,"analytics,product,research",medium,1,3570000.0,increasing,0,0
masters,data science,"machine,learning,scientist,data,analytics,python,sql",india,"analytics,product,research",medium,7,22100000.0,increasing,1,1
bachelors,data science,"data,science,analytics,python,sql",us,"analytics,product,research",medium,4,9350000.0,increasing,0,1
bachelors,data science,"data,architect,analytics,python,sql",us,"analytics,product,research",medium,4,15300000.0,increasing,0,0
masters,data science,"big,data,engineer,analytics,python,sql",global,"analytics,product,research",medium,7,9267040.0,increasing,1,0
masters,data science,"engineer,data,analytics,python,sql",us,"analytics,product,research",medium,7,21760000.0,increasing,1,0
bachelors,data science,"data,engineer,analytics,python,sql",us,"analytics,product,research",medium,1,6162500.0,increasing,0,0
masters,data science,"machine,learning,engineer,data,analytics,python,sql",us,"analytics,product,research",medium,7,15725000.0,increasing,1,0
masters,data science,"data,scientist,analytics,python,sql",india,"analytics,product,research",medium,7,1856655.0,increasing,1,0
masters,data science,"scientist,data,analytics,python,sql",india,"analytics,product,research",medium,7,4675000.0,increasing,1,0
bachelors,data science,"machine,learning,engineer,data,analytics,python,sql",global,"analytics,product,research",medium,1,7225000.0,increasing,0,0
masters,data science,"staff,data,scientist,analytics,python,sql",us,"analytics,product,research",medium,7,8925000.0,increasing,1,0
bachelors,data science,"data,engineer,analytics,python,sql",global,"analytics,product,research",medium,1,5572685.0,increasing,0,0
masters,data science,"machine,learning,engineer,data,analytics,python,sql",india,"analytics,product,research",medium,7,5647570.0,increasing,1,1
masters,data science,"data,analytics,python,sql",global,"analytics,product,research",medium,7,5471365.0,increasing,1,0
masters,data science,"data,science,analytics,python,sql",global,"analytics,product,research",medium,10,12158655.0,increasing,1,1
bachelors,data science,"big,data,engineer,analytics,python,sql",india,"analytics,product,research",medium,1,1383035.0,increasing,0,0
masters,data science,"research,scientist,data,analytics,python,sql",global,"analytics,product,research",medium,7,8190345.0,increasing,1,0
bachelors,data science,"business,data,analytics,python,sql",us,"analytics,product,research",medium,4,11475000.0,increasing,0,0
bachelors,data science,"machine,learning,engineer,data,analytics,python,sql",india,"analytics,product,research",medium,1,1856740.0,increasing,0,0
masters,data science,"data,science,consultant,analytics,python,sql",india,"analytics,product,research",medium,10,5977965.0,increasing,1,0
bachelors,data science,"big,data,engineer,analytics,python,sql",india,"analytics,product,research",medium,4,1927035.0,increasing,0,1
bachelors,data science,"data,science,consultant,analytics,python,sql",us,"analytics,product,research",medium,1,7650000.0,increasing,0,0
masters,data science,"machine,learning,infrastructure,engineer,data,analytics,python,sql",us,"analytics,product,research",medium,7,16575000.0,increasing,1,0
masters,data science,"principal,data,scientist,analytics,python,sql",us,"analytics,product,research",medium,10,35360000.0,increasing,1,0
masters,data science,"machine,learning,scientist,data,analytics,python,sql",global,"analytics,product,research",medium,7,19125000.0,increasing,1,0
bachelors,data science,"data,analytics,python,sql",india,"analytics,product,research",medium,4,680000.0,increasing,0,0
bachelors,data science,"data,science,consultant,analytics,python,sql",india,"analytics,product,research",medium,1,485095.0,increasing,0,0
bachelors,data science,"computer,vision,engineer,data,analytics,python,sql",india,"analytics,product,research",medium,1,2452250.0,increasing,0,0
bachelors,data science,"product,data,analytics,python,sql",india,"analytics,product,research",medium,4,516120.0,increasing,0,0
masters,data science,"data,science,analytics,python,sql",us,"analytics,product,research",medium,10,27625000.0,increasing,1,0
bachelors,data science,"scientist,data,analytics,python,sql",india,"analytics,product,research",medium,1,3901160.0,increasing,0,0
masters,data science,"research,scientist,data,analytics,python,sql",us,"analytics,product,research",medium,7,4250000.0,increasing,1,0
bachelors,data science,"data,science,engineer,analytics,python,sql",india,"analytics,product,research",medium,4,3444965.0,increasing,0,0
masters,data science,"principal,data,engineer,analytics,python,sql",us,"analytics,product,research",medium,10,51000000.0,increasing,1,0
masters,data science,"principal,data,engineer,analytics,python,sql",us,"analytics,product,research",medium,7,15725000.0,increasing,1,0
masters,data science,"finance,data,analytics,python,sql",global,"analytics,product,research",medium,7,5291250.0,increasing,1,0
bachelors,data science,"machine,learning,scientist,data,analytics,python,sql",india,"analytics,product,research",medium,4,1020000.0,increasing,0,0
masters,data science,"data,science,analytics,python,sql",global,"analytics,product,research",medium,7,12920000.0,increasing,1,0
masters,data science,"computer,vision,engineer,data,analytics,python,sql",us,"analytics,product,research",medium,7,5100000.0,increasing,1,0
masters,data science,"computer,vision,engineer,data,analytics,python,sql",india,"analytics,product,research",medium,7,1619420.0,increasing,1,1
bachelors,data science,"business,data,analytics,python,sql",india,"analytics,product,research",medium,1,5066085.0,increasing,0,0
masters,data science,"principal,data,scientist,analytics,python,sql",global,"analytics,product,research",medium,7,14894380.0,increasing,1,0
masters,data science,"principal,data,scientist,analytics,python,sql",us,"analytics,product,research",medium,7,19975000.0,increasing,1,0
masters,data science,"data,science,analytics,python,sql",india,"analytics,product,research",medium,7,14280000.0,increasing,1,1
bachelors,data science,"applied,machine,learning,scientist,data,analytics,python,sql",us,"analytics,product,research",medium,4,35955000.0,increasing,0,0
bachelors,data science,"principal,data,scientist,analytics,python,sql",us,"analytics,product,research",medium,4,12835000.0,increasing,0,0
bachelors,data science,"business,data,analytics,python,sql",us,"analytics,product,research",medium,1,8500000.0,increasing,0,0
bachelors,human resources,"employee relations,talent acquisition,performance management,compensation and benefits,employment laws and regulations,analytical skills,employee benefits administration,hr policies and procedures,recruitment strategies,fmla,ada,communication",global,"career,development",low,7,20659.15,stable,0,1
masters,human resources,"talent acquisition,employee performance management,legal compliance,payroll processing,microsoft office,policy development,training and development,background checks,collaboration,communication,problem solving,leadership",global,"career,development",medium,2,20648.43,stable,0,0
masters,human resources,"human resources management,recruitment,employee relations,performance management,compliance with labor laws,data management,training & development,payroll management,project management,computer skills,communication,team building",global,"career,development",medium,4,16309.87,stable,0,0
bachelors,human resources,"talent management,organizational development,hr compliance,hr technology systems,data-driven hr analytics,compensation and benefits strategies,strategic hr planning,workforce planning,employee development,performance management,leadership,communication",global,"career,development",medium,4,15701.73,stable,0,1
bachelors,human resources,"microsoft office,data analysis,employee onboarding,strategic thinking,problem solving,time management,attention to detail,communication,customer service,interpersonal skills,independence,hris systems",global,"career,development",medium,7,16766.28,stable,0,0
masters,human resources,"hr management,talent acquisition,labor compliance,employee relations,benefits administration,payroll management,safety procedures,communication,leadership,teamwork,problem solving,organizational skills",global,"career,development",low,0,21033.69,stable,0,1
bachelors,human resources,"microsoft office,communication,attention to detail,professionalism,recruitment,training,onboarding,performance management,hris (ceridian/dayforce),benefits administration,knowledge of hr laws,employee relations",global,"career,development",high,4,18024.19,stable,1,0
bachelors,human resources,"adp hris,reporting,data compilation,excel,technology solutions,compliance knowledge,collaboration,communication,problem solving,recommendation making,attention to detail,self-management",global,"career,development",medium,2,20634.8,stable,0,1
bachelors,human resources,"recruitment,payroll administration,compliance,human resources management,policy adherence,manufacturing hr experience,interpersonal skills,communication,relationship building,onboarding,employee termination,benefits administration",global,"career,development",medium,7,22349.66,stable,0,1
masters,human resources,"project documentation,communication,stakeholder management,relationship building,problem solving,team collaboration,leadership,adaptability,hr project management,smartsheets,creating hr training programs,creating hr communications",global,"career,development",low,3,17691.79,stable,1,0
bachelors,human resources,"hris configuration,data analysis,process improvement,communication,collaboration,problem solving,mentoring,customer service,diplomacy,consulting,ukg pro,ukg workforce management",global,"career,development",low,6,22371.44,stable,1,1
bachelors,human resources,"hr administration,onboarding,policy development,bachelor's degree,customer service,relationship building,problem solving,communication,self-motivation,teamwork,flexibility,autonomy",global,"career,development",medium,1,20611.13,stable,0,1
bachelors,human resources,"hris systems,microsoft office,data analysis,project management,onboarding,training development,conflict resolution,communication,problem solving,relationship building,organizational skills,critical thinking",global,"career,development",low,0,18853.03,stable,1,0
bachelors,human resources,"hr experience,hr systems (successfactors, workday, sap),workforce planning,advanced excel,powerpoint,budget control,financial measures,hiring procedures,internal communication reporting,analytical skills,ability to thrive under pressure,multi-tasking",global,"career,development",high,7,17038.0,stable,0,0
masters,human resources,"human resources management,employee relations,compliance with labor laws,ms office,hris systems,training and development,policy development,recruitment strategies,data analysis,project management,communication,leadership",global,"career,development",medium,6,16102.29,stable,1,0
bachelors,human resources,"employee relations,training,employment,benefits management,payroll functions,microsoft excel,microsoft word,budget management,reporting,pre-employment screening,onboarding,communication",global,"career,development",medium,4,15830.21,stable,0,0
bachelors,human resources,"human resources,microsoft office,organizational skills,clerical skills,communication,customer service,proactive problem solving,professional attitude,team support,e-verify system,bilingual (english/spanish)",global,"career,development",low,1,16301.42,stable,1,1
bachelors,human resources,"microsoft word,microsoft powerpoint,microsoft excel,hris,pivot tables,vlookup,communication,attention to detail,professionalism,teamwork,positive attitude,adaptability",global,"career,development",high,5,22074.89,stable,0,1
bachelors,human resources,"industrial relations,human resources management,employee relations,project management,data analysis,negotiation,hr operational planning,people development,communication,relationship building,problem solving,collaboration",global,"career,development",high,1,15960.28,stable,1,0
masters,human resources,"project management,data analysis,business acumen,employee engagement strategies,leadership,collaboration,communication,problem solving,strategic agility,time management,adaptability,self-motivation",global,"career,development",low,7,19352.61,stable,1,0
bachelors,human resources,"payroll administration,hr laws and regulations,employee benefits administration,onboarding and offboarding processes,communication,organizational skills,teamwork,discretion,independence,problem solving,compliance auditing,report generation",global,"career,development",high,6,18253.94,stable,0,0
bachelors,human resources,"hris,labor laws,policy development,performance management,talent acquisition,onboarding,digital tools,conflict resolution,communication,interpersonal skills,problem solving,organizational skills",global,"career,development",medium,3,19957.54,stable,0,0
bachelors,human resources,"human resources management,employee training and development,human resource theories and principles,performance measurement,data analysis,leadership,communication,team management,problem solving,interpersonal skills,confidentiality,collaboration",global,"career,development",medium,2,21384.03,stable,1,1
bachelors,human resources,"ms office,excel,data management,attention to detail,organizational skills,communication,teamwork,adaptability,confidentiality,problem solving,self-motivation,logistics coordination",global,"career,development",medium,4,17942.94,stable,0,1
bachelors,human resources,"human resources,computer proficiency,communication,relationship building,teamwork,problem solving,accountability,commitment,adaptability,recruiting,background checks,interviewing skills",global,"career,development",low,3,19008.69,stable,1,0
bachelors,human resources,"microsoft excel,microsoft powerpoint,microsoft word,project management,communication,time management,organizational skills,critical thinking,decision making,microsoft outlook,social media marketing,crm management",global,"career,development",medium,2,21735.49,stable,0,1
masters,human resources,"human resources management,recruitment,employee relations,hris,payroll management,compensation analysis,benefits administration,training and development,microsoft office,compliance with labor laws,market analysis,leadership",global,"career,development",medium,0,22808.73,stable,0,1
bachelors,human resources,"hr management,employee relations,compliance,talent acquisition,training program design,performance management,regulatory compliance,employee orientation,professional development,communication,leadership,interpersonal skills",global,"career,development",medium,1,19468.45,stable,1,0
bachelors,human resources,"hris,payroll software,time management,communication skills,interpersonal skills,problem solving,organizational skills,self-motivation,attention to detail,customer focus,planning & organizing,critical thinking",global,"career,development",low,4,22868.07,stable,1,1
bachelors,human resources,"bachelor's degree,hrbp experience,business acumen,workforce/talent strategy development,organizational effectiveness,microsoft office,talent acquisition,performance management,collaboration,interpersonal skills,adaptability,influencing senior leaders",global,"career,development",high,3,22519.75,stable,0,0
masters,human resources,"employee relations,hr generalist,talent management,compensation,benefits administration,training and development,project management,ms office suite,oracle,report preparation,decision making,confidentiality",global,"career,development",medium,0,22863.63,stable,0,1
bachelors,human resources,"hr policies,employee relations,performance management,organizational development,compensation practices,recruiting,learning and development,data analysis,communication,collaboration,coaching,problem solving",global,"career,development",high,5,17667.6,stable,1,0
masters,human resources,"human resources management,recruitment,employee engagement,performance management,team building,hr strategy development,data analysis,agriculture sector knowledge,leadership,communication,interpersonal skills,collaboration",global,"career,development",low,3,22338.92,stable,1,1
bachelors,human resources,"hr practices,regulatory compliance,payroll administration,adp workforce now,data management,office management,event coordination,training and development,communication,interpersonal skills,organizational skills,attention to detail",global,"career,development",medium,7,15845.55,stable,1,0
bachelors,human resources,"hr rules and regulations,office clerical work,microsoft word,microsoft excel,internet applications,email communication,personnel policies,administrative support,communication,collaboration,problem solving,customer service",global,"career,development",low,1,17535.84,stable,1,1
bachelors,human resources,"computer skills,administrative support,data entry,problem-solving,critical thinking,multi-tasking,communication,teamwork,organization,customer service,confidentiality,microsoft suite",global,"career,development",low,4,17166.34,stable,0,1
masters,human resources,"human resource management,labor laws,performance management,recruitment,training and development,hr metrics,strategic planning,leadership,communication,interpersonal skills,problem solving,collaboration",global,"career,development",medium,0,22993.82,stable,0,0
bachelors,human resources,"employee relations,performance management,talent management,regulatory compliance,payroll administration,data management software,federal and state laws,recruiting,hr metrics tracking,hr best practices,communication,customer service",global,"career,development",medium,7,18566.29,stable,0,0
bachelors,human resources,"hr compliance,recordkeeping,employee relations,talent acquisition,onboarding,offboarding,ms office suite,hr policies interpretation,confidential information management,employment law knowledge,project management,data analysis",global,"career,development",high,1,22414.14,stable,0,1
masters,human resources,"hr strategies,recruitment,onboarding,employee relations,benefits administration,legal compliance,training and development,hr records management,employment laws,hr certification (shrm-cp, phr),communication,interpersonal skills",global,"career,development",high,1,19874.95,stable,1,1
bachelors,human resources,"human resources,microsoft office suite,report writing,administrative tasks,policy development,communication,attention to detail,teamwork,organizational skills,problem solving,time management,adaptability",global,"career,development",low,6,22068.69,stable,1,0
bachelors,human resources,"confidential file management,recruitment,data entry,computer skills,background checks,employee onboarding,time and attendance systems,hr policies compliance,record keeping,communication,organization,flexibility",global,"career,development",medium,6,21387.54,stable,0,0
bachelors,human resources,"employee relations,federal and state laws,policy development,documentation management,communication,confidentiality,attention to detail,teamwork,problem solving,time management,presentation skills,collaboration",global,"career,development",medium,5,19974.81,stable,0,0
masters,human resources,"bilingual (spanish/english),payroll administration,microsoft office (excel, powerpoint, word),data input,analytics,compliance with hr policies and laws,communication skills,problem-solving,analytical skills,interpersonal skills,customer service orientation,collaboration",global,"career,development",low,0,19781.93,stable,0,0
bachelors,human resources,"human resources management,employee relations,bilingual (spanish/english),project management,human capital management systems,microsoft office,performance management,leadership,communication,collaboration,problem solving,time management",global,"career,development",low,5,17505.23,stable,1,0
bachelors,human resources,"hr management,recruitment,compliance,employee relations,performance management,training and development,employment law,organizational development,fmla,ada compliance,onboarding,communication",global,"career,development",medium,2,19514.47,stable,0,0
masters,human resources,"human resources,recruitment,compensation,training,data entry,employee relations,communication,problem solving,relationship management,organizational skills,creativity,flexibility",global,"career,development",high,1,21321.2,stable,0,0
bachelors,human resources,"hr principles,hr analytics,performance management,compliance,policy development,microsoft office suite,job analysis,data documentation,report preparation,career pathing,performance evaluation,organizational skills",global,"career,development",low,0,17256.35,stable,0,0
masters,human resources,"hr strategies,employee relations,compliance,benefit administration,payroll processes,performance management,recruitment and selection,conflict resolution,communication,interpersonal skills,strategic planning,problem solving",global,"career,development",low,0,20067.54,stable,1,1
bachelors,human resources,"recruiting,onboarding,employee relations,problem solving,communication,interpersonal skills,relationship building,multi-tasking,organization,customer focused,ability to work under pressure,microsoft office",global,"career,development",low,6,15761.1,stable,1,1
masters,human resources,"employment law,recruiting,retention,hr experience,communication,confidentiality,flexibility,stress management,teamwork,affirmative action",global,"career,development",medium,2,19406.37,stable,1,1
bachelors,human resources,"benefits administration,employee onboarding,recruiting,fmla,performance management,communication,attention to detail,interpersonal skills,training and development,customer service,problem solving,flsa",global,"career,development",high,5,21686.17,stable,1,0
bachelors,human resources,"human resources management,onboarding,leave administration,data entry,bachelor's degree,professional human resources experience,customer service,communication,teamwork,problem solving,attention to detail,adaptability",global,"career,development",low,6,18506.82,stable,0,0
masters,human resources,"human resources,employee relations,talent acquisition,organizational development,change management,compensation principles,project leadership,government laws and regulations,data analysis,communication,leadership,interpersonal skills",global,"career,development",medium,2,21441.95,stable,0,0
masters,human resources,"microsoft word,microsoft excel,microsoft powerpoint,customer service,attention to detail,communication,interpersonal skills,problem solving,hris systems,performance management,onboarding processes,data analysis",global,"career,development",low,5,16450.06,stable,1,1
masters,human resources,"employee engagement,performance management,microsoft office,talent acquisition,fmla and ada compliance,project management,hr policies and procedures,diversity and inclusion initiatives,communication,problem solving,interpersonal skills,team collaboration",global,"career,development",medium,2,20302.16,stable,0,1
bachelors,human resources,"recruitment and selection,benefits administration,hr systems implementation,data analysis,training and development,effective communication,interpersonal skills,team leadership,accountability,hr strategy and policy development,performance management,contract management",global,"career,development",medium,7,18081.57,stable,0,1
masters,human resources,"recruiting,hris systems,human resources policies,benefits administration,fmla management,ms office suite,critical thinking,problem solving,attention to detail,time management,confidential information management,communication",global,"career,development",medium,0,17694.29,stable,0,0
bachelors,human resources,"data entry,ms office suite,reporting,recruitment,confidentiality,communication,time management,professionalism,discretion,teamwork,problem solving,hris",global,"career,development",high,1,16532.47,stable,0,1
bachelors,human resources,"hris configuration,data analysis,process improvement,communication,collaboration,problem solving,mentoring,customer service,diplomacy,consultation,ukg pro,ukg workforce management",global,"career,development",low,5,15910.02,stable,0,1
bachelors,human resources,"human resources,employee relations,hris,microsoft office (excel, powerpoint, word),analytical skills,talent acquisition,compliance with labor laws,communication,coaching,organizational skills,multi-tasking,problem solving",global,"career,development",medium,7,17931.39,stable,0,0
bachelors,human resources,"recruitment,onboarding,payroll administration,benefits administration,compliance,human resources management,policy adherence,interpersonal skills,communication,relationship building",global,"career,development",medium,7,19536.93,stable,0,0
bachelors,human resources,"microsoft office,hr databases,compliance knowledge,data analysis,event planning,communication,problem-solving,interpersonal skills,planning/organizing,quality control",global,"career,development",medium,7,16468.97,stable,1,1
bachelors,human resources,"microsoft office,benefits administration,compliance management,recruiting,onboarding,process improvement,communication,problem solving,attention to detail,organization,time management,hris (paycom)",global,"career,development",high,2,18569.79,stable,0,1
bachelors,human resources,"data entry,microsoft word,microsoft excel,hr management system,benefit enrollment processing,employee file management,clerical duties,customer service,bilingual (english/spanish),communication,organization,time management",global,"career,development",low,2,16726.86,stable,0,0
masters,human resources,"human resources management,employment law compliance,talent acquisition,data analysis,performance management,benefits administration,communication,interpersonal skills,critical thinking,teamwork,problem solving,creativity",global,"career,development",medium,5,18057.14,stable,0,1
masters,human resources,"recruiting,talent management,compliance,employee engagement programs,conflict resolution,human resources policies,performance management,employment law,training and development,benefits administration,investigations,communication",global,"career,development",medium,1,16328.9,stable,1,1
bachelors,human resources,"administrative support,recruitment,onboarding,record maintenance,filing,document archiving,hr processes,talent management,talent acquisition,people operations,interest in hr,eagerness to learn",global,"career,development",medium,2,16391.36,stable,0,1
masters,human resources,"hr compliance,recruitment,talent development,employee relations,compensation management,onboarding,communication skills,interpersonal skills,conflict resolution,listening skills,sense of urgency,prioritization",global,"career,development",medium,6,21555.46,stable,1,1
bachelors,human resources,"hr management,employee relations,performance management,data analysis,hris systems,legal compliance,microsoft office,project management,coaching and mentoring,communication,problem solving,collaboration",global,"career,development",medium,0,16608.73,stable,1,1
bachelors,human resources,"human resources administration,recruiting,microsoft office,clerical functions,office administration,independent judgment,communication,teamwork,problem solving,attention to detail,customer service,payroll administration",global,"career,development",medium,4,21607.75,stable,1,0
bachelors,human resources,"hr experience,data analysis,talent management,process improvement,communication,problem solving,team building,collaboration,self-motivation,organizational skills,attention to detail,multi-tasking",global,"career,development",high,5,19531.75,stable,1,1
bachelors,human resources,"human resources management,conflict resolution,problem solving,employee relations,organizational design,hr legal compliance,microsoft office suite,hris and talent management systems,payroll management,employee benefits administration,training and development,performance appraisal programs",global,"career,development",medium,4,18240.64,stable,1,1
bachelors,human resources,"team management,communication,teamwork,problem solving,initiative,adaptability,recruiting,resume screening,social media promotion,video communication",global,"career,development",low,2,16537.59,stable,0,0
masters,human resources,"hr management,employee relations,hr reporting and analytics,hris management,payroll processing,compensation management,benefits administration,policy development,compliance management,performance management,project management,microsoft excel",global,"career,development",medium,4,19339.92,stable,1,1
bachelors,human resources,"onboarding,interview coordination,data entry,communication,multi-tasking,problem solving,teamwork,attention to detail,adaptability,hris,kronos,sap",global,"career,development",medium,7,18126.93,stable,0,0
bachelors,human resources,"human resources,organizational development,data analysis,conflict resolution,employee relations,regulatory compliance,hris,ms office,team dynamics,communication,leadership,strategic thinking",global,"career,development",low,0,18305.09,stable,0,0
masters,human resources,"human resource management,employee benefits administration,recruitment,microsoft office suite,strategic planning,analytical thinking,compliance management,onboarding processes,communication,problem solving,critical thinking,innovative thinking",global,"career,development",medium,0,16086.87,stable,0,0
bachelors,human resources,"payroll,hris systems,compliance,data analysis,microsoft office,record keeping,communication,attention to detail,confidentiality,problem solving,teamwork,customer service",global,"career,development",medium,2,19970.66,stable,0,0
masters,human resources,"human resources management,employee relations,recruitment,training and development,compensation management,hr information systems,workforce planning,policy development,compliance,performance appraisal,communication,leadership",global,"career,development",medium,5,19092.78,stable,1,0
masters,human resources,"human resources,microsoft excel,microsoft powerpoint,onboarding,talent management,training,communication,collaboration,coaching,problem solving,relationship building,adaptability",global,"career,development",medium,2,21139.88,stable,1,0
bachelors,human resources,"hr management,employee onboarding,compensation administration,benefits administration,payroll processing,personnel file management,vendor management,strategic thinking,hr systems,organizational learning,communication,decision-making",global,"career,development",high,7,17998.34,stable,1,0
masters,human resources,"hr management,compliance knowledge,hris proficiency,payroll systems,microsoft office suite,policy development,employee training,performance appraisal systems,analytical skills,communication,interpersonal skills,negotiation",global,"career,development",high,4,18141.94,stable,0,0
bachelors,human resources,"payroll processing,data entry,microsoft office,building maintenance,communication,problem solving,attention to detail,teamwork,time management,401(k) management,benefits design,background checks",global,"career,development",low,5,15458.01,stable,0,1
bachelors,human resources,"employee relations,payroll,benefits administration,compliance,human resources programs,bachelor's degree in hr or related field,relationship building,communication,problem solving,teamwork,adaptability,legal knowledge",global,"career,development",low,5,16637.25,stable,1,0
masters,human resources,"hr management,employee relations,federal employment laws,microsoft office suite,onboarding,communication,attention to detail,problem solving,teamwork,customer focus,leadership,work ethic",global,"career,development",high,2,15828.53,stable,0,0
bachelors,human resources,"attention to detail,technology proficiency,document preparation,scheduling meetings,file organization,professional communication,collaboration,time management,confidentiality,prioritization,problem solving,data entry",global,"career,development",high,6,18560.06,stable,1,1
bachelors,human resources,"employee database management,attendance record maintenance,policy formulation,job posting,candidate shortlisting,interview scheduling,training session coordination,interpersonal skills,communication skills,critical thinking,problem solving,orientation coordination",global,"career,development",high,6,19835.19,stable,1,1
bachelors,human resources,"data management,administrative duties,analytical skills,record keeping,spreadsheets,databases,multitasking,time management,communication,problem solving,positive attitude,service-oriented",global,"career,development",low,2,17385.85,stable,1,0
masters,human resources,"knowledge of employment-related laws,hr information system analysis,interpersonal skills,conflict resolution,integrity,professionalism,discretion,ability to learn quickly,shrm-cp,shrm-scp,bachelor's degree in hr or related field,master's degree in hr or related field",global,"career,development",medium,1,20932.12,stable,0,0
bachelors,human resources,"human resources management,compensation and benefits planning,talent acquisition,training and development,strategic planning,policy development,leadership,communication,problem solving,conflict management,teamwork,decision-making",global,"career,development",low,5,21325.1,stable,1,0
masters,human resources,"hr management,talent strategy,change management,workforce planning,employee relations,recruitment and retention,compensation and benefits,hris,leadership development,organizational development,data analysis,performance management",global,"career,development",medium,3,16936.2,stable,0,0
bachelors,human resources,"microsoft office,communication,interpersonal skills,time management,teamwork,attention to detail,problem solving,bilingual skills,hris,ats,canva,paylocity",global,"career,development",low,4,20101.77,stable,1,0
bachelors,human resources,"human resources administration,recruitment,employee engagement,compensation management,benefits administration,microsoft office suite,data compliance,communication,problem solving,conflict management,proactive approach,multitasking",global,"career,development",medium,2,22576.51,stable,0,1
bachelors,human resources,"employee onboarding,record keeping,hr software,data protection compliance,administrative tasks,recruitment coordination,performance evaluations,hr policies,communication,attention to detail,adaptability,proactivity",global,"career,development",low,6,17991.85,stable,1,1
bachelors,human resources,"strategic direction,recruitment,compensation,employee benefits,employee relations,payroll,process improvements,hr technology,communication,innovation,problem solving,people-first mindset",global,"career,development",medium,3,16953.32,stable,0,0
bachelors,human resources,"hr principles,recruitment,employee relations,hr policies and compliance,training and development,hr data management,communication,interpersonal skills,organizational skills,time management,discretion,problem solving",global,"career,development",medium,2,20647.57,stable,0,1
masters,human resources,"hr policies,payroll,employee relations,performance management,compensation and benefits,talent acquisition,hris systems,microsoft office suite,organizational design,communication,problem-solving,interpersonal skills",global,"career,development",medium,6,20066.98,stable,0,0
masters,human resources,"human resources management,employment law,talent acquisition,microsoft office suite,hris,data analysis,performance evaluation,conflict resolution,training and development,recruitment,benefits administration,communication",global,"career,development",high,5,21795.77,stable,0,1
masters,human resources,"talent acquisition,employee relations,compliance with employment laws,training and development,hris management,payroll administration,data reporting,hr policies development,coaching and mentorship,leadership,communication,interpersonal skills",global,"career,development",low,2,23030.16,stable,0,0
bachelors,human resources,"microsoft office suite,performance management,project coordination,documentation,training administration,collaboration,communication,problem solving,dependability,relationship building,adaptability,eagerness to learn",global,"career,development",medium,7,21106.63,stable,0,1
bachelors,human resources,"recruiting,employee benefits administration,conflict resolution,hr policies and procedures development,payroll processing,hr reporting and analytics,training and development coordination,communication,interpersonal skills,integrity,team collaboration,problem solving",global,"career,development",medium,3,21775.14,stable,1,0
masters,human resources,"hr management,employee relations,conflict management,talent development,hr analytics,federal and state employment laws,project management,powerpoint,excel,presentation skills,interviewing and assessment,workforce development",global,"career,development",high,2,16664.85,stable,1,1
masters,human resources,"human resources management,employee relations,benefits administration,compliance,performance management,training and development,payroll systems,microsoft office,data analysis,employment law knowledge,communication,teamwork",global,"career,development",medium,1,22390.57,stable,0,1
masters,human resources,"employee relations,performance management,communication,teamwork,conflict resolution,coaching,problem solving,leadership,hris systems,recruitment strategies,compliance with labor laws,benefits administration",global,"career,development",medium,5,21687.82,stable,1,0
masters,human resources,"data analysis,strategic planning,mentoring,communication,leadership,problem-solving,adaptability,teamwork,self-starter,empathy,motivation,strategic thinking",global,"career,development",medium,6,20205.58,stable,0,0
bachelors,human resources,"administrative skills,hr processes,computer proficiency,onboarding,communication,teamwork,problem solving,flexibility,organizational skills,interpersonal skills,payroll administration,osha reporting",global,"career,development",high,6,17188.04,stable,1,1
bachelors,human resources,"hr administration,background checks,payroll processing,employee file management,job posting,safety program administration,computer proficiency,confidential information handling,certifications (shrm, phr),customer service,communication,prioritization",global,"career,development",low,6,15912.97,stable,0,1
masters,human resources,"hr management,recruitment,onboarding,employee relations,benefits administration,leadership,communication,multi-tasking,problem solving,relationship building,adaptability,teamwork",global,"career,development",medium,7,22636.71,stable,1,1
bachelors,human resources,"excel,microsoft office,analytical skills,recruiting,employee relations,performance management,organizational development,leadership,communication,teamwork,critical thinking,project management",global,"career,development",high,0,16683.83,stable,1,1
bachelors,human resources,"hris,microsoft suite,compensation administration,performance appraisal,eeo reporting,affirmative action plan (aap),pre-employment testing,payroll processing,data analysis,communication,critical evaluation,relationship management",global,"career,development",medium,5,22282.97,stable,0,0
masters,human resources,"human resources management,project management,talent acquisition,employee relations,data analysis,regulatory compliance,performance management,process improvement,coaching and consulting,presentation skills,microsoft office suite,diversity and inclusion",global,"career,development",medium,0,20843.75,stable,1,1
masters,human resources,"employee relations,hr strategies,employment law,hr sourcing,interviewing,training development,human capital management,process improvement,workers compensation,dispute investigation,problem solving,communication",global,"career,development",medium,2,19788.15,stable,1,0
bachelors,human resources,"microsoft office suite,data analysis,background investigation,employee relations,bilingual (english and spanish),communication,organizational skills,problem-solving,decision-making,teamwork,adaptability,attention to detail",global,"career,development",medium,6,16192.45,stable,1,0
bachelors,human resources,"local recruiting,office management,ms office,clerical tasks,time management,multi-tasking,communication,interpersonal skills,customer service,budget management,cash flow projection,compliance",global,"career,development",medium,4,16381.66,stable,1,0
bachelors,human resources,"talent management systems,microsoft office,excel,employee relations,communication,relationship building,problem solving,adaptability,teamwork,hris,wage review,esop distribution",global,"career,development",medium,4,19144.95,stable,1,0
masters,human resources,"human resources management,recruiting,onboarding,hris management,employee benefits administration,compliance knowledge (eeo, ada, fmla),workers compensation management,internal investigations,microsoft office suite,time management,confidentiality,leadership",global,"career,development",medium,3,20336.84,stable,1,0
masters,human resources,"training and development,leadership,communication,collaboration,problem solving,strategic planning,talent management,employee engagement,organizational management,performance management,compensation management,employment law",global,"career,development",high,5,20012.53,stable,1,1
bachelors,human resources,"hris,microsoft office suite,employment law knowledge,recruitment,interviewing,compliance management,conflict resolution,training and development,performance management,communication,interpersonal skills,organizational skills",global,"career,development",medium,6,19892.12,stable,1,1
masters,human resources,"human resources management,recruitment,onboarding,performance evaluations,compensation analysis,hris (ukg),employment laws,organizational skills,mentorship program development,leadership,communication,judgment",global,"career,development",high,7,20135.12,stable,1,1
bachelors,human resources,"ms office suite,workday,adp or similar payroll system,recruitment,onboarding,employee relations,benefits administration,data analysis,communication,interpersonal skills,teamwork,problem solving",global,"career,development",low,3,20108.2,stable,0,1
bachelors,human resources,"human resource management,project management,compensation and benefits,employee relations,recruitment,performance management,policy development,labor laws compliance,hr information systems,training and development,data analysis,negotiation",global,"career,development",high,4,16187.04,stable,1,0
bachelors,human resources,"human resources,employment law,payroll processing,microsoft office suite,hris,compliance tracking,documentation,communication,interpersonal skills,conflict resolution,organizational skills,time management",global,"career,development",low,3,20845.74,stable,0,1
bachelors,human resources,"communication,teamwork,conflict resolution,problem solving,organizational skills,adaptability,ms office,ms excel,successfactors,hris,human resources certification (phr, shrm-cp),data analysis",global,"career,development",low,5,15930.7,stable,1,0
masters,human resources,"labor relations,human resources management systems,microsoft office,bilingual (english/french/spanish),onboarding processes,data analysis,leadership,communication,problem solving,teamwork,organizational skills,coaching",global,"career,development",medium,5,22526.88,stable,0,0
masters,human resources,"hr strategies,employee lifecycle management,recruitment,performance management,employee relations,compliance,hr best practices,problem-solving,decision-making,project management,communication,interpersonal skills",global,"career,development",low,6,16674.51,stable,0,0
bachelors,human resources,"talent management,employee relations,compensation and benefits,hr strategies,talent acquisition,performance management,automation,strategic guidance,leadership,business partnership,communication,negotiation",global,"career,development",medium,7,22098.2,stable,0,0
masters,human resources,"human resources management,employee relations,talent development,confidentiality,hospitality industry experience,communication skills,interpersonal skills,organizational skills,problem-solving skills,leadership,hr policies and best practices,performance management",global,"career,development",medium,1,18320.65,stable,1,0
bachelors,human resources,"hris,ms office suite,employee relations,talent acquisition,learning and development,data analysis,employment law compliance,coaching,collaboration,communication,problem solving,adaptability",global,"career,development",medium,6,15435.67,stable,1,0
bachelors,human resources,"human resources management,employee relations,recruitment,training,data analysis,budget management,report writing,communication,relationship building,problem solving,teamwork,analytical thinking",global,"career,development",high,6,22049.09,stable,1,0
bachelors,human resources,"human resources,employee relations,policy navigation,performance management,bachelor's degree,communication,collaboration,problem solving,relationship building,time management,adaptability,coaching",global,"career,development",medium,2,21078.76,stable,0,1
bachelors,human resources,"data analysis,employee relations,talent acquisition,performance management,microsoft office,sap,hr compliance,report generation,communication,interpersonal skills,organizational skills,confidentiality",global,"career,development",low,0,22428.17,stable,0,1
masters,human resources,"hr clerical processes,employee benefits administration,payroll practices,data compilation and reporting,recordkeeping practices,office practices and procedures,interpretation of hr policies,training and advising,typing (45 wpm),complex rules and regulations,leadership,communication",global,"career,development",high,0,18625.73,stable,0,0
bachelors,human resources,"hr processes,employment law,ms office,hris systems,background checks,recruitment,onboarding,documentation management,communication,collaboration,organizational skills,attention to detail",global,"career,development",low,1,17537.42,stable,0,0
bachelors,human resources,"hris,compliance,reporting,record keeping,recruitment,employee onboarding,data compilation,health and welfare plans administration,knowledge of employment laws,problem solving,communication,interpersonal skills",global,"career,development",high,0,16770.88,stable,1,1
bachelors,human resources,"hr principles,recruitment,employee relations,performance management,onboarding,compliance,microsoft office,communication,interpersonal skills,problem solving,adaptability,teamwork",global,"career,development",medium,7,22026.87,stable,0,0
masters,human resources,"recruiting,talent acquisition,microsoft office suite,employee relations,performance evaluations,employee training and development,communication,interpersonal skills,problem solving,attention to detail,customer service,teamwork",global,"career,development",low,6,19984.46,stable,0,0
bachelors,human resources,"talent management,performance management,leadership development,succession planning,talent acquisition,employee relations,hr compliance,employment law,program management,communication,relationship building,strategic thinking",global,"career,development",medium,5,21558.32,stable,0,0
masters,human resources,"human resources management,employee relations,compliance,training and development,payroll administration,benefits administration,hr information systems,data analysis,conflict resolution,regulatory compliance,communication,leadership",global,"career,development",medium,7,15681.43,stable,0,1
masters,human resources,"hr generalist,recruiting,employee relations,grievance procedures,training strategy,bachelor’s degree in human resources,communication,relationship building,problem solving,collaboration,consultation,leadership",global,"career,development",medium,1,17664.14,stable,1,1
bachelors,human resources,"microsoft word,excel,publisher,hr administration,onboarding assistance,interpersonal skills,leadership,organization,creativity,empathy,time management,communication",global,"career,development",medium,5,18793.87,stable,0,0
bachelors,human resources,"human resources,administrative support,data entry,word processing,typing,emailing,filing,copying,travel arrangements,empathy,communication,teamwork",global,"career,development",medium,6,16192.96,stable,0,0
bachelors,human resources,"human resources expertise,employee relations,data analysis,excel,problem solving,communication,business acumen,consultative skills,performance management,talent management,workday,compliance with laws and regulations",global,"career,development",low,5,18274.48,stable,1,1
bachelors,human resources,"microsoft word,microsoft excel,background checks,employee onboarding,data accuracy,verbal communication,written communication,attention to detail,customer service,interpersonal skills,time management,independent work",global,"career,development",high,7,21565.77,stable,1,0
bachelors,human resources,"hris (hr information systems),recruiting,google suite,project management,analytical skills,policy development,employee engagement programs,communication,interpersonal skills,professionalism,adaptability,decision-making",global,"career,development",low,6,20473.71,stable,0,1
bachelors,human resources,"hr practices,talent acquisition,compensation and benefits,employee relations,hr policy development,data analysis,u.s. employment laws,recruiting tools,benefits plans design,performance metrics,communication,interpersonal skills",global,"career,development",medium,7,16910.07,stable,1,0
masters,human resources,"on-boarding,benefits administration,employee relations,payroll processing,hr compliance,computer proficiency,communication,team leadership,confidentiality,problem solving,attention to detail,interpersonal skills",global,"career,development",low,0,21559.35,stable,1,0
bachelors,human resources,"full-cycle recruiting,compensation and benefits packages,interpersonal skills,verbal communication,time management,problem-solving,teamwork,hris,google suite,employment law,osha regulations,data analysis",global,"career,development",high,7,20950.26,stable,1,1
bachelors,human resources,"human resources management,employee relations,recruitment,payroll processing,employment law,ms office suite,data management,compensation analysis,training development,conflict resolution,osha regulations,communication",global,"career,development",high,3,21988.86,stable,1,0
bachelors,human resources,"payroll,benefits administration,hris,employment law,analytical skills,problem-solving,compliance,training management,data entry,communication,interpersonal skills,negotiation",global,"career,development",medium,6,16486.33,stable,1,1
bachelors,human resources,"communication,interpersonal skills,relationship building,collaboration,strategic thinking,problem solving,hr project management,employee relations,talent management,compliance,policy development,workforce planning",global,"career,development",low,6,15500.11,stable,0,0
masters,human resources,"human resources management,employee relations,compensation and benefits administration,performance management systems,recruiting and hiring practices,employment law compliance,hris and talent management systems,microsoft office suite,organizational development,analytical skills,communication skills,interpersonal skills",global,"career,development",high,4,16345.38,stable,1,1
masters,human resources,"hr management,employee relations,hr reporting and analytics,hris management,payroll processing,compliance,policy development,compensation analysis,benefits administration,project management,conflict resolution,microsoft excel",global,"career,development",high,3,22273.57,stable,0,1
masters,human resources,"human resource management,employee relations,policy development,payroll (adp),compensation programs,time management,problem solving,interpersonal skills,communication,organizational skills,iso 14001,safety management",global,"career,development",medium,6,21753.33,stable,1,1
bachelors,human resources,"hris,microsoft office suite,employee relations,onboarding,offboarding,workplace investigations,benefits administration,data analysis,project coordination,compliance knowledge,communication,interpersonal skills",global,"career,development",medium,5,20205.95,stable,0,1
bachelors,human resources,"recruitment,onboarding,compliance with labor laws,benefits administration,hr principles and practices,communication,interpersonal skills,problem-solving,decision-making,collaboration,relationship building,employee engagement",global,"career,development",low,1,22030.22,stable,1,1
bachelors,human resources,"recruitment,hr policies and procedures,employee relations,performance management,hris,training and development,employment laws,microsoft office suite,data analysis,job analysis,hr metrics,employee benefits programs",global,"career,development",high,7,16478.87,stable,0,1
masters,human resources,"project management,human resources administration,performance management,recruitment,interviewing techniques,records management,employment law,classification and compensation,employee relations,mediation,conflict resolution,audit procedures",global,"career,development",low,1,19027.2,stable,0,0
bachelors,human resources,"recruitment,onboarding,benefits administration,compliance,human resources management,policy adherence,interpersonal skills,communication,relationship building,payroll administration",global,"career,development",medium,4,17468.82,stable,0,0
masters,human resources,"benefits administration,microsoft office,bilingual (english/spanish),communication,teamwork,problem solving,organizational skills,counseling and guidance,onboarding,hris administration,compensation management,payroll management",global,"career,development",medium,5,17078.78,stable,1,1
masters,human resources,"human resources management,employee relations,compensation & benefits,talent management,training development,recruiting,labor law,microsoft office suite,interpersonal skills,negotiation skills,communication,relationship building",global,"career,development",low,6,19447.81,stable,0,0
bachelors,human resources,"employee relations,data analysis,compliance,recruiting strategies,performance management,operational execution,communication,teamwork,problem solving,interpersonal skills,planning and prioritization,customer focus",global,"career,development",medium,1,21733.9,stable,1,0
bachelors,human resources,"global payroll experience,global hr experience,microsoft office (word, excel, outlook, powerpoint),onbase,hr policies/procedures,confidentiality,communication,detail-oriented,organizational skills,customer service,independence,prioritization",global,"career,development",medium,0,17510.23,stable,1,1
masters,human resources,"hr operations,compensation management,recruitment,employee relations,safety protocols,training and development,hr laws knowledge,hris,communication,empathy,organizational skills,initiative",global,"career,development",low,5,20945.56,stable,0,0
bachelors,human resources,"employee relations,recruitment,hr generalist duties,screening,interpersonal skills,communication,problem solving,creativity,approachability,relationship building,adaptability,confidentiality",global,"career,development",high,7,22330.14,stable,1,1
masters,human resources,"talent management,performance management,employee relations,recruiting,data analysis,cloud-based hr software,communication,conflict resolution,relationship building,problem solving,team collaboration,hr strategy development",global,"career,development",medium,1,20274.86,stable,0,0
bachelors,human resources,"ms office,payroll processing,recruitment coordination,hr software,documentation management,leave administration,medical insurance coordination,report generation,communication,teamwork,attention to detail,problem solving",global,"career,development",medium,1,18624.53,stable,1,1
bachelors,human resources,"human resources,employee relations,talent development,compensation,data analysis,employment laws,confidentiality,communication,analytical reasoning,emotional intelligence,discretion,judgment",global,"career,development",high,0,18124.81,stable,0,0
masters,human resources,"employment law,data analytics,training and development,employee relations,communication,leadership,problem solving,social perceptiveness,negotiation,judgment,decision making,attention to detail",global,"career,development",low,4,20044.27,stable,0,1
bachelors,human resources,"recruitment,employee relations,policy administration,performance management,hr process improvement,training and development,regulatory compliance,microsoft office,communication,teamwork,problem solving,analytical skills",global,"career,development",high,2,18766.39,stable,0,1
bachelors,human resources,"hr experience,hr systems (successfactors, workday, sap),advanced excel,advanced powerpoint,budget control,financial measures,ability to thrive under pressure,multi-tasking,attention to detail,proactive,self-motivated,flexibility",global,"career,development",medium,6,19761.32,stable,1,1
bachelors,human resources,"hris,payroll software,microsoft office suite,recruiting,employee onboarding,communication,time management,teamwork,flexibility,attention to detail,consultative skills,professionalism",global,"career,development",medium,1,16439.51,stable,1,0
bachelors,human resources,"hr administration,employee relations,onboarding,compliance,data analysis,report generation,employment law knowledge,communication,teamwork,problem solving,conflict management,customer focus",global,"career,development",medium,2,17419.43,stable,0,1
bachelors,human resources,"human resources administration,payroll administration,employee benefits,performance management,recruiting,kronos,clerical functions,office administration,independent judgment,communication,teamwork,problem solving",global,"career,development",low,0,22755.32,stable,1,1
masters,human resources,"hr management,employee relations,performance management,hr administration,data analysis,employment laws,microsoft office suite,unionized manufacturing experience,phr/sphr certification,communication,interpersonal skills,organizational skills",global,"career,development",low,0,16220.81,stable,0,0
bachelors,human resources,"hris,payroll management,background checks,onboarding,employment regulations,multi-tasking,reporting,communication,judgment,decision making,organizational skills,teamwork",global,"career,development",medium,0,20827.93,stable,0,0
masters,human resources,"hr business partnering,human resources management,performance management systems,hris proficiency,talent planning,learning and development,change management,recruitment strategies,communication,teamwork,empathy,strategic thinking",global,"career,development",medium,3,21707.09,stable,0,1
bachelors,human resources,"hr management,onboarding,employee relations,documentation,microsoft office suite,process improvement,compliance,background verification,communication,interpersonal skills,organizational skills,problem solving",global,"career,development",low,4,15440.45,stable,1,0
masters,human resources,"hr policies,recruitment,onboarding,employee performance management,legal compliance,hris systems,training programs,data analysis,communication,collaboration,coaching,mentoring",global,"career,development",low,1,22463.31,stable,0,0
bachelors,human resources,"employee relations,microsoft office suite,recruitment,data management,confidential information handling,communication,interpersonal skills,problem-solving,attention to detail,teamwork,independence,collaboration",global,"career,development",low,7,19414.02,stable,1,0
masters,human resources,"hr management,recruiting,payroll management,benefits structuring,performance review administration,employee onboarding,data analysis,hr operations,labor law knowledge,report creation,communication,interpersonal skills",global,"career,development",high,6,21038.13,stable,0,1
bachelors,human resources,"applicant tracking system (ats),customer relationship management (crm),microsoft office,organizational skills,multi-tasking,customer service mindset,communication,problem solving,adaptability,teamwork,self-driven,attention to detail",global,"career,development",high,1,20306.68,stable,0,1
bachelors,human resources,"employee relations,performance management,development,ms word,ms excel,bachelor’s degree,interpersonal skills,teamwork,organizational skills,attention to detail,writing skills,verbal communication",global,"career,development",high,4,17103.31,stable,1,0
masters,human resources,"employee relations,talent acquisition,payroll management,communication,teamwork,problem solving,relationship building,customer service,leadership,professionalism,time management,performance management",global,"career,development",medium,0,15740.07,stable,0,1
masters,human resources,"human resources,organizational design,talent management,employee engagement,compliance,leadership development,performance management,problem solving,critical thinking,business acumen,knowledge of hr laws,training and development",global,"career,development",high,5,19773.18,stable,0,0
bachelors,human resources,"hr management,recruiting,performance management,employee relations,labor law,coaching,succession planning,compensation and benefits (c&b),organizational change,communication,bachelor's degree,phr/sphr or shrm certification",global,"career,development",low,7,21028.88,stable,1,0
bachelors,human resources,"hr management,talent management,change leadership,organizational design,employee engagement,data analysis,strategic thinking,collaboration,coaching,communication,problem solving,relationship building",global,"career,development",medium,5,22670.85,stable,1,0
bachelors,human resources,"human resources management,employee relations,legal compliance,data analysis,talent acquisition,performance management,coaching and mentoring,organizational psychology,training and development,payroll management,benefits administration,communication",global,"career,development",medium,6,18904.61,stable,0,1
bachelors,human resources,"microsoft office,hris,payroll systems,data analysis,microsoft excel,communication,problem solving,interpersonal skills,confidentiality,flexibility,attention to detail,customer service",global,"career,development",low,3,19991.28,stable,0,1
masters,human resources,"human resources management,data analysis,hr it systems administration,recruiting,compensation management,performance management,employee relations,policy interpretation,microsoft office suite,hr program development,staff development,needs analysis",global,"career,development",medium,1,22214.49,stable,0,0
masters,human resources,"hr leadership,talent acquisition,employee relations,performance management,compensation and benefits,hris,policy development,project management,budgeting,osha,leadership,communication",global,"career,development",medium,0,15903.24,stable,1,0
bachelors,human resources,"new hire orientation,payroll management,record management,statistical reporting,vendor management,communication,teamwork,organizational skills,problem solving,attention to detail,adaptability,hr policies implementation",global,"career,development",medium,0,20494.74,stable,1,0
masters,human resources,"creating hr training programs,project documentation,shrm-cp certification,confidentiality,communication,teamwork,problem solving,leadership,adaptability,hr project management,smartsheets,creating hr communications",global,"career,development",low,6,20142.15,stable,0,1
masters,human resources,"recruitment,employee relations,training and development,performance management,hris systems,ms office suite,hr-related software,communication,interpersonal skills,relationship-building,conflict resolution,integrity",global,"career,development",low,4,23025.63,stable,0,1
masters,human resources,"data analysis,excel,hr technology,reporting and analytics,project management,technical support,communication,problem solving,analytical mindset,stakeholder management,attention to detail,team collaboration",global,"career,development",medium,6,22630.82,stable,1,1
bachelors,human resources,"hris,employee relations,training program development,employment law knowledge,confidentiality,communication,teamwork,problem solving,initiative,presentation skills,interpersonal skills,time management",global,"career,development",low,5,15805.67,stable,0,1
masters,human resources,"hr management,talent acquisition,employee relations,hr analytics,compliance,compensation and benefits administration,training,communication,teamwork,problem solving,flexibility,leadership",global,"career,development",high,6,20231.79,stable,0,1
masters,human resources,"employee job descriptions,recruiting,employment processes,compensation management,benefits administration,compliance with hr regulations,microsoft office,labor regulations,communication,presentation skills,attention to detail,independence",global,"career,development",medium,3,16106.08,stable,0,0
bachelors,human resources,"hr administrative paperwork,employee onboarding,employee offboarding,talent management,people development,employee communications,business objective reports,interview process management,reference checks,salary recommendations,communication,problem solving",global,"career,development",low,5,17238.58,stable,1,1
masters,human resources,"human resources management,talent management,change management,organizational management,performance management,training and development,compensation management,hris systems,legal compliance,employee relations,payroll administration,data analysis",global,"career,development",medium,4,21966.73,stable,0,1
bachelors,human resources,"hr knowledge,hris software,onboarding,recruiting,administrative tasks,reporting,attention to detail,communication,teamwork,self-motivation,organization,problem solving",global,"career,development",high,0,15537.63,stable,0,0
bachelors,human resources,"hr management,talent development,employment law,strategic planning,team leadership,organizational effectiveness,hr certifications,communication,interpersonal skills,influencing,problem solving,cultural awareness",global,"career,development",low,2,18415.55,stable,1,0
bachelors,human resources,"recruitment,employee relations,hr policies and procedures,communication,problem solving,conflict resolution,advisory skills,strategic thinking,teamwork,hr strategies,compensation management,ms office suite",global,"career,development",low,5,21454.86,stable,0,1
bachelors,human resources,"talent acquisition,employee relations,organizational development,performance management,coaching,hr metrics,communication,collaboration,critical thinking,problem solving,relationship building,adaptability",global,"career,development",medium,5,22208.33,stable,0,1
bachelors,human resources,"talent acquisition,onboarding,employee relations,hr principles and practices,employment laws and regulations,hr certification (e.g., shrm-cp, phr),communication,interpersonal skills,relationship building,problem solving,organizational skills,time management",global,"career,development",high,2,16686.16,stable,1,1
bachelors,human resources,"talent acquisition,recruitment,data analysis,project management,collaboration,communication,customer service,confidentiality,problem solving,adaptability,creativity,teamwork",global,"career,development",low,2,21851.26,stable,0,1
masters,human resources,"hr policies and procedures,recruitment,performance evaluation,employee relations,employment law,hr practices,communication,interpersonal skills,independent work,collaboration,problem solving,employee engagement",global,"career,development",low,1,17176.16,stable,0,0
bachelors,human resources,"excel,problem solving,communication,time management,documentation,training,collaboration,workday testing,test plans,test cases,test scripts,system testing",global,"career,development",high,4,22770.98,stable,0,1
bachelors,human resources,"human resources,microsoft applications,data analysis,report writing,recruitment,training documentation,communication,teamwork,problem solving,attention to detail,adaptability,ts/sci clearance",global,"career,development",high,2,22862.09,stable,1,1
bachelors,human resources,"human resources management,talent management,project management,compensation and benefits strategy,data analysis,microsoft office suite,leadership,communication,emotional intelligence,problem solving,team building,creativity",global,"career,development",low,2,19442.74,stable,1,1
bachelors,human resources,"ms office,clerical support,project coordination,communication,teamwork,problem solving,attention to detail,interpersonal skills,organizational skills,outlook,filing system management,customer service",global,"career,development",low,7,20759.36,stable,0,1
bachelors,human resources,"hr policies,data analysis,project management,interpersonal skills,communication,problem solving,teamwork,decision making,continuous learning,relationship building,self-growth,customer service systems",global,"career,development",medium,0,20196.62,stable,0,1
masters,human resources,"hr management,performance management,compensation analysis,data analysis,employee relations,organizational design,change management,diversity and inclusion,talent review,hr policies implementation,communication,team collaboration",global,"career,development",low,0,19866.66,stable,1,0
bachelors,human resources,"recruitment,onboarding,payroll administration,benefits administration,compliance,human resources policies,employee termination,business degree,interpersonal skills,communication,relationship building,problem solving",global,"career,development",medium,2,17501.79,stable,0,1
masters,human resources,"hr management,onboarding,employee relations,data analysis,ms office,workforce planning,policy management,performance management,report generation,interpersonal skills,communication,organizational skills",global,"career,development",high,7,22038.38,stable,0,0
bachelors,human resources,"recruitment,onboarding,payroll administration,compliance,policy adherence,human resources management,interpersonal skills,communication,relationship building,benefits administration",global,"career,development",low,3,21061.14,stable,0,1
masters,human resources,"talent acquisition,employee relations,benefits administration,organizational development,ms word,ms excel,analytical skills,problem-solving,communication,organizational skills,attention to detail,adaptability",global,"career,development",medium,1,17400.1,stable,1,1
bachelors,human resources,"recruiting,employee relations,performance management,onboarding,offboarding,administrative support,job descriptions,interview scheduling,confidentiality,communication,organizational skills,attention to detail",global,"career,development",low,3,22808.34,stable,0,0
bachelors,human resources,"human resources,talent acquisition,microsoft office,data analysis,compliance,conflict management,communication,problem solving,leadership,collaboration,adaptability,employee relations",global,"career,development",medium,7,21954.29,stable,1,0
bachelors,computer science,"data security,data management,data analysis,collaboration,problem solving,communication,adaptability,customer focus,etl,sql,python,cloud technologies",global,"career,development",medium,7,22380.16,stable,1,1
masters,business,"project management,application system development,integration,deployment,project planning,risk management,resource management,budget management,quality assurance,status reporting,training and education,leadership",global,"career,development",low,5,19756.14,stable,1,0
bachelors,engineering,"communication,teamwork,flexibility,multitasking,it security systems design,network monitoring,auditing,cisco amp,cisco firepower,cisco stealthwatch,qradar,eset",global,"career,development",low,2,22084.84,stable,0,1
bachelors,engineering,"troubleshooting,ticketing system,application support,system testing,change management,computer science,information technology,enhancement requests,communication,teamwork,problem solving,customer service",global,"career,development",high,0,20854.39,stable,0,1
bachelors,engineering,"network administration,troubleshooting,network security,customer service,comptia network+,problem-solving,teamwork,communication,interpersonal skills,cisco ccna,microsoft certified solutions associate (mcsa)",global,"career,development",medium,3,16214.92,stable,0,0
bachelors,engineering,"technical support,hardware installation,software installation,troubleshooting,computer maintenance,customer service,networking (lan/wan),advanced computer skills,database maintenance,communication,teamwork,problem solving",global,"career,development",high,2,22182.7,stable,0,0
bachelors,engineering,"presentation,ms office,problem solving,communication,organization,relationship building,teamwork,customer service,time management,sales,customer engagement,negotiation",global,"career,development",high,4,15439.62,stable,1,0
bachelors,computer science,"it desktop service,technical work activities,information systems,technology functions,administrative skills,customer service,team coordination,adaptability,communication,interpersonal skills,organizational skills,problem solving",global,"career,development",high,5,16637.85,stable,0,0
bachelors,engineering,"windows,basic network knowledge,professional communication,problem diagnosis,teamwork,responsibility,user satisfaction,documentation,comprehensive approach,active directory,office 365,sharepoint",global,"career,development",low,4,17391.9,stable,1,0
masters,business,"project management,documentation,technical expertise,servicenow certified system administrator (csa),servicenow platform administration,it service management (itsm),customer service management (csm),service portfolio management (spm),it operations management (itom),incident management,problem management,change management",global,"career,development",medium,6,22955.13,stable,1,1
bachelors,engineering,"technical support,troubleshooting,software configuration,operating systems,software applications,problem-solving,communication,prioritization,time management,teamwork,hardware installation,networking concepts",global,"career,development",high,7,15469.86,stable,1,0
bachelors,computer science,"it infrastructure,network connectivity,network services,network security,communication,troubleshooting,teamwork,collaboration,time management,project management,documentation,problem-solving",global,"career,development",medium,7,21259.91,stable,1,0
bachelors,engineering,"hardware support,software support,networking,troubleshooting,security measures,help desk systems,user support processes,problem-solving,critical thinking,attention to detail,organization,time management",global,"career,development",low,4,18419.56,stable,0,1
masters,business,"communication,collaboration,problem solving,decision making,self-motivation,organization,teamwork,customer engagement,leadership,sap erp s/4 hana,abap,idoc",global,"career,development",medium,1,22616.66,stable,1,0
bachelors,engineering,"hardware inventory management,organizational skills,decision making,communication,teamwork,problem solving,machine learning,statistical modeling,data visualization,mainframe operating systems,storage hardware,network hardware",global,"career,development",medium,0,16681.11,stable,1,1
bachelors,engineering,"helpdesk/desktop support,technical skills,customer success,communication,motivation,teamwork,problem solving,business fundamentals,networking,interviewing skills,resume building",global,"career,development",medium,2,18063.3,stable,1,1
masters,business,"project management,resource planning,office 365,documentation,process documentation,communication,teamwork,leadership,problem solving,strategic planning,relationship building,proactivity",global,"career,development",medium,3,23024.14,stable,1,0
bachelors,engineering,"windows,network installation,troubleshooting,communication,team collaboration,iphone,m365 applications,cato vpn,intune,jira,confluence,bilingual (japanese and english)",global,"career,development",medium,6,16401.66,stable,0,0
bachelors,engineering,"hardware support,software support,network troubleshooting,operating systems (windows, linux),microsoft office 365,database knowledge (ms sql, oracle),sql scripting,communication,interpersonal skills,teamwork,problem-solving,attention to detail",global,"career,development",medium,7,21725.65,stable,0,0
bachelors,engineering,"organization,communication,problem solving,attention to detail,teamwork,hardware inventory management,server rack and stack,desktop hardware setup,data center maintenance,tier 1 support",global,"career,development",medium,5,20661.37,stable,1,0
bachelors,engineering,"analytical thinking,attention to detail,communication,problem solving,team collaboration,it internal controls,regulatory compliance,it sarbanes-oxley (it sox),it general controls,risk assessment,it controls frameworks,audit methodologies",global,"career,development",low,0,22671.14,stable,0,0
bachelors,engineering,"microsoft office/365,hardware troubleshooting,software troubleshooting,helpdesk support,network equipment support,customer service,communication,problem solving,teamwork,inventory control",global,"career,development",medium,3,21520.03,stable,1,1
bachelors,engineering,"it hardware support,application support,network support,.net,c#,sql,lan/wan support,project management,business systems understanding,help desk support,interpersonal skills,communication",global,"career,development",low,2,21350.74,stable,0,0
bachelors,engineering,"technical support,hardware installation,software installation,network troubleshooting,user account management,it inventory management,computer hardware knowledge,computer software knowledge,networking concepts,communication,interpersonal skills,teamwork",global,"career,development",low,3,22721.65,stable,0,0
masters,engineering,"system upgrades,software implementation,data conversion,technical guidance,vendor management,backup and recovery processes,root cause analysis,documentation,disaster recovery,application evaluation,it infrastructure coordination,application development",global,"career,development",high,3,22403.34,stable,1,0
masters,business,"business acumen,collaboration,problem solving,communication,leadership,strategic thinking,it management,cloudsuite,warehouse management systems,api development,integration experience,risk analysis",global,"career,development",high,0,17511.46,stable,1,1
masters,business,"project management,communication,team management,problem solving,adaptability,microsoft azure,sdlc,agile,microsoft exchange,office 365,sharepoint,intune",global,"career,development",medium,2,20978.05,stable,1,0
masters,engineering,"risk management,sql,cybersecurity,internal controls,communication,project management,analytical skills,attention to detail,planning and organizing,collaboration,initiative,it audit",global,"career,development",medium,6,20417.83,stable,1,1
masters,business,"project management,system implementation,accounting knowledge,asset accounting,sarbanes-oxley compliance,it environment experience,collaboration,independent planning,communication,problem solving,reporting,ad hoc analysis",global,"career,development",low,0,19582.89,stable,0,0
bachelors,engineering,"help desk support,information technology (it),troubleshooting software,communication,problem solving,coaching,guidance,teamwork,adaptability,computer repairs,remote support,troubleshooting hardware",global,"career,development",medium,5,21379.8,stable,1,1
bachelors,business,"enterprise technology,data analysis,microsoft suite,application selection,healthcare technology,networking concepts,communication,collaboration,customer orientation,problem solving,self-motivation,organization",global,"career,development",medium,3,15537.54,stable,0,1
bachelors,engineering,"project coordination,microsoft,vms,data analysis,communication,problem solving,time management,customer service,teamwork,adaptability,customer business management system,scheduling management tools",global,"career,development",medium,5,22490.53,stable,0,0
bachelors,engineering,"database design,sql,performance tuning,data analysis,adhoc reporting,troubleshooting,communication,problem solving,teamwork,adaptability",global,"career,development",medium,5,15409.49,stable,1,1
bachelors,engineering,"hyper-v administration,networking,microsoft 365 administration,self-motivated,customer service,problem solving,communication,adaptability,active directory management,routing,vlans,voip installation/administration",global,"career,development",low,0,18713.36,stable,1,0
masters,business,"data management,data extraction,team leadership,communication,problem solving,stakeholder management,cross-functional collaboration,adaptability,project management,network infrastructure,erp systems,project management software",global,"career,development",medium,1,20416.7,stable,1,1
bachelors,engineering,"network security,fortigate firewalls,cybersecurity,cloud security,problem solving,troubleshooting,communication,teamwork,self-motivation,solutions-oriented thinking,continuous improvement,crowdstrike",global,"career,development",medium,7,17789.79,stable,0,1
bachelors,engineering,"physical inventory management,communication,problem solving,teamwork,adaptability,windows administration,technical support,desktop hardware support,instrument-controlled software,imaging of computers,windows security,user/group permissions management",global,"career,development",medium,6,20639.52,stable,0,1
bachelors,engineering,"microsoft office suite,pdf processing,teamwork,collaboration,communication,adaptability,problem solving,salesforce,data entry,internal tool (crs)",global,"career,development",medium,0,17645.8,stable,1,1
masters,business,"application development,project management,risk management,resource allocation,cloud technologies,communication,team collaboration,problem solving,stakeholder management,adaptability,leadership,time management",global,"career,development",medium,2,22390.2,stable,1,0
masters,business,"communication,analytic skills,critical thinking,facilitation skills,presentation skills,collaboration,team management,problem solving,flexibility,responsiveness to input,project management,cybersecurity tools implementation",global,"career,development",high,7,17263.75,stable,0,1
masters,business,"management experience,technical customer support,desktop support,service desk,technical leadership,operating systems,applications,project management,business management,technical support,leadership,communication",global,"career,development",low,0,19114.14,stable,1,1
bachelors,engineering,"data analytics,project management,customer success,communication,networking,motivation,helpdesk support,banking operations,interviewing skills,resume building",global,"career,development",medium,1,15475.24,stable,0,0
bachelors,engineering,"information technology,project management,healthcare experience,application operations,implementation,customer service,teamwork,initiative,problem solving,engagement,communication,epic certification",global,"career,development",low,4,22195.51,stable,1,1
masters,business,"troubleshooting,technical support,project management,technology solutions,system investigation,documentation,communication,team leadership,problem solving,negotiation,collaboration,adaptability",global,"career,development",low,6,18456.31,stable,1,1
bachelors,engineering,"project management tools,sharepoint,waterfall methodology,collaboration,communication,problem solving,analytical skills,autonomy,knowledge sharing,project coordination,smartsheet,excel",global,"career,development",high,1,20737.59,stable,0,1
bachelors,engineering,"computer hardware,help desk support,problem solving,communication,teamwork,adaptability,attention to detail,reasoning ability,microsoft windows,microsoft office,mobile devices",global,"career,development",medium,2,16205.17,stable,0,1
bachelors,computer science,"request management,documentation,collaboration,communication,attention to detail,problem solving,efficiency optimization,liaison skills,itsm,production readiness reviews (prr),incident management,change management",global,"career,development",medium,6,19979.78,stable,1,0
bachelors,engineering,"it management,vendor implementations,client integrations,development projects,technical skills,process development,risk mitigation,web tools,organizational skills,deadline orientation,motivational skills,problem solving",global,"career,development",high,1,20859.77,stable,1,1
masters,business,"project management,leadership,communication,collaboration,problem solving,customer focus,relationship building,critical thinking,sql,data governance,data visualization,database management",global,"career,development",medium,6,21432.35,stable,0,0
masters,business,"data analytics,influencing skills,communication skills,relationship building,credibility establishment,collaboration,problem solving,data risk management,operational risk management,regulatory compliance,data governance,risk identification",global,"career,development",medium,1,22290.09,stable,1,1
bachelors,computer science,"sql server (2012+) administration,strong sense of responsibility,ability to work independently,good interpersonal skills,communication skills,self-motivated,detail-minded,result-oriented,team player,creativity,excellent verbal skills,excellent written skills",global,"career,development",low,3,19102.96,stable,1,1
bachelors,engineering,"computer and software skills,troubleshooting,hardware and software issues resolution,team-oriented,communication,problem solving,customer service,adaptability,desktop support,mobile device support,printer setup and management,microsoft teams setup and support",global,"career,development",low,6,16028.55,stable,1,0
bachelors,engineering,"independent work,guidance to others,planning,execution,communication,voip phones,data communications equipment,pc installation,printer installation,server installation,technical site surveys,data cable installation",global,"career,development",medium,2,19090.45,stable,0,1
bachelors,engineering,"microsoft operating systems,office suite,active directory,hardware troubleshooting,software troubleshooting,networking concepts,tcp/ip,vpn,mobile device support,it ticketing system,system backups,data recovery",global,"career,development",low,6,17994.1,stable,0,0
masters,business,"project management,budget management,risk management,quality assurance,documentation,cross-functional coordination,communication,problem solving,conflict resolution,team leadership,collaboration,adaptability",global,"career,development",low,5,15736.19,stable,1,0
bachelors,engineering,"information technology strategy,team leadership,project management,budget management,risk assessment,system development,technical proficiency,collaboration,communication,interpersonal skills,organizational skills,problem solving",global,"career,development",high,0,17159.1,stable,0,0
bachelors,engineering,"desktop support,laptop support,ios devices support,troubleshooting,microsoft networking,windows os,mac os,ms office,ms 365,sharepoint,email support,internet browsers",global,"career,development",medium,4,16027.75,stable,0,1
bachelors,engineering,"it project management,budgeting,system administration,data management,accountability,proactivity,critical thinking,attention to detail,collaboration,communication,analytical skills,service orientation",global,"career,development",low,3,15636.02,stable,0,1
masters,computer science,"information technology,data analysis,network security,collaboration,problem solving,communication,organizational skills,creativity,cyber defense,vendor management,contract management,negotiation",global,"career,development",medium,7,22798.01,stable,1,0
bachelors,engineering,"data management,database management systems,data security,system architecture,integration techniques,testing methods,communication,problem solving,analytical thinking,adaptability,project management,team collaboration",global,"career,development",medium,3,18063.7,stable,1,1
bachelors,engineering,"microsoft office 2016,documentation,communication,customer service,problem solving,time management,desktop support,microsoft windows,pc hardware repair,office 365,mobile device management,ios",global,"career,development",medium,0,19583.41,stable,1,1
masters,business,"it management,cyber security,networking,team management,technical skills,communication,leadership,training,knowledge sharing,problem solving,service desk management,office 365",global,"career,development",medium,1,20984.48,stable,0,1
bachelors,engineering,"customer service,computer software,communication,teamwork,organization,judgment,motivation,interpersonal skills,adaptability,troubleshooting,ticket management system,technical support",global,"career,development",medium,2,21505.76,stable,0,1
bachelors,business,"sql,project management,technical documentation,communication,interpersonal skills,analytical skills,problem solving,teamwork,time management,customer service,organizational skills,leadership",global,"career,development",low,4,22425.2,stable,1,1
masters,business,"cybersecurity,communication,strategic planning,team management,problem solving,adaptability,cloud migration,erp implementation,infrastructure design,m365 dynamics erp,it leadership,it staffing and support",global,"career,development",low,1,21837.19,stable,1,1
masters,business,"hardware management,project management,database management,documentation,communication,interpersonal skills,independence,multitasking,leadership,problem solving,collaboration,attention to detail",global,"career,development",low,3,22399.55,stable,1,1
bachelors,computer science,"sharepoint,teamwork,problem solving,customer service,self-motivation,integrity,collaboration,communication,leadership,power bi,sql,html",global,"career,development",medium,5,19347.14,stable,0,0
bachelors,engineering,"system administration,troubleshooting,teamwork,communication,customer orientation,problem solving,attention to detail,adaptability,time management,analytical thinking,motivation,security clearance",global,"career,development",high,6,17303.68,stable,1,1
masters,business,"financial reporting,advanced excel,sap,data analysis,reporting tools,purchase orders,communication,collaboration,mentoring,problem-solving,process improvement,budgeting",global,"career,development",medium,6,19861.49,stable,1,0
masters,business,"project management,ms office (powerpoint, excel),tech infrastructure knowledge,project financials understanding,communication,self-management,problem solving,teamwork,proactivity,transition and transformation (t&t) experience,ms project,smartsheet",global,"career,development",high,1,18411.33,stable,0,0
bachelors,human resources,"cyber security,information technology,technical reporting,critical thinking,analytical skills,communication,problem solving,independence,teamwork,research skills,information assurance,log analysis",global,"career,development",medium,3,15469.53,stable,1,1
bachelors,engineering,"network infrastructure,cat5/6 cabling,domain controller,active directory,management and implementations,hands-on support,problem solving,communication,teamwork,scalable solutions,wireless networks,network switches",global,"career,development",medium,2,22867.62,stable,1,0
masters,business,"budget management,data security,project management,database management,leadership,communication,interpersonal skills,strategic thinking,team management,decision-making,problem-solving,adaptability",global,"career,development",medium,4,18803.59,stable,1,1
bachelors,engineering,"database management systems,data integration,problem solving,communication,analytical thinking,teamwork,organizational skills,data management,data quality standards,cloud reporting and analytics,data mining,data warehousing",global,"career,development",medium,3,21782.4,stable,1,0
bachelors,engineering,"help desk support,customer service,networking principles,teamwork,adaptability,organizational skills,oral communication,written communication,multi-tasking,confidentiality,cultural sensitivity,compliance knowledge",global,"career,development",low,5,22704.09,stable,1,1
masters,engineering,"attention to detail,self-motivated,collaboration,communication,problem solving,time management,adaptability,oracle database administration,disaster recovery procedures,database backup/recovery utilities,recovery manager (rman),data pump",global,"career,development",medium,4,15682.37,stable,1,0
masters,business,"management experience,customer service,communication,problem solving,teamwork,active directory,windows servers,o365,stakeholder management,vendor management",global,"career,development",medium,7,21419.79,stable,1,0
bachelors,engineering,"software development methodologies,applications development process,communication,interpersonal skills,analytical problem solving,organizational skills,time management,self-motivation,adaptability,project management tools,technical documentation,laboratory procedures",global,"career,development",low,4,22085.69,stable,1,1
bachelors,engineering,"help desk support,microsoft office,windows operating system,mac operating system,server operating systems,cctv systems,communication,problem solving,time management,customer service,teamwork,vpns",global,"career,development",low,4,22997.54,stable,1,1
masters,business,"information technology,project management,cost-effective solutions,communication,collaboration,customer focus,problem solving,accountability,leadership,adaptability,programming,network administration",global,"career,development",low,5,15702.95,stable,0,0
masters,business,"network administration,microsoft systems,network management,project management,cisco telephony,customer service,team building,communication,analytical skills,problem resolution,leadership,relationship building",global,"career,development",low,2,16081.88,stable,1,1
masters,business,"communication,teamwork,client interfacing,organizational skills,problem solving,adaptability,time management,interpersonal skills,collaboration,critical thinking,independence,microsoft bi stack",global,"career,development",high,7,16542.24,stable,0,0
bachelors,engineering,"office 365 administration,troubleshooting,security protocols,technical support,cloud-based software,communication,collaboration,problem solving,interpersonal skills,independence,microsoft intune,jira",global,"career,development",medium,4,15533.82,stable,0,0
bachelors,engineering,"windows administration,active directory management,network administration,hardware support,disaster recovery planning,technical infrastructure management,problem solving,communication,teamwork,adaptability,time management,microsoft 365 management",global,"career,development",medium,1,18901.5,stable,0,1
bachelors,business,"microsoft excel,analytical skills,communication,problem solving,attention to detail,collaboration,adaptability,critical thinking,customer focus,erp systems,data integration,financial applications",global,"career,development",low,5,19498.29,stable,0,1
bachelors,engineering,"hardware/software troubleshooting,computer deployment (sccm/autopilot),microsoft office troubleshooting,customer service,communication,teamwork,active directory",global,"career,development",low,6,20826.04,stable,1,1
masters,engineering,"information security,network security,security incident management,security monitoring,operating systems,firewalls,vpns,microsoft 365,networking principles,tcp/ip,analytical abilities,problem solving",global,"career,development",medium,4,16850.29,stable,1,1
masters,business,"it strategy development,data security measures,network management,hardware procurement,sql,data backup systems,it budget management,web and mobile platform development,leadership,communication,problem solving,interpersonal skills",global,"career,development",low,1,22084.7,stable,0,0
masters,business,"customer engagement,interpersonal skills,problem solving,communication,team management,zafire,inform groundstar planning,realtime,workforce plus,business intelligence,data analysis,reporting",global,"career,development",medium,5,22935.46,stable,1,1
bachelors,engineering,"technical support,hardware troubleshooting,software troubleshooting,documentation,it security policies,it service management,communication,collaboration,customer service,problem solving,professionalism,adaptability",global,"career,development",high,7,20157.42,stable,0,1
bachelors,engineering,"network administration,information technology,network security,troubleshooting,customer service,comptia a+,network+,security+,communication,interpersonal skills,teamwork,independence",global,"career,development",medium,3,16270.95,stable,0,0
bachelors,engineering,"cyber security,information technology,computer programming,system administration,operating systems,communication,critical thinking,problem solving,analytical skills,teamwork,information assurance,network security",global,"career,development",medium,4,17060.7,stable,1,0
masters,business,"it systems implementation,collaboration,communication,leadership,problem solving,adaptability,project management,agile,scrum master certification,pmp certification,safe certification,financial services experience",global,"career,development",medium,1,19844.33,stable,1,1
masters,business,"it management,network infrastructure,budget management,troubleshooting,security compliance,engineering,application support,leadership,communication,problem solving,approachability,team management",global,"career,development",high,0,15771.23,stable,0,1
bachelors,business,"business analysis,process flow documentation,jira,strategic planning,product development,product strategy,communication,presentation,collaboration,problem solving,market research,confluence",global,"career,development",low,6,21193.69,stable,0,0
masters,business,"project management,cybersecurity,office 365,leadership,strategic thinking,communication,collaboration,problem solving,mentoring,interpersonal skills,team management,user support",global,"career,development",medium,5,22164.57,stable,1,1
bachelors,engineering,"it support,system maintenance,hardware installation,software installation,ms project,help desk systems,problem solving,multi-tasking,teamwork,communication,customer interface,self-motivation",global,"career,development",high,4,18773.93,stable,0,0
bachelors,engineering,"it infrastructure management,incident management,project management,problem management,networking,hardware support,software support,database knowledge,report writing,technical certifications,access management,system backups",global,"career,development",high,7,18753.99,stable,1,1
masters,business,"information technology expertise,analytical skills,problem solving,communication,decision making,product management,business requirements gathering,business process optimization,agile methodologies,scrum methodologies,market analysis,data-driven decision making",global,"career,development",medium,0,20397.87,stable,1,1
masters,computer science,"information technology,vendor management,contract management,negotiation,data analysis,cloud software,network security,budget management,digital transformation,time management,collaboration,problem solving",global,"career,development",medium,3,18450.53,stable,0,0
masters,engineering,"network management,communication,interpersonal skills,problem solving,adaptability,ability to work under pressure,documentation,collaboration,microsoft windows server,ibm iseries,linux,vmware",global,"career,development",medium,2,19992.94,stable,1,1
bachelors,engineering,"leadership,organizational skills,planning skills,multi-tasking,adaptability,communication,problem solving,time management,oracle pl/sql,java,angular ui,spring boot",global,"career,development",medium,5,15963.61,stable,1,1
bachelors,engineering,"sql,data analysis,excel,database management,critical thinking,attention to detail,technical support,training skills,communication,problem solving,power bi,c#",global,"career,development",medium,4,21246.95,stable,1,1
masters,business,"excel,project documentation,communication,presentation skills,relationship building,organization skills,detail oriented,multitasking,leadership,pmp certification,ms project,agile methodologies",global,"career,development",medium,4,19396.93,stable,0,1
masters,engineering,"microsoft office suite,analytical skills,attention to detail,financial services knowledge,technology infrastructure,communication skills,collaboration,problem solving,time management,organizational skills,interpersonal skills,adaptability",global,"career,development",low,7,16238.67,stable,0,0
bachelors,engineering,"windows os maintenance,technical troubleshooting,virtual machines (hyper-v),remote management tools,customer service,communication,teamwork,problem solving,adaptability,independence,multi-tasking,active directory",global,"career,development",medium,7,19508.74,stable,0,1
bachelors,engineering,"user documentation writing,communication,problem solving,attention to detail,adaptability,organizational skills,time management,collaboration,it risk assessments,compliance,internal audit,risk management framework",global,"career,development",medium,2,21150.94,stable,0,0
bachelors,engineering,"database structure,android os,ios,sql server,customer service,problem solving,communication,microsoft office,word,excel,sap,software troubleshooting",global,"career,development",low,6,16907.49,stable,0,1
bachelors,engineering,"user support,problem solving,communication,teamwork,attention to detail,time management,active directory,vaulting server,privileged access manager (pam),azure,single sign-on,service accounts management",global,"career,development",medium,2,22750.88,stable,0,1
masters,engineering,"networking technologies,leadership,team supervision,performance management,communication,microsoft windows,microsoft operating systems,desktop imaging tools (sccm),microsoft office suite,remote access technologies (citrix, vpn),practice/litigation support applications,wireless pda technologies (ios)",global,"career,development",medium,1,22595.16,stable,1,0
bachelors,engineering,"programming,project management,communication,teamwork,cobol,z/os,os/390,z/vm",global,"career,development",medium,5,20153.61,stable,0,0
bachelors,computer science,"software design,programming,project management,information analysis,communication,critical thinking,organizational skills,teamwork,adaptability,commitment to diversity,engagement,feedback provision",global,"career,development",medium,7,21583.3,stable,1,1
masters,business,"problem solving,project management,stakeholder management,risk assessment,resource management,budget management,clarity ppm,clinical trials,quality management,process improvement,leadership,communication",global,"career,development",medium,4,20925.8,stable,1,1
bachelors,engineering,"pc hardware,software support,networking,microsoft office suite,lan infrastructure,vmware esxi,microsoft servers,printer configuration,backup software,barcode scanning systems,erp systems,security measures",global,"career,development",low,6,16338.52,stable,1,1
bachelors,engineering,"database software,audit program tests,internal controls,financial audits,operational audits,information technology audits,word processing,spreadsheet software,project coordination,oral communication,written communication,interpersonal communication",global,"career,development",low,6,21558.31,stable,1,0
masters,business,"it project management,project management tools,strategic planning,technical writing,data management,budget management,risk management,change management,healthcare experience,public health knowledge,legacy system upgrade,release planning",global,"career,development",low,3,19768.3,stable,1,1
masters,engineering,"it governance,audits,application design,sdlc,project management,vendor management,ms project,communication,presentation skills,work ethic,detail-oriented,proactive",global,"career,development",high,3,16070.2,stable,1,0
bachelors,engineering,"security compliance (dod stigs),ms sql database,software building,technical support,problem solving,communication,teamwork,adaptability,attention to detail,integrity,windows server,windows 10",global,"career,development",high,6,20275.27,stable,1,1
masters,business,"it management,network management,software installation,data security,project management,procurement processes,it infrastructure,technical support,system troubleshooting,technology trends,leadership,communication",global,"career,development",medium,1,19366.85,stable,0,0
bachelors,engineering,"windows operating systems,customer service,problem solving,oral communication,attention to detail,troubleshooting,technical support,software installation,network configuration,automated ticketing systems,information assurance certification,hardware installation",global,"career,development",medium,4,20104.55,stable,1,1
bachelors,engineering,"windows,active directory,network troubleshooting,technical support,teamwork,communication,problem solving,adaptability,attention to detail,cots software,linux,ms sql",global,"career,development",medium,2,21328.57,stable,0,1
bachelors,engineering,"desktop computers,problem-solving,communication,customer service,technical support,troubleshooting,printers,it support",global,"career,development",high,3,17516.01,stable,0,1
bachelors,engineering,"installation,configuration,troubleshooting,networking,operating systems,office productivity applications,enterprise applications,internet connectivity,mobile devices,printing devices,peripheral devices,diagnostics",global,"career,development",medium,1,21633.38,stable,0,0
bachelors,engineering,"written communication,verbal communication,team collaboration,independent work,adaptability,problem solving,time management,system security plans (ssp),nist control requirements,information security principles,networking components,operating systems",global,"career,development",low,2,19916.89,stable,1,1
masters,business,"project management,project management software,budget management,resource management,stakeholder communication,project planning,communication,customer service,decision making,interpersonal skills,leadership,problem solving",global,"career,development",medium,5,19041.27,stable,1,0
bachelors,engineering,"application development,software testing,systems analysis,documentation,problem resolution,communication,teamwork,problem solving,user support,adaptability,cobol,java",global,"career,development",medium,7,20343.18,stable,0,1
bachelors,business,"business analysis,process flow documentation,strategic planning,product development,documentation,communication,collaboration,facilitation,problem solving,innovation,leadership,passion for technology",global,"career,development",medium,0,17378.01,stable,1,0
bachelors,engineering,"project management,business operations,ms office,organizational skills,time management,communication,teamwork,collaboration,problem solving,jira,confluence,sharepoint",global,"career,development",low,4,23005.95,stable,1,0
bachelors,engineering,"windows administration,active directory management,network administration,hardware support,technical infrastructure management,inventory management,problem solving,communication,teamwork,adaptability,time management,microsoft 365 management",global,"career,development",medium,0,18808.92,stable,0,0
bachelors,engineering,"technical troubleshooting,customer service,computer applications,teamwork,communication,problem solving,organization,professionalism,integrity,attention to detail,client service,collaboration",global,"career,development",low,2,23032.67,stable,1,1
bachelors,engineering,"helpdesk support,troubleshooting,collaboration,communication,problem solving,accountability,attention to detail,vm management,server administration,data backup and restoration,disaster recovery planning,information security",global,"career,development",high,4,17996.65,stable,1,1
bachelors,engineering,"troubleshooting,problem-solving,communication,attention to detail,organizational skills,ability to work in a fast-paced environment,meeting deadlines,technical support,computer repair,desktop computers support,printer support,comptia a+",global,"career,development",high,2,16059.57,stable,0,1
bachelors,engineering,"network administration,sql databases,tcp/ip networking,programming or scripting languages,communication,collaboration,multi-tasking,customer-centric focus,decision-making,self-initiative,continuous improvement mindset,attention to detail",global,"career,development",medium,6,18225.56,stable,1,0
masters,engineering,"it configuration,it integration,it security,project management,technical analysis,customer support policies,performance testing,system design,attention to detail,customer service,oral communication,problem solving",global,"career,development",low,4,19396.76,stable,1,0
masters,business,"data governance,data management,cloud platforms,hardware standards,software standards,network standards,communication,leadership,autonomy,analytical thinking,team management,problem solving",global,"career,development",low,7,20329.3,stable,1,0
bachelors,engineering,"pc configuration,mac configuration,technical problem solving,remote assistance,microsoft os imaging,apple os x,windows deployment,technical support,project management,software installation,hardware upgrades,maintenance of proprietary systems",global,"career,development",medium,2,19503.77,stable,1,1
bachelors,engineering,"computer repairs,help desk support,information technology (it),remote support,troubleshooting hardware,installing software,remote access tools,cloud infrastructure,communication,problem solving,coaching,teamwork",global,"career,development",medium,5,15803.01,stable,0,0
bachelors,engineering,"communication,customer service,problem solving,teamwork,technical support,troubleshooting,ticketing system,hardware installation,software installation,network support,diagnosis,configuration",global,"career,development",medium,7,21026.01,stable,1,1
masters,business,"it asset management (itam),servicenow itam module,technical resource coordination,attention to detail,documentation,reporting,collaboration,continuous improvement,problem solving,data center inventory management database (dcimb),itil certification,citam certification",global,"career,development",high,4,16083.51,stable,0,0
bachelors,engineering,"problem solving,communication,collaboration,independence,proactive attitude,network administration,server administration,meraki network equipment,windows server 2016+,vmware,network security,firewalls",global,"career,development",medium,5,16947.19,stable,1,0
masters,business,"documentation,resource management,communication,problem solving,team collaboration,adaptability,project management,risk management,sdlc (software development life cycle),defect tracking,change control,quality assurance",global,"career,development",low,7,21727.91,stable,1,1
masters,business,"data analysis,documentation,training development,continuous improvement,team leadership,communication,collaboration,problem solving,mentorship,customer focus,adaptability,leadership",global,"career,development",high,4,21524.96,stable,0,1
masters,business,"it applications,cross-functional management,support tools and techniques,strategic planning,service awareness,organizational skills,customer service skills,leadership,interpersonal skills,communication skills,active listening,multi-tasking",global,"career,development",low,3,22901.07,stable,1,1
masters,business,"project management,change management,pmp certification,high-tech industry experience,stakeholder management,communication,relationship building,problem solving,team leadership,adaptability,program management,risk assessment",global,"career,development",high,4,19557.67,stable,1,1
bachelors,computer science,"network infrastructure,network security,project planning,network configuration,collaboration,technical support,problem solving,communication,planning,vpn,firewall management,fortigate firewalls",global,"career,development",medium,7,17379.26,stable,0,0
masters,business,"project management,risk management,budgeting,financial analysis,communication,stakeholder management,problem solving,teamwork,azure devops (ado),agile,microsoft project,trello",global,"career,development",medium,1,21760.72,stable,0,1
bachelors,engineering,"it fundamentals,programming logic,networking concepts,computer hardware functions,comptia a+ certification,communication,teamwork,adaptability,conflict resolution,mentoring,organizational skills,engagement",global,"career,development",low,4,16305.9,stable,1,0
masters,business,"it management,network management,ticket management system,troubleshooting,pc hardware and software,project management,technical documentation,infrastructure components knowledge,teamwork,communication,problem solving,collaboration",global,"career,development",high,0,16074.85,stable,0,0
bachelors,engineering,"performance improvement,problem solving,attention to detail,data analysis,statistical analysis,data extraction,data management,reporting,data integrity validation,software applications (strata, midas+),data collection,auditing",global,"career,development",low,1,21754.7,stable,1,1
bachelors,engineering,"project management,data analysis,microsoft office suite,ms project,software development life cycle (sdlc),documentation management,vendor management,collaboration tools,communication,problem solving,teamwork,customer service",global,"career,development",high,2,19370.73,stable,0,1
masters,business,"communication,leadership,proactivity,collaboration,problem solving,workday,technical project management,hr processes,stakeholder management,cloud strategies,mobility solutions",global,"career,development",medium,3,19762.63,stable,0,0
bachelors,engineering,"it security operations,security controls,risk management,cybersecurity awareness,security+ certification,technical guidance,enterprise-level security practices,collaboration,communication,continuous development,problem solving,cissp certification",global,"career,development",high,2,16296.02,stable,1,1
bachelors,engineering,"linux,troubleshooting,team coordination,problem resolution,microsoft server operating systems,microsoft active directory,active directory replication,dns,dhcp,group policy,kerberos,ntlm",global,"career,development",medium,2,19500.11,stable,1,0
bachelors,engineering,"sql,microsoft suite,active directory,wordpress,access,excel,customer service,analytical skills,problem solving,teamwork,communication,adaptability",global,"career,development",low,4,17746.03,stable,0,1
masters,business,"it management,technical leadership,project management,windows operating system,telecommunications systems,cybersecurity,budget management,policy development,database administration,network administration,communication,collaboration",global,"career,development",low,5,16584.19,stable,1,1
bachelors,business,"data management,data cleansing,data validation,excel,documentation,collaboration,problem solving,communication,accountability,peoplesoft,coupa,master data management",global,"career,development",high,0,20335.48,stable,0,1
masters,business,"it management,budget management,network infrastructure,project coordination,vendor management,communication,teamwork,problem solving,strategic thinking,leadership,adaptability,user education",global,"career,development",medium,0,17815.7,stable,1,1
bachelors,engineering,"desktop hardware,networking,troubleshooting,inventory management,technical support,problem solving,organization,communication,customer service,professionalism,servicenow,software installation",global,"career,development",low,2,21289.04,stable,0,0
bachelors,engineering,"data analytics tools,analytical skills,problem solving,communication skills,interpersonal skills,project management,independence,collaboration,adaptability,it auditing,risk management,compliance frameworks",global,"career,development",medium,1,21754.05,stable,1,0
masters,business,"it operations management,technical support,pc imaging software (mdt, sccm, smartdeploy, acronis),microsoft active directory,dns,windows 10 and windows 11,collaboration,communication,problem solving,leadership,multitasking,analytical thinking",global,"career,development",low,3,15598.75,stable,0,1
masters,business,"technical program management,enterprise systems,technology operations,end user computing,leadership,interpersonal skills,cross-functional collaboration,communication,problem-solving,decision-making,risk management,resource optimization",global,"career,development",low,3,21380.77,stable,0,0
bachelors,engineering,"software applications,data management,information security,business analysis,project management,communication,teamwork,customer service,organization,problem solving,adaptability,office equipment operation",global,"career,development",medium,3,19297.29,stable,0,1
bachelors,engineering,"network infrastructure management,vulnerability scanning,information security management,collaboration,communication,problem solving,supervision,time management,customer service,network device configuration,patch management,ids/ips systems",global,"career,development",low,1,15402.56,stable,1,0
masters,business,"sql,sql server,agile,erp,team management,communication,problem solving,coaching,delegation,motivation,workflow analysis,leadership",global,"career,development",low,2,16570.59,stable,1,1
masters,engineering,"cloud technology,analytical skills,problem-solving,communication,collaboration,leadership,relationship building,euc architecture,data governance,data mastering,metadata management,systems integration",global,"career,development",medium,1,17030.52,stable,0,0
bachelors,engineering,"troubleshooting,collaboration,communication,problem solving,results-driven,network management,network configuration,sciencelogic,network devices,routing protocols,bgp,ospf",global,"career,development",high,2,20751.77,stable,0,0
bachelors,engineering,"digital systems management,data analysis,networking,project management,communication systems,problem solving,team leadership,innovation,adaptability,collaboration,strategic thinking,decision making",global,"career,development",medium,5,15974.65,stable,0,0
masters,business,"project management,software development life cycle,leadership,communication,interpersonal skills,team management,collaboration,innovation,mentorship,strategic planning,financial acumen,problem solving",global,"career,development",low,3,20729.64,stable,1,0
bachelors,engineering,"windows 10,active directory,troubleshooting,documentation,windows server,communication,analytical skills,reliability,teamwork,problem solving,organizational skills,adaptability",global,"career,development",low,3,17162.49,stable,1,0
bachelors,human resources,"cyber security,information technology,data analysis,identity and access management,software development security,communication,critical thinking,problem solving,analytical skills,independence,teamwork,information assurance",global,"career,development",medium,6,20204.0,stable,1,0
bachelors,engineering,"cybersecurity,cloud solutions,automation,digital transformation,project management,communication,collaboration,problem solving,innovation,it strategy,erp systems,data platform",global,"career,development",medium,7,21499.12,stable,0,0
bachelors,engineering,"technical support,troubleshooting,hardware diagnostics,software support,networking,hardware asset management,imaging and repair of equipment,client service orientation,communication,problem solving,teamwork,time management",global,"career,development",medium,5,18231.75,stable,0,0
masters,business,"cyber security,microsoft 365,networking concepts,it contract management,project management,collaboration,communication,presentation skills,problem solving,attention to detail,proactive work style,professionalism",global,"career,development",high,6,18380.51,stable,1,1
masters,business,"network administration,data management,project management,risk mitigation strategies,communication,collaboration,leadership,problem solving,independence,creativity,adaptability,self-starter",global,"career,development",low,6,19106.35,stable,0,1
masters,business,"communication tools,leadership,collaboration,problem solving,project management,portfolio management,risk mitigation,budgeting,kpi tracking,technical systems management,pmo processes,process improvement",global,"career,development",low,4,20643.51,stable,0,0
masters,business,"project management,change management,release management,microsoft office,sharepoint,information security,enterprise applications,network infrastructure,process improvement,documentation,communication,collaboration",global,"career,development",low,4,15493.33,stable,0,1
bachelors,engineering,"technical operations support,data backup,software installation,workstation deployment,windows os,troubleshooting,configuration management,customer service,communication,team collaboration,problem solving,adaptability",global,"career,development",low,0,15897.55,stable,0,0
masters,business,"it management,project management,technical operations,windows operating system,unix operating system,database administration,policy development,it infrastructure analysis,leadership,communication,collaboration,customer service",global,"career,development",medium,3,19619.29,stable,1,0
masters,business,"procurement processes,data analysis,ms office suite,service now,project management software,communication,stakeholder management,problem solving,customer service,critical thinking,initiative,team collaboration",global,"career,development",low,1,16549.13,stable,1,1
bachelors,engineering,"troubleshooting,software installation and configuration,network equipment maintenance,data security best practices,communication skills,problem solving,team collaboration,windows operating systems,help desk support,desktop support,it ticketing systems,computer hardware installation",global,"career,development",medium,0,21077.65,stable,0,1
masters,business,"it management,project management,vendor management,security compliance,resource allocation,it solutions design,budget management,leadership,decision-making,analytical skills,problem-solving,interpersonal skills",global,"career,development",medium,1,22018.65,stable,0,0
bachelors,engineering,"computer science,ms office (word, powerpoint, excel, outlook, teams, sharepoint),website compliance,content generation,report creation,research,communication,teamwork,problem solving,guidance and support,presentation skills,attention to detail",global,"career,development",medium,0,22756.08,stable,0,0
bachelors,engineering,"nist cybersecurity framework,risk management,technical system reviews,it systems support,attention to detail,customer service,oral communication,problem solving,collaboration,advisory skills,privacy compliance,data breach response",global,"career,development",low,0,21628.4,stable,1,1
masters,business,"communication,metrics reporting,adaptability,attention to detail,team collaboration,financial analysis,presentation skills,procurement lifecycle knowledge,asset management lifecycle knowledge,servicenow,ariba",global,"career,development",high,4,15695.88,stable,1,0
masters,business,"technical solution implementation,business process analysis,documentation authoring,proficient in word,mathematical skills,communication,team leadership,problem solving,multitasking,dependability,detail-oriented,relationship building",global,"career,development",medium,5,19214.98,stable,1,0
masters,business,"it strategy development,budget management,project management,networking technologies,server management,software applications,disaster recovery planning,it security policies,technical certifications (pmp, itil, cissp),roi calculation for it systems,leadership,communication",global,"career,development",low,7,20127.29,stable,0,0
masters,business,"negotiation,data analysis,communication,stakeholder management,problem solving,customer service,critical thinking,influence,team collaboration,process improvement,contract management,supply chain management",global,"career,development",high,6,16213.84,stable,0,1
masters,business,"it security,project management,it policies and procedures,team leadership,communication,analytical thinking,delegation,problem solving,organizational skills,it management,network engineering,systems administration",global,"career,development",low,2,15720.88,stable,0,0
bachelors,engineering,"windows,mac,voip,networking,troubleshooting,hardware support,software support,switching/routing,communication,teamwork,problem solving,customer service",global,"career,development",low,0,21576.41,stable,0,1
bachelors,engineering,"microsoft windows 10,vmware,printer server management,lan,wan,troubleshooting,computer hardware,operating systems,applications,networks,initiative,time management",global,"career,development",medium,5,21078.81,stable,1,0
bachelors,engineering,"technical support,troubleshooting,onsite support,time management,communication,adaptability,teamwork,problem solving,customer service,equipment handling,driving",global,"career,development",high,2,22874.77,stable,1,0
masters,business,"microsoft 365 suite,project management,administrative tasks,communication,interpersonal skills,teamwork,organizational skills,stakeholder engagement,presentation skills,collaboration,continuous learning,customer engagement methodologies",global,"career,development",low,5,16740.64,stable,1,1
bachelors,engineering,"nist 800 series,risk assessments,security planning,it security frameworks,analytical skills,organizational skills,communication skills,collaboration,innovative thinking,resourcefulness,results-driven,it compliance documentation",global,"career,development",medium,6,15929.09,stable,1,1
masters,business,"it infrastructure management,network management,server management,software systems implementation,it security policies,project management,technical support,troubleshooting,data protection,regulatory compliance,leadership,communication",global,"career,development",low,7,22852.52,stable,1,0
bachelors,computer science,"windows,problem-solving,office 365,troubleshooting,documentation,communication,interpersonal skills,self-starter,organizational skills,relationship building,mac,linux",global,"career,development",medium,2,22915.13,stable,0,1
bachelors,business,"business analysis,market research,strategic planning,documentation,communication,presentation,collaboration,facilitation,problem solving,stakeholder engagement,process flow documentation,jira",global,"career,development",medium,0,20135.6,stable,0,1
bachelors,engineering,"data analysis,system implementation,reporting tools,project management,security measures,leadership,communication,teamwork,analytical skills,interpersonal skills,proactive approach,continuous learning",global,"career,development",high,1,19082.57,stable,0,1
bachelors,engineering,"it project management,it service management (itsm),microsoft office suite,key performance indicators (kpis),project coordination,communication,problem solving,teamwork,professionalism,tact,independence,customer service",global,"career,development",high,5,17654.73,stable,0,0
masters,engineering,"comptia security+,windows server,windows 10,linux,oracle databases,network storage systems,powershell,vmware,scripting,system troubleshooting,active directory,problem solving",global,"career,development",medium,7,22486.29,stable,1,1
masters,business,"erp administration,technical support,data management,network access control,backup systems management,troubleshooting,software negotiation,communication,problem solving,teamwork,ms azure",global,"career,development",medium,7,16386.34,stable,1,0
bachelors,engineering,"comptia security+,windows server,linux,oracle databases,network storage systems,vmware,troubleshooting,system installation,system configuration,system maintenance,problem solving,communication",global,"career,development",medium,5,16131.59,stable,1,1
masters,business,"project management,business analysis,documentation,budget management,it experience,business requirements gathering,emerging technologies,communication,leadership,collaboration,problem solving,adaptability",global,"career,development",high,5,20119.63,stable,1,0
masters,business,"it infrastructure,technology business management (tbm),relational database concepts,budgetary planning,communication,leadership,interpersonal skills,collaboration,analytical thinking,problem solving,financial modeling,data analytics",global,"career,development",medium,0,20605.06,stable,1,0
bachelors,engineering,"it certifications (e.g., comptia a+),problem-solving,communication,interpersonal skills,collaboration,customer satisfaction focus,leadership,training development,proactive approach,tier 2 and 3 technical support,help desk software,ticketing systems",global,"career,development",high,6,17601.48,stable,0,0
bachelors,engineering,"communication,problem solving,issue management,project management,change management,resource forecasting,task breakdown,project tracking,project reporting,project management tools,prioritization,creativity",global,"career,development",medium,4,17389.92,stable,0,1
masters,business,"project management,microsoft office suite,communication,critical thinking,teamwork,leadership,initiative,organizational skills,interpersonal skills,problem solving,it audit,risk assessment",global,"career,development",high,7,18946.15,stable,1,0
masters,business,"it security practices,distributed systems,project management,leadership,communication,problem solving,adaptability,c#,java,c++,rdbms design,containerization",global,"career,development",low,7,16790.58,stable,1,1
bachelors,engineering,"technical support,problem solving,user account management,hardware troubleshooting,software troubleshooting,network configuration,security monitoring,vulnerability scanning,knowledge base creation,windows operating systems,server management,software upgrades",global,"career,development",high,4,22981.96,stable,0,1
masters,business,"cloud services,server management,networking,cybersecurity,project management,leadership,mentoring,communication,team development",global,"career,development",medium,3,16231.17,stable,0,1
bachelors,engineering,"hardware installation,software installation,troubleshooting,network configuration,windows operating systems,server administration,database programming,microsoft windows,inventory management,communication,problem solving,customer service",global,"career,development",medium,7,17044.04,stable,1,0
masters,business,"team management,vendor relations,active directory,desktop support,cisco networking,it security best practices,network device configuration,firewalls,l2/l3 switches,waps,communication,problem solving",global,"career,development",medium,0,18583.31,stable,1,0
bachelors,engineering,"problem solving,communication,teamwork,flexibility,positive attitude,customer service,ehr software,clinical informatics,interoperability,software build,troubleshooting,needs assessment",global,"career,development",medium,4,17691.12,stable,1,0
bachelors,engineering,"network engineering,technical reporting,communication,problem solving,teamwork,security configuration hardening,incident detection,siem,threat hunting,event correlation,log analysis,vpn troubleshooting",global,"career,development",high,4,19844.23,stable,0,1
bachelors,engineering,"network administration,hardware support,disaster recovery planning,technical infrastructure management,phone systems management,problem solving,communication,teamwork,adaptability,time management,customer service orientation,attention to detail",global,"career,development",low,0,18953.99,stable,1,0
bachelors,engineering,"it support,vpn,computer hardware,computer software,inventory management,communication,problem solving,customer service,teamwork,adaptability,microsoft office suite,office equipment operation",global,"career,development",low,2,22187.17,stable,1,1
masters,business,"project management,program management,analytical skills,it project delivery,information technology,project planning,itil certification,technical concepts understanding,communication,interpersonal skills,organizational skills,time management",global,"career,development",low,1,21560.55,stable,0,1
bachelors,computer science,"microsoft environment support,microsoft certifications,customer focus,communication,motivation,enthusiasm,interfacing with clients,teamwork,device networking,database troubleshooting,pc hardware skills,electromechanical skills",global,"career,development",medium,1,21676.41,stable,0,1
masters,business,"service desk management,desktop support,training and development,performance monitoring,statistical reporting,sop compliance,knowledgebase management,leadership,communication,coaching,problem solving,time management",global,"career,development",medium,5,21435.2,stable,1,1
masters,business,"microsoft powerpoint,microsoft office suite,process management,project management tools,communication,teamwork,problem solving,leadership,analytical thinking,collaboration,organizational skills,strategic thinking",global,"career,development",high,5,21867.72,stable,1,0
bachelors,engineering,"contract lifecycle management (clm),vendor selection process,digital transformation,requirements gathering,process analysis,project management,stakeholder communication,best practices consulting,risk management,collaboration,problem solving,communication",global,"career,development",medium,2,22777.17,stable,1,0
bachelors,engineering,"system implementation,project management,it products support,technology direction setting,configuration management,collaboration,leadership,mentoring,relationship building,problem solving,communication,flexibility",global,"career,development",medium,2,21883.17,stable,0,1
masters,business,"data analysis,technology knowledge,project management,presentation skills,communication,relationship building,analytical thinking,problem solving,collaboration,adaptability,sourcing strategies,vendor management",global,"career,development",medium,3,18235.98,stable,1,1
bachelors,engineering,"cybersecurity,information technology,project management,federal laws and regulations compliance,data analytics,operating systems (windows, unix),configuration management tools,health information technology,technical writing,business development,problem solving,teamwork",global,"career,development",low,5,17072.51,stable,0,1
bachelors,engineering,"project management,microsoft office suite,communication,problem solving,organizational skills,prioritization,collaboration,adaptability,smartsheet,jira,tableau,anaplan",global,"career,development",low,5,20756.26,stable,1,1
bachelors,engineering,"financial analysis,forecast models,data management,change management,communication,problem solving,teamwork,analytical thinking,leadership,ms excel,power bi,capital projects accounting",global,"career,development",medium,0,16796.16,stable,0,0
bachelors,engineering,"it management,network security principles,microsoft office (excel, word, powerpoint, sharepoint),interpersonal communication,written communication,verbal communication,teamwork,problem solving,analytical mindset,self-motivation,project management,data integration patterns",global,"career,development",medium,7,19103.49,stable,0,1
bachelors,engineering,"microsoft office suite,networking,computer troubleshooting,communication,problem solving,teamwork,vendor management,customer service,sharepoint,asset management tools,laptop imaging setup,microsoft desktop operating system",global,"career,development",medium,7,17135.88,stable,1,1
bachelors,engineering,"technical support,ticket management,user account management,microsoft exchange,problem identification and resolution,documentation,customer service,communication,problem solving,teamwork,attention to detail,independence",global,"career,development",high,6,20608.8,stable,1,1
bachelors,engineering,"information technology,communication,teamwork,problem solving,flexibility,client relationship management,technical evaluation,staffing solutions,engineering,defense staffing",global,"career,development",medium,2,17880.23,stable,1,1
bachelors,engineering,"application development,helpdesk support,desktop support,project management,quality assurance,business fundamentals,communication,networking,motivation,coaching,interviewing skills,resume building",global,"career,development",medium,5,17973.64,stable,0,0
masters,business,"vendor management,project management,technical support management,performance evaluation,leadership,team management,communication,interpersonal skills,problem solving,strategic thinking,collaboration,adaptability",global,"career,development",medium,4,21753.51,stable,1,1
masters,business,"web development,server administration,network operations,it security practices,technical support,web architecture,problem solving,innovation,it management,budget management,database administration,project management",global,"career,development",medium,1,17927.08,stable,0,1
bachelors,engineering,"ms excel,budgeting,research skills,data analysis,communication,interpersonal skills,prioritization,problem solving,teamwork,adaptability,oracle,google workspace",global,"career,development",high,6,15881.58,stable,0,0
bachelors,engineering,"network services,application software,operating systems,systems administration,risk assessment,software assurance,security assurance,attention to detail,customer service,oral communication,problem solving,enterprise architecture",global,"career,development",medium,0,22584.97,stable,1,1
bachelors,engineering,"it support,troubleshooting,software installation/configuration,network management,cloud services,saas,hardware support,ticketing systems,crm (salesforce),itil,incident management,technical certifications",global,"career,development",low,6,19220.48,stable,1,0
masters,business,"it support,team management,technical support,it infrastructure,microsoft operating systems,microsoft azure,it security practices,regulatory compliance,problem solving,communication,interpersonal skills,collaboration",global,"career,development",medium,0,21866.48,stable,1,1
bachelors,business,"team leadership,communication,problem solving,collaboration,resource allocation,planning,adaptability,meeting facilitation,sap payroll,api timekeeping,hr/payroll modules configuration,project management",global,"career,development",medium,1,16962.61,stable,1,0
masters,business,"programming,communication,problem solving,team building,initiative,team player,project management professional (pmp) certification,agile certification,itil service management foundations certification,microsoft project,primavera,jira",global,"career,development",low,5,15601.71,stable,1,0
masters,business,"it operations management,project management,windows server,windows 10/11,active directory administration,vmware esx,troubleshooting,problem-solving,technical support,networking,leadership,customer service",global,"career,development",high,2,20772.06,stable,0,0
masters,business,"networking,security,project management,troubleshooting,server administration,documentation,business continuity planning,disaster recovery planning,vendor negotiation,infrastructure management,communication,team leadership",global,"career,development",medium,2,17396.59,stable,0,0
masters,business,"microsoft sql server,infrastructure management,application management,communication,customer service,integrity,problem solving,erp systems,project management,systems integration,data security,automation",global,"career,development",medium,4,18955.34,stable,1,1
bachelors,engineering,"technical sales,process improvement,product-based solutions,driver's license,communication,negotiation,teamwork,problem solving,time management,interpersonal skills,adaptability,crm",global,"career,development",low,3,19118.86,stable,1,0
bachelors,engineering,"sales skills,customer service orientation,self-motivation,teamwork,positive attitude,organization,problem solving,driver's license,dot medical certification,inventory control,negotiation,physical fitness",global,"career,development",high,7,22360.13,stable,0,1
bachelors,engineering,"sales experience,customer service,communication,critical thinking,time management,teamwork,microsoft office 365,data entry,lead generation,cold calling,product knowledge,reporting",global,"career,development",low,3,21294.45,stable,1,1
bachelors,engineering,"sales,customer service,technology proficiency,communication,teamwork,attention to detail,relationship building,inventory management,visual merchandising,self-motivation,adaptability",global,"career,development",high,0,18471.04,stable,1,0
bachelors,engineering,"stocking,sales data analysis,customer relationship management,inventory management,physical stamina,communication,teamwork,problem solving,adaptability,customer service,time management,merchandising",global,"career,development",low,5,15930.98,stable,1,1
bachelors,engineering,"communication,interpersonal skills,organizational skills,problem solving,time management,customer engagement,follow-up skills,salesforce,sales strategies,product demonstrations,quotations preparation,territory management",global,"career,development",low,5,17523.04,stable,1,1
bachelors,engineering,"customer service,computer skills,communication,teamwork,problem solving,adaptability,time management,attention to detail,hvac knowledge,invoicing,product procurement,stock management",global,"career,development",medium,1,17494.01,stable,0,0
bachelors,engineering,"crm systems,communication,time management,teamwork,problem solving,work ethic,eagerness to learn,sales development,salesforce,linkedin sales navigator,email outreach,research skills",global,"career,development",low,3,17464.67,stable,1,0
bachelors,engineering,"sales,customer service,technology usage,pos systems,product knowledge,communication,interpersonal skills,relationship building,adaptability,teamwork,presentation skills,integrity",global,"career,development",high,0,15882.43,stable,0,1
masters,business,"sales strategy,team leadership,microsoft word,business development,motivation,work ethic,communication,problem solving,telecom products,crm systems,microsoft excel,coaching",global,"career,development",medium,5,17826.96,stable,0,0
bachelors,engineering,"product knowledge,sales techniques,customer service,technology usage,merchandising,communication,teamwork,flexibility,creativity,relationship building,problem solving,customer engagement",global,"career,development",medium,3,15568.04,stable,1,0
bachelors,engineering,"relationship building,salesforce,crm,healthcare technology sales,data analytics,statistics,analytical projects,communication,problem solving,adaptability,creativity",global,"career,development",medium,1,22192.44,stable,1,1
bachelors,engineering,"sales,customer relationship management,time management,technical skills,presentation skills,merchandising,computer skills,communication,organization,professionalism,judgment,relationship building",global,"career,development",medium,1,17403.21,stable,0,1
bachelors,engineering,"sales,marketing,event management,communication,interpersonal skills,organization,multitasking,detail-oriented,charisma,flexibility,social media management,mailchimp",global,"career,development",medium,4,16516.23,stable,1,0
masters,business,"communication skills,interpersonal skills,organizational skills,relationship building,adaptability,sales management,analytical skills,crm software,microsoft office 360,sap,business analytics,forecasting",global,"career,development",high,7,18972.28,stable,1,0
bachelors,engineering,"sales,negotiation,sales techniques,real estate industry,business administration,marketing,communication,interpersonal skills,relationship building,independence,teamwork,crm software",global,"career,development",low,4,16809.22,stable,1,0
bachelors,engineering,"cash handling,customer service,computer skills,payment processing,product knowledge,communication,teamwork,problem solving,attention to detail,adaptability,courtesy,time management",global,"career,development",high,6,17332.44,stable,0,0
bachelors,engineering,"sales experience,lead generation,account management,product knowledge,market analysis,customer service,motivation,relationship building,communication,problem solving,teamwork,adaptability",global,"career,development",low,3,22949.98,stable,1,0
bachelors,engineering,"sales,customer service,communication,technology,merchandising,inventory management,outbound calling,teamwork,problem solving,adaptability,persistence,community engagement",global,"career,development",medium,0,15921.05,stable,1,1
bachelors,engineering,"crm software,negotiation,time management,team player,communication,organizational skills,willingness to learn,attention to detail,listening skills,growth mindset,client relationship management,nc real estate license",global,"career,development",high,1,17141.33,stable,0,0
masters,business,"sales,customer service,presentation skills,bachelor's degree,training,communication,relationship building,time management,teamwork,leadership,account management,problem-solving",global,"career,development",high,1,22681.88,stable,1,1
masters,business,"sales,customer relationship management,communication,problem solving,work ethic,attention to detail,customer focus,saas,erp,crm,negotiation,business development",global,"career,development",medium,6,22037.3,stable,1,1
masters,engineering,"retail management,customer service,sales techniques,product knowledge,administrative skills,technology adaptation,merchandising,cash handling,inventory management,performance metrics,communication,team leadership",global,"career,development",medium,3,15879.5,stable,0,1
bachelors,engineering,"customer experience enhancement,technical skills,computer software applications,direct sales practices,consumer education,communication,team building,interpersonal skills,organizational skills,problem solving,accountability,adaptability",global,"career,development",medium,0,22931.08,stable,1,1
bachelors,engineering,"sales,business development,communication,relationship building,team collaboration,problem solving,time management,adaptability,ecommerce,crm systems,erp systems,presentation skills",global,"career,development",low,6,17391.38,stable,1,1
bachelors,engineering,"sales,communication,negotiation,microsoft office,technical experience,product demonstrations,time management,relationship building,customer service,team collaboration,adaptability,networking",global,"career,development",low,7,21206.63,stable,0,0
bachelors,engineering,"communication,problem solving,analytical skills,time management,negotiation,internet research,customer service,relationship building,business development,interpersonal skills,adaptability,teamwork",global,"career,development",high,2,22172.78,stable,0,0
bachelors,engineering,"retail sales,customer service,product knowledge,computer hardware,pos system,reporting,training,interpersonal communication,relationship building,problem solving,engagement,teamwork",global,"career,development",medium,0,19713.4,stable,0,1
bachelors,engineering,"sales,negotiation,communication,interpersonal skills,self-motivation,independence,relationship building,lead generation,building automation systems,energy efficiency concepts,customer relationship management,business degree",global,"career,development",medium,7,15902.08,stable,1,0
bachelors,engineering,"sales experience,teamwork,motivation,reliability,independence,communication,property and casualty insurance license,microsoft office suite",global,"career,development",medium,6,18408.61,stable,1,0
masters,business,"communication,relationship management,proactivity,common sense,team collaboration,crm,ms office,technical presentations,blueprints understanding,sales reporting,market analysis,business development",global,"career,development",medium,2,21730.19,stable,0,0
bachelors,engineering,"sales,customer service,retail experience,product knowledge,supervisory skills,communication,teamwork,sales techniques,drive,adaptability,desire to grow,problem solving",global,"career,development",low,7,16906.19,stable,1,1
bachelors,business,"sales,business development,customer relationship management,networking,sales presentations,lead generation,appointment scheduling,b2b sales,self-motivated,communication,professionalism,problem solving",global,"career,development",medium,4,21504.98,stable,1,0
masters,business,"sales management,team management,business development,time management,sales strategy development,performance monitoring,communication,goal-oriented,self-discipline,positive attitude,persuasion,leadership",global,"career,development",low,5,20348.59,stable,1,1
bachelors,engineering,"customer service,sales,store presentation,communication,teamwork,problem solving,flexibility,relationship building,optimism,authenticity,e-commerce,styling advice",global,"career,development",medium,3,16616.25,stable,1,0
bachelors,engineering,"customer service,client relationship management,communication,insurance sales,insurance licensure,prospecting,self-motivation,goal-oriented,teamwork,independence",global,"career,development",medium,2,20123.74,stable,1,0
bachelors,engineering,"sales,customer service,inventory management,organizational skills,communication,teamwork,relationship development,multi-tasking,self-starter,independence,collaboration,adaptability",global,"career,development",low,0,22973.12,stable,0,1
masters,business,"sales strategies,client relationship management,business development,communication,problem solving,multi-tasking,initiative,professionalism,interpersonal skills,negotiation,microsoft office,presentation skills",global,"career,development",medium,7,18200.44,stable,0,0
masters,engineering,"retail experience,product knowledge,sales,merchandising,visual merchandising,customer service,team leadership,communication,problem solving,adaptability,collaboration,enthusiasm",global,"career,development",medium,5,18790.49,stable,0,1
masters,business,"sales,organizational skills,analytical skills,software proficiency,client management,teamwork,communication,integrity,people minded,self-motivation,negotiation,presentation",global,"career,development",medium,6,16305.86,stable,1,0
bachelors,engineering,"inventory management,communication,customer service,relationship building,problem solving,teamwork,adaptability,time management,automotive system knowledge,store systems knowledge,battery installation,pos systems",global,"career,development",high,4,18616.76,stable,1,0
bachelors,engineering,"sales,communication,problem-solving,relationship-building,healthcare knowledge,technology adaptation,interpersonal skills,decision-making,teamwork,independence,adaptability,community resources knowledge",global,"career,development",high,1,17887.19,stable,0,0
masters,business,"sales management,data analysis,marketing,customer relationship management,technical product knowledge,communication,self-motivation,organization,team collaboration,problem-solving,creativity,relationship development",global,"career,development",low,0,16649.2,stable,0,0
bachelors,engineering,"business development,account management,analytical skills,communication,relationship building,organization,teamwork,customer satisfaction,staffing industry experience,market research,sales presentations,contract negotiation",global,"career,development",high,1,15626.1,stable,1,1
bachelors,engineering,"sales,client retention,training,communication,teamwork,problem solving,adaptability,customer service,time management,negotiation,healthcare solutions,commission generation",global,"career,development",low,4,21032.52,stable,0,1
masters,business,"microsoft office suite,communication,problem solving,relationship building,customer satisfaction focus,sales management,business development,strategic planning,salesforce,contract negotiation,market analysis,mechanical systems knowledge",global,"career,development",low,3,22470.2,stable,1,0
masters,business,"sales management,supervisory experience,business plan execution,sales experience,team management,training and support,communication,leadership,goal setting,teamwork,problem solving,ambition",global,"career,development",high,3,19027.99,stable,0,0
bachelors,engineering,"store systems knowledge,inventory management,safety knowledge,communication,customer service,relationship building,problem solving,teamwork,time management,automotive system knowledge,battery installation,pos systems",global,"career,development",high,3,17358.28,stable,1,1
bachelors,engineering,"sales,account strategies,team player,self-starter,communication,initiative,relationship building,competitive,problem solving,adaptability,positive representation,crm",global,"career,development",medium,7,16737.96,stable,1,1
bachelors,engineering,"sales,communication,organizational skills,time management,customer relationship management,teamwork,problem solving,negotiation,territory management,presentation skills,reporting,valid driver's license",global,"career,development",medium,1,20936.9,stable,0,0
bachelors,engineering,"sales,computer skills,time management,organizational skills,outbound calling,communication,customer service,motivation,multi-tasking,results driven,crm,internet sales",global,"career,development",medium,0,18867.7,stable,0,1
bachelors,engineering,"basic computer skills,math skills,safety compliance,vehicle operation,customer service,communication,problem solving,time management,class b cdl,hazmat endorsement,route driving experience,physical fitness",global,"career,development",medium,3,19844.82,stable,0,1
masters,business,"sales training,customer service,organizational skills,planning skills,coaching,performance appraisal,recruiting,process-oriented,leadership,team management,interpersonal skills,communication",global,"career,development",medium,3,22939.11,stable,0,1
masters,engineering,"sales strategy execution,customer service,commercial strategy,communication,team leadership,influencing skills,strategic thinking,problem solving,adaptability,collaboration,customer focus,initiative",global,"career,development",medium,7,16218.85,stable,1,0
bachelors,computer science,"technical presentation,communication,customer focus,problem solving,independence,positive attitude,influence,teamwork,channel sales engineering,messaging security,internet security principles,http",global,"career,development",high,3,16746.59,stable,0,1
bachelors,engineering,"customer service,financial transactions,sales,critical thinking,decision-making,computer systems navigation,listening skills,communication,problem solving,time management,adaptability,teamwork",global,"career,development",low,2,15959.57,stable,1,1
masters,business,"sales,relationship management,training and education,self-motivation,persistence,resilience,accountability,genuine personality,communication,teamwork,medical device knowledge,computer skills",global,"career,development",medium,6,19347.44,stable,0,0
bachelors,engineering,"customer service,product knowledge,merchandising,retail experience,team player,communication,flexibility,positive energy,self-starter",global,"career,development",medium,3,21276.3,stable,1,1
bachelors,engineering,"sales,product knowledge,customer service,merchandising,communication,teamwork,engagement,relationship building,positive attitude,compassion,integrity,accountability",global,"career,development",medium,2,22108.27,stable,1,0
bachelors,engineering,"sales,project management,email communication,phone communication,problem resolution,customer service,communication,teamwork,adaptability,time management,goal orientation,salesforce",global,"career,development",medium,5,22321.12,stable,0,0
bachelors,engineering,"sales,price estimation,report preparation,customer relationship management,driving record,service-related sales,computer skills,communication,leadership,relationship building,problem solving,teamwork",global,"career,development",low,7,19715.39,stable,1,1
bachelors,engineering,"sales,customer relationship management,lead generation,multitasking,problem solving,communication,presentation skills,initiative,goal-oriented,competitive,extroverted personality,adaptability",global,"career,development",medium,5,17145.82,stable,0,0
bachelors,engineering,"microsoft office 365 suite,customer service,communication,sales,teamwork,relationship building,results-oriented,flexibility,problem solving,kwi,pos systems,applicant tracking systems",global,"career,development",low,3,22921.36,stable,0,0
bachelors,engineering,"sales,customer service,logistics,problem-solving,organizational skills,tech-savviness,communication,interpersonal skills,multitasking,adaptability,gemology,ecommerce",global,"career,development",low,5,18645.12,stable,0,1
bachelors,engineering,"sales techniques,product knowledge,customer service,technology adaptation,organizational skills,multi-tasking,visual merchandising,cash register operation,communication,teamwork,problem solving,customer relationship management",global,"career,development",low,2,22009.23,stable,0,1
bachelors,engineering,"microsoft office 365,customer service,communication,sales,teamwork,relationship building,results-oriented,problem solving,flexibility,pos systems,kwi,applicant tracking systems",global,"career,development",high,4,20784.73,stable,0,1
bachelors,engineering,"sales,relationship management,lead generation,account management,sales forecasting,presentation skills,communication,teamwork,problem solving,adaptability,networking,customer focus",global,"career,development",medium,6,20995.37,stable,0,1
bachelors,engineering,"customer service,cash handling,visual merchandising,sales techniques,inventory management,retail operations,teamwork,communication,adaptability,relationship building,problem solving,positive attitude",global,"career,development",medium,7,20290.19,stable,1,0
bachelors,engineering,"retail experience,merchandising,visual presentation,customer service,communication,teamwork,organization,collaboration,problem solving,pos systems,microsoft office,stock maintenance",global,"career,development",low,5,19563.38,stable,0,1
masters,business,"b2b sales,crm software,sales presentations,business development,sales process management,market research,communication,relationship building,customer satisfaction,problem solving,teamwork,networking",global,"career,development",low,5,19767.22,stable,0,0
bachelors,engineering,"sales experience,computer literacy,customer service,problem solving,administration,product knowledge,teamwork,communication,reliability,positive attitude,calmness under pressure,willingness to learn",global,"career,development",low,5,17688.73,stable,0,1
bachelors,engineering,"sales,computer applications,communication,teamwork,multitasking,problem solving,adaptability,customer service,order entry,warehouse operations,powered industrial equipment operation,lifting (up to 50 pounds)",global,"career,development",high,1,15896.58,stable,0,0
bachelors,engineering,"sales,customer relationship management,product knowledge,training,communication,building trust,adaptability,persuasiveness,teamwork,follow-up,customer loyalty,problem solving",global,"career,development",high,6,19967.81,stable,0,0
bachelors,engineering,"sales,presentation skills,customer relationship management,communication,self-motivation,relationship building,organization,problem solving,work ethic,team collaboration,crm (hubspot),business development",global,"career,development",high,7,19491.14,stable,1,1
bachelors,engineering,"sales,customer service,lead management,communication,teamwork,adaptability,attention to detail,positive attitude,problem solving,time management,typing,document management software",global,"career,development",high,1,19887.61,stable,0,0
bachelors,engineering,"retail sales,customer service,visual merchandising,sales metrics analysis,inventory management,team selling,product knowledge,teamwork,communication,adaptability,problem solving,customer relationship building",global,"career,development",low,4,20472.95,stable,0,1
bachelors,engineering,"microsoft office,communication,teamwork,problem solving,organizational skills,self-motivated,goal-oriented,interpersonal skills,adaptability,salesforce,crm administration,erp support",global,"career,development",low,4,16284.98,stable,0,1
masters,business,"customer service,team leadership,product knowledge,merchandising,training and development,workforce management,communication,problem solving,teamwork,adaptability,motivation,leadership",global,"career,development",low,7,22087.85,stable,0,1
bachelors,engineering,"customer service,product knowledge,technology proficiency,interpersonal communication,teamwork,flexibility,self-motivation,problem solving,visual merchandising,inventory management,growth mindset",global,"career,development",medium,3,19384.34,stable,1,1
bachelors,engineering,"customer service,technology proficiency,retail experience,communication,teamwork,problem solving,organization,transaction processing",global,"career,development",low,2,18976.14,stable,1,1
masters,business,"sales leadership,budgeting,customer service,interpersonal skills,results driven,team management,problem solving,communication,strategic planning,networking,legal sales,pipeline management",global,"career,development",medium,2,18814.03,stable,1,1
bachelors,engineering,"customer service,retail experience,product knowledge,time management,sales techniques,communication,teamwork,problem solving,adaptability,customer engagement,feedback receptiveness,professionalism",global,"career,development",medium,6,21473.78,stable,0,1
bachelors,engineering,"retail sales,customer service,team selling,product knowledge,communication,teamwork,adaptability,problem solving,customer relationship building,respectfulness,accountability,positive attitude",global,"career,development",medium,4,16202.53,stable,0,1
masters,business,"customer relationship management,interpersonal communication,coaching,leadership,communication,teamwork,time management,relationship building,motivation,sales management,sales strategy implementation,team recruitment and training",global,"career,development",low,2,17422.6,stable,0,0
bachelors,engineering,"customer relationship management,sales tracking,technical aptitude,product knowledge,communication,team collaboration,problem solving,adaptability,time management,customer service,relationship building,sales planning",global,"career,development",medium,5,19298.25,stable,1,0
masters,business,"sales management,interpersonal skills,communication,organizational skills,problem solving,teamwork,creativity,customer service,project management,lead generation,market research,crm software",global,"career,development",low,5,15422.49,stable,1,0
bachelors,engineering,"sales,customer service,record keeping,cold calling,report writing,communication,relationship building,problem solving,time management,self-motivation,teamwork,adaptability",global,"career,development",low,0,16478.19,stable,0,0
bachelors,engineering,"customer service,inventory management,basic computer skills,teamwork,communication,problem solving,adaptability,interpersonal skills,accountability,collaboration,tire installation,safety compliance",global,"career,development",medium,5,19041.88,stable,0,1
bachelors,engineering,"sales experience,consultative sales,problem solving,relationship building,retail experience,management experience,self-starter,ongoing learning,teamwork,communication,digital marketing,business development",global,"career,development",low,4,17561.26,stable,0,1
masters,business,"sales growth,market analysis,product knowledge,communication,teamwork,problem solving,adaptability,leadership,customer service,collaboration,customer relationship management,manufacturing processes",global,"career,development",low,7,21976.85,stable,0,1
bachelors,engineering,"inventory management,communication,customer service,relationship building,teamwork,adaptability,problem solving,time management,friendly demeanor,automotive system knowledge,basic math,pos systems",global,"career,development",medium,4,16231.8,stable,0,0
masters,business,"chain account management,field sales,people management,leadership,coaching,planning and organizing,teamwork,judgment,communication,microsoft office suite,category management system (nielsen),industry data systems",global,"career,development",medium,5,17082.53,stable,1,0
bachelors,engineering,"customer service,sales techniques,inventory management,consultation-based service,bilingual (spanish, french),communication,problem solving,active listening,customer engagement,product knowledge,visual merchandising,teamwork",global,"career,development",low,0,18457.02,stable,0,1
bachelors,engineering,"logistics,sales,customer service,appointment scheduling,communication,collaboration,willingness to learn,cold calling,market research,salesforce,panjiva,zoominfo",global,"career,development",high,6,19493.32,stable,0,0
bachelors,engineering,"customer service,merchandising,communication,interpersonal skills,teamwork,problem solving,organizational skills,adaptability,attention to detail,food safety,sanitation,inventory management",global,"career,development",medium,2,19200.31,stable,0,0
masters,business,"sales leadership,sales strategy,account management,sales enablement,team leadership,interpersonal skills,collaboration,coaching,customer focus,communication,problem solving,adaptability",global,"career,development",low,7,22556.59,stable,1,0
bachelors,computer science,"collaboration,problem solving,time management,communication,leadership,salesforce,apex,rest apis,soap apis,salesforce service cloud,salesforce sales cloud,salesforce communities",global,"career,development",high,4,18564.86,stable,0,1
bachelors,engineering,"customer service,product knowledge,visual merchandising,cash handling,training and development,communication,relationship building,teamwork,problem solving,adaptability,customer focus,initiative",global,"career,development",low,1,20594.48,stable,0,1
masters,business,"outside sales,customer relationship management,self-starter,teamwork,communication",global,"career,development",low,2,21723.23,stable,1,0
bachelors,engineering,"cash handling,general math skills,customer service,communication,decision making,ability to learn,teamwork,order management system,microsoft office,lifting and loading merchandise",global,"career,development",high,0,20925.31,stable,0,1
bachelors,engineering,"analytical skills,problem solving,communication,interpersonal skills,collaboration,adaptability,customer focus,salesforce,omnistudio,vlocity,omniscript,dataraptor",global,"career,development",low,5,20686.74,stable,0,0
bachelors,computer science,"customer relationship management,communication,relationship building,problem solving,teamwork,product sales,semiconductor packaging,project management,ic assembly products,microsoft office,technical presentations,negotiation",global,"career,development",low,6,20502.52,stable,1,1
masters,business,"business development,sales,customer engagement,relationship building,self-starter,leadership,problem solving,cloud solutions,aws services,software architecture,account management,contract negotiation",global,"career,development",low,1,21184.07,stable,0,0
bachelors,engineering,"customer service,merchandising,cash register operation,stock management,product knowledge,safety procedures,teamwork,communication,multitasking,positive attitude,creativity,adaptability",global,"career,development",medium,4,21173.85,stable,0,1
bachelors,engineering,"valid driver's license,communication,interpersonal skills,relationship building,results-oriented,teamwork,independence,adaptability,problem solving,b2b sales,sales target achievement,negotiation",global,"career,development",medium,1,18186.78,stable,1,1
masters,business,"sales management,excel,word,powerpoint,business analysis,presentation skills,communication,relationship building,multi-tasking,self-confidence,interpersonal skills,adaptability",global,"career,development",low,6,16469.31,stable,1,0
masters,business,"communication,customer service,teamwork,sales management,project management,market planning,crm applications,analytical skills,nutraceuticals,food manufacturing,regulatory knowledge,ms office",global,"career,development",low,1,20974.59,stable,0,1
masters,business,"customer service,supervising,problem-solving,analytical skills,organizational skills,powerpoint,word,order processing,marketing materials creation,technology proficiency,detail orientation,communication",global,"career,development",high,1,21783.44,stable,0,0
bachelors,computer science,"customer service,oral communication,adaptability,planning/organizing,active directory,windows file systems,unix file systems,security hardware,security software,microsoft exchange,mcse certification,mcp certification",global,"career,development",low,0,18649.66,stable,0,0
masters,engineering,"retail experience,customer service,sales transactions,stocking,communication,teamwork,customer experience,organizational skills,flexibility,forklift operation certification,leadership",global,"career,development",high,5,18475.14,stable,0,0
bachelors,engineering,"lead generation,crm software,analytical thinking,communication,teamwork,problem solving,results-driven,multi-tasking,salesforce,quoting process,technical support,public speaking",global,"career,development",medium,0,18042.39,stable,1,1
bachelors,engineering,"event management,event planning,customer service,sales,organizational skills,time management,communication,relationship building,proactive approach,independent work,b2b marketing",global,"career,development",high,3,18382.92,stable,0,0
bachelors,engineering,"customer service,visual merchandising,cash register operation,technology use,teamwork,communication,positive attitude,flexibility,problem solving,creativity,customer engagement,adaptability",global,"career,development",medium,1,17520.44,stable,1,1
bachelors,engineering,"sales techniques,customer service,time management,organizational skills,communication,goal-oriented,relationship building,adaptability,teamwork,insurance knowledge",global,"career,development",medium,2,17142.35,stable,1,1
masters,business,"sales operations,call center management,performance metrics,process improvement,team building,marketing,powerpoint,excel,leadership,communication,problem solving,motivation",global,"career,development",medium,7,22458.09,stable,0,1
bachelors,engineering,"project management,communication,problem solving,creativity,collaboration,deadline management,salesforce marketing cloud,marketing cloud email specialist certification,marketing cloud connect,data models,html,css",global,"career,development",medium,5,15494.78,stable,1,1
bachelors,engineering,"sales,customer service,problem-solving,communication,creativity,resilience,flexibility,teamwork,high-energy personality,wireless product knowledge,product setup and activation,inventory management",global,"career,development",medium,7,20700.72,stable,1,0
masters,business,"sales,customer service,credit management,communication,teamwork,problem solving,time management,customer satisfaction,adaptability,relationship building,account management,market analysis",global,"career,development",low,0,20372.2,stable,0,0
bachelors,engineering,"sales,customer relationship management,computer proficiency,bilingual communication,sales reporting,communication,interpersonal skills,independence,teamwork,problem solving,cold calling,marketing",global,"career,development",low,3,16589.34,stable,1,1
bachelors,engineering,"sales,negotiation,customer relationship management,sales analysis,product knowledge,account management,industry experience,communication,influence,independence,problem solving,team collaboration",global,"career,development",medium,2,15451.67,stable,1,0
bachelors,engineering,"communication,time management,relationship building,self-motivation,adaptability,business to business sales,software sales,healthcare sales,financial sales,overnight travel,real estate knowledge,negotiation",global,"career,development",medium,4,17796.37,stable,1,1
bachelors,engineering,"microsoft office,project management,communication,teamwork,organization,attention to detail,multitasking,can-do attitude,salesforce,excel,vendor relationship management,waste stream profiles",global,"career,development",medium,5,21881.27,stable,0,0
bachelors,engineering,"sales,customer relationship management,ms office,culinary knowledge,communication,building trust,adaptability,teamwork,follow-up,problem solving,time management,market research",global,"career,development",low,4,20699.71,stable,1,1
masters,business,"data analytics,business analysis,reporting optimization,data management,collaboration,communication,problem solving,attention to detail,strategic thinking,presentation skills,training development,incentive compensation design",global,"career,development",medium,4,22926.38,stable,1,1
bachelors,engineering,"market analysis,communication,adaptability,product marketing,product development,microsoft powerpoint,figma,prototype creation,sales material creation,case studies development,b2b experience,technology industry knowledge",global,"career,development",low,7,15700.27,stable,0,1
bachelors,engineering,"business management,customer service,sales processes,time management,communication,problem solving,attention to detail,team collaboration,results oriented,adaptability,customer relationship management,inventory management",global,"career,development",medium,4,18444.84,stable,0,0
masters,engineering,"sales experience,customer service,microsoft office 365,analytical thinking,time management,communication,teamwork,leadership,relationship building,problem solving,adaptability,passion for brand",global,"career,development",high,4,17627.18,stable,0,1
bachelors,engineering,"sales experience,customer service,analytical skills,problem-solving,communication,teamwork,listening,collaboration,microsoft office,mathematical skills,inventory management,pos transactions",global,"career,development",medium,5,18285.99,stable,1,1
masters,business,"sales,customer service,microsoft office suite,order processing,relationship management,communication,self-motivation,rapport building,problem solving,adaptability,teamwork,equine industry knowledge",global,"career,development",high,4,21765.65,stable,0,0
masters,business,"sales development,team management,customer acquisition,sales metrics tracking,hiring and training,leadership,communication,problem solving,adaptability,collaboration,cultural fit,data analytics",global,"career,development",low,7,16567.2,stable,1,1
bachelors,engineering,"sales,marketing,negotiation,customer service,communication,teamwork,time management,adaptability,relationship building,presentation",global,"career,development",low,0,19568.84,stable,0,1
bachelors,engineering,"b2b sales,sales strategies,client relationship management,communication,interpersonal skills,listening,self-motivation,results-oriented mindset,reliability,detail-oriented,positive attitude,crm software",global,"career,development",low,6,16696.19,stable,0,0
masters,business,"sales,organizational skills,collaboration,communication,interpersonal skills,detail-oriented,problem solving,adaptability,teamwork,customer focus,crm systems,technical acumen",global,"career,development",low,2,17727.97,stable,1,0
bachelors,engineering,"customer service,order processing,communication,problem solving,customer satisfaction,professionalism,adaptability,teamwork,time management,bilingual spanish,phone sales,cable communications products",global,"career,development",medium,4,19307.34,stable,1,0
bachelors,engineering,"crm software,sales,negotiation,marketing knowledge,customer interaction tracking,communication,interpersonal skills,self-motivation,organization,teamwork,detail-oriented,results-driven",global,"career,development",medium,3,19694.36,stable,0,1
masters,business,"sales management,customer service,contract negotiation,team leadership,self-motivation,communication,problem solving,professionalism,time management,adaptability,customer relationship management,motivation",global,"career,development",low,1,23097.8,stable,0,1
bachelors,engineering,"customer engagement,communication,problem solving,teamwork,adaptability,customer experience focus,motivation,learning aptitude,technology sales,business-to-business sales,pipeline management,product knowledge",global,"career,development",high,3,18493.7,stable,1,1
bachelors,engineering,"sales techniques,product knowledge,microsoft office,communication,customer focus,sales skills,listening skills,motivation,teamwork,problem solving,property & casualty insurance license,life insurance sales license",global,"career,development",medium,2,17908.84,stable,0,0
masters,business,"customer experience enhancement,communication,interpersonal skills,problem solving,flexibility,sales management,sales strategy execution,performance analysis,action plan development,leadership,motivation",global,"career,development",low,0,18442.56,stable,0,1
masters,business,"microsoft office,negotiation skills,phone sales skills,attention to detail,communication,problem solving,teamwork,time management,adaptability,professionalism,customer relationship management,creativity",global,"career,development",low,2,22383.46,stable,0,1
bachelors,engineering,"b2b sales,sales cycle management,ms office (word, excel, powerpoint),lead generation,negotiation,time management,communication,active listening,customer service,persuasion,problem solving,self-motivation",global,"career,development",medium,3,20960.5,stable,1,0
bachelors,engineering,"customer service,sales techniques,teamwork,communication,adaptability,relationship building,problem solving,positive attitude,trust and commitment,cash handling,visual merchandising,stock management",global,"career,development",medium,4,21143.12,stable,0,1
masters,business,"project management,customer proposals,data analysis,team management,reporting,operational improvements,communication,leadership,analytical thinking,customer focus,strategic mindset,collaboration",global,"career,development",high,3,17523.41,stable,1,0
bachelors,engineering,"sales,customer service,training,teamwork,communication,problem solving,adaptability,lead generation,creativity",global,"career,development",medium,3,22708.16,stable,1,1
bachelors,engineering,"sales,merchandising,relationship building,flexibility,adaptability,communication,time management,problem solving,tablet technology,valid driver's license,personal vehicle,auto insurance",global,"career,development",medium,1,22049.32,stable,1,1
bachelors,engineering,"communication,relationship building,self-motivation,teamwork,problem solving,customer focus,time management,consultative selling,crm software,data analysis,mobile device proficiency,customer presentations",global,"career,development",medium,6,19422.82,stable,0,0
bachelors,engineering,"customer service,sales,merchandise knowledge,cash handling,communication,teamwork,problem solving,customer engagement,basic math,computer operation,technology equipment operation,adaptability",global,"career,development",medium,1,19336.82,stable,0,0
bachelors,engineering,"customer service,sales,business communication,networking,leadership,self-driven,competitive,willingness to learn,teamwork,problem solving,outgoing",global,"career,development",medium,3,22287.28,stable,0,0
bachelors,engineering,"sales,customer service,communication,technology,inventory management,outbound calling,teamwork,problem solving,adaptability,persistence,learning orientation,time management",global,"career,development",medium,4,21286.86,stable,0,1
masters,business,"customer service,merchandise placement,basic computer skills,financial results analysis,communication,teamwork,problem solving,employee engagement,multitasking,retail management",global,"career,development",low,4,23070.15,stable,0,0
bachelors,engineering,"merchandising,stocking,customer relationship management,inventory management,documentation and paperwork,communication,teamwork,problem solving,time management,adaptability,customer service,attention to detail",global,"career,development",high,2,21921.66,stable,0,1
masters,business,"sales operations,data analysis,quantitative skills,communication,teamwork,problem solving,adaptability,organization,leadership,strategic thinking,time management,excel",global,"career,development",low,6,17371.57,stable,1,0
bachelors,engineering,"retail experience,customer service,sales skills,computer skills,communication,multi-tasking,teamwork,initiative,customer relationship building,respectfulness,optical knowledge,point of sale system",global,"career,development",low,7,22533.15,stable,1,0
bachelors,engineering,"negotiation,market analysis,business acumen,project management,revenue generation,healthcare knowledge,communication,problem solving,teamwork,time management,adaptability,integrity",global,"career,development",high,1,15635.23,stable,1,1
bachelors,business,"b2b sales,digital marketing,virtual presentations,customer relationship management (crm),analytical skills,outbound calling,communication,collaboration,customer support,results-driven mindset,flexibility,adaptability",global,"career,development",medium,1,17705.35,stable,0,1
masters,business,"team leadership,collaboration,problem solving,adaptability,communication,decision making,motivation,b2b saas sales,sales development management,pipeline campaign development,data analysis,recruiting and hiring",global,"career,development",medium,5,21044.49,stable,0,0
bachelors,computer science,"customer requirements gathering,solution demonstration,communication,customer relationship management,presentation skills,cybersecurity,solution architecture,cloud security,data protection,network security,virtualization security,workload security",global,"career,development",medium,0,23083.22,stable,1,0
bachelors,computer science,"problem solving,teamwork,communication,salesforce vlocity,omnistudio,insurance domain knowledge,core development,consultant certification",global,"career,development",low,3,15417.85,stable,0,0
masters,computer science,"communication,problem solving,collaboration,adaptability,leadership,training,analytical thinking,salesforce development,apex,visualforce,salesforce lightning,salesforce flow",global,"career,development",low,7,21101.67,stable,1,0
bachelors,engineering,"sales support,crm software,data collection,communication,organization,teamwork,professionalism,problem solving,positive attitude,customer service,microsoft office,solar energy knowledge",global,"career,development",high,0,21728.84,stable,1,0
bachelors,engineering,"sales,customer service,independence,microsoft office suite,crm software,market research,data entry,needs-based analysis,life insurance knowledge,communication,relationship management,time management",global,"career,development",low,0,20124.75,stable,1,1
bachelors,engineering,"sales,microsoft office suite,order processing,communication,relationship building,problem solving,teamwork,adaptability,customer service,erp systems",global,"career,development",medium,6,17558.58,stable,1,0
masters,business,"training development,product knowledge,communication,coaching,interpersonal skills,leadership,adaptability,team collaboration,problem solving,sales enablement,curriculum design,project management",global,"career,development",low,3,18085.92,stable,0,0
bachelors,engineering,"sales,customer relationship management,communication,teamwork,problem solving,reliability,accountability,project management,price estimation,steel fabrication,industrial lining,material take-offs",global,"career,development",low,2,20772.72,stable,0,1
masters,business,"sales experience,solutions-based selling,strategic customer relationship management,time management,business acumen,negotiation skills,account management,data analysis,financial acumen,customer service orientation,leadership by influence,effective collaboration",global,"career,development",low,6,17706.66,stable,1,1
masters,business,"luxury hotel experience,sales management,computer software aptitude,hospitality industry applications,communication,self-motivation,teamwork,organizational skills,problem solving,customer service,multitasking,account management",global,"career,development",medium,1,17265.18,stable,1,1
masters,business,"sales techniques,store operations,performance metrics analysis,staff management,employee training,customer relationship management,financial reporting,time-keeping management,leadership,communication,problem solving,teamwork",global,"career,development",low,3,18502.12,stable,1,0
bachelors,engineering,"telemarketing,sales experience,computer skills,persuasion,communication,customer service,flexibility,motivation,concierge services",global,"career,development",low,7,18490.06,stable,1,0
bachelors,engineering,"microsoft office suite,communication,relationship building,self-motivation,organizational skills,problem solving,teamwork,conflict resolution,results-oriented mindset,interpersonal skills,salesforce,b2b sales",global,"career,development",medium,4,22377.05,stable,0,0
masters,engineering,"communication,customer relationship management,problem solving,documentation,team leadership,risk management,salesforce architecture,apex code review,globalization design,development patterns,force.com development,object-oriented design",global,"career,development",low,4,19627.15,stable,0,0
masters,business,"account management,business development,sales prospecting,customer relationship management,event planning coordination,computer skills,communication,interpersonal skills,teamwork,adaptability,problem solving,integrity",global,"career,development",medium,5,18155.17,stable,0,0
bachelors,computer science,"communication,teamwork,interpersonal skills,problem solving,adaptability,salesforce development,lightning components,visualforce pages,apex development,javascript,html,css",global,"career,development",high,1,20942.39,stable,1,1
bachelors,engineering,"customer service,sales,retail experience,communication,administrative duties,relationship building,flexibility,positive attitude,teamwork,problem solving,jewelry experience,merchandise presentation",global,"career,development",low,7,20210.84,stable,1,1
bachelors,engineering,"sales experience,customer service,documentation,inventory knowledge,relationship building,listening skills,self-motivation,teamwork,communication,financing applications",global,"career,development",low,4,18966.43,stable,1,0
masters,business,"time management,communication,organization,persuasiveness,teamwork,sales management,consultative sales,marketing,business development,team leadership,presentation skills,strategic alliances",global,"career,development",medium,4,19654.26,stable,0,0
masters,business,"business planning,customer relationship management,market analysis,pricing strategy negotiation,communication,teamwork,problem solving,competitive drive,resourcefulness,adaptability,customer focus,relationship building",global,"career,development",medium,6,20949.04,stable,1,1
bachelors,engineering,"customer service,merchandising,product knowledge,point of sale system,mathematical calculations,inventory management,communication,teamwork,problem solving,relationship building,adaptability,attention to detail",global,"career,development",medium,2,16430.48,stable,0,1
masters,business,"sales management,team development,time management,performance monitoring,communication,goal-oriented,self-discipline,positive attitude,persuasiveness,organization,leadership,adaptability",global,"career,development",low,0,18498.84,stable,1,0
bachelors,engineering,"customer service,sales,communication,technical training,self-motivated,passionate,caring,teamwork,adaptability,bluetooth technology,iot platforms,competitive",global,"career,development",low,5,15760.76,stable,0,0
bachelors,engineering,"customer service,problem-solving,inventory management,safety training,driving,communication,self-motivation,time management,teamwork,adaptability,customer relationship management,flexibility",global,"career,development",medium,5,19891.15,stable,0,1
bachelors,engineering,"sales,customer service,market research,sales strategies,microsoft office suite,communication,interpersonal skills,teamwork,independence,attention to detail,organizational skills,real estate knowledge",global,"career,development",medium,2,21104.96,stable,0,0
bachelors,engineering,"reporting,customer service,communication,attention to detail,proactivity,self-motivation,team collaboration,flexibility,pos transactions,visual merchandising,stock organization",global,"career,development",medium,1,16400.46,stable,1,1
bachelors,engineering,"retail sales,customer service,sales metrics analysis,product knowledge,communication,teamwork,adaptability,problem solving,customer relationship building,respectfulness,accountability,positive attitude",global,"career,development",high,4,21474.78,stable,0,0
bachelors,engineering,"inventory management,organizational skills,communication,positive attitude,adaptability,attention to detail,business to business sales,knowledge of commercial tires,sales closing,multitasking,competitive nature",global,"career,development",high,2,18305.32,stable,0,0
bachelors,engineering,"sales,strategic planning,client relationship management,training,communication,teamwork,problem solving,flexibility,initiative,marketing,lead generation",global,"career,development",medium,0,20690.05,stable,1,0
bachelors,engineering,"customer service,problem-solving,inventory management,self-motivation,communication,independent work,flexibility,teamwork,customer relationship management,adaptability,time management,mechanical service",global,"career,development",medium,6,21900.72,stable,0,0
bachelors,engineering,"sales,product knowledge,omni-channel experience,social media marketing,training and development,communication,relationship building,teamwork,problem solving,adaptability,feedback acceptance,customer focus",global,"career,development",medium,0,20890.45,stable,1,1
bachelors,engineering,"sales,account management,business development,customer relationship management (crm),communication,persistence,teamwork,high energy,problem solving,logistics knowledge",global,"career,development",medium,0,16397.93,stable,1,0
bachelors,engineering,"sales,communication,customer relationship management,lead generation,problem solving,product knowledge,teamwork,adaptability,drive,competitive spirit,kindness,personal growth",global,"career,development",medium,3,16211.31,stable,0,1
masters,business,"sales performance,communication,problem solving,b2b sales,cold calling,negotiation",global,"career,development",medium,6,16207.02,stable,1,1
bachelors,business,"sales,customer service,retail experience,product handling,merchandising,communication,teamwork,problem solving,determination,adaptability,customer empathy,valid driver's license",global,"career,development",medium,1,18732.01,stable,1,1
bachelors,engineering,"sales,lead qualification,communication,relationship building,consultative selling,problem solving,crm systems,negotiation",global,"career,development",low,6,21335.01,stable,0,0
bachelors,engineering,"sales,customer service,organizational skills,time management,communication,interpersonal skills,self-motivation,goal-oriented,independence,prospecting,sales presentations,roofing industry experience",global,"career,development",high,6,18607.08,stable,1,1
bachelors,engineering,"product knowledge,sales techniques,customer service,technology usage,merchandising,communication,teamwork,flexibility,relationship building,problem solving,creativity,customer engagement",global,"career,development",high,5,18257.94,stable,1,1
bachelors,engineering,"customer relationship management,product knowledge,communication,interpersonal skills,relationship building,problem solving,outside sales,territory management,mechanical aptitude,business planning,service business growth,presentation skills",global,"career,development",medium,4,17061.2,stable,0,1
bachelors,computer science,"cost estimation,project management,report generation,communication,relationship building,problem solving,interpersonal skills,team collaboration,customer satisfaction,drive and passion,proposal management,technical analysis",global,"career,development",high,3,18439.45,stable,1,0
masters,business,"sales,marketing,customer service,presentation skills,communication,teamwork,leadership,problem solving,organizational skills,interpersonal skills,budget management,networking",global,"career,development",medium,4,17830.33,stable,1,1
bachelors,engineering,"sales experience,customer service,inventory management,computer skills,cash handling,interpersonal communication,team collaboration,customer relationship building,problem solving,time management,attention to detail,professionalism",global,"career,development",medium,4,19004.79,stable,1,0
bachelors,engineering,"sales techniques,product knowledge,consultative selling techniques,microsoft office,customer relationship management,market-based interactions,communication skills,customer focus,listening skills,ambition,motivation,drive",global,"career,development",low,5,18231.95,stable,1,1
bachelors,engineering,"inside sales,tele sales,customer service,microsoft office,presentation skills,relationship building,self-motivated,results oriented,strong work ethic,planning and prioritization,adaptability,communication",global,"career,development",low,1,19587.3,stable,1,0
bachelors,engineering,"sales strategy,customer service,microsoft office suite,presentation skills,health and safety regulations,market analysis,communication,teamwork,problem solving,self-motivation,innovation,relationship building",global,"career,development",medium,5,18319.02,stable,0,1
bachelors,engineering,"inventory management,communication,customer service,relationship building,teamwork,problem solving,time management,automotive system knowledge,basic math,pos systems,parts lookup systems,battery installation",global,"career,development",low,2,22706.11,stable,0,1
bachelors,computer science,"quality management system (qms),documentation,problem solving,salesforce development,apex,lightning web components (lwc),apex classes,apex triggers,batch processes,soql,sosl,restful web services",global,"career,development",medium,7,19488.22,stable,0,0
bachelors,engineering,"retail management,customer service,sales performance,cash handling,merchandising standards,fast-paced environment,interpersonal communication,team motivation,coordination,positive attitude,problem solving",global,"career,development",low,1,22157.88,stable,1,0
masters,engineering,"communication,strategic thinking,relationship building,adaptability,teamwork,sales leadership,business development,stakeholder management,negotiation,deal-closing,budget management,remote team management",global,"career,development",medium,6,17801.35,stable,0,1
masters,engineering,"sales,customer relationship management,communication,teamwork,problem solving,adaptability,time management,customer focus,negotiation,management,strategic planning,market analysis",global,"career,development",high,5,16412.69,stable,0,1
bachelors,engineering,"cash handling,basic math skills,stocking,merchandise selling skills,inventory management,basic computer skills,lifting 50 lbs,communication,teamwork,customer service,independence,enthusiasm",global,"career,development",high,1,21330.22,stable,0,1
bachelors,engineering,"sales,territory management,product knowledge,diagnostic solutions,communication tools,customer relationship management,presentation skills,medical knowledge,self-motivation,teamwork,pressure handling,attention to detail",global,"career,development",medium,0,18753.41,stable,0,0
masters,business,"relationship management,strategic thinking,business acumen,market execution,communication,team leadership,problem solving,collaboration,adaptability,trust building,goal setting,motivation",global,"career,development",medium,5,19388.3,stable,1,1
bachelors,engineering,"problem solving,networking,communication,interpersonal skills,organizational skills,self-starter,work ethic,client relationship management,team collaboration,adaptability,b2b sales,consultative selling",global,"career,development",medium,4,19774.31,stable,0,1
bachelors,engineering,"sales,customer service,communication,commission-based sales,closing sales,training,competitive spirit,drive for success,coachable,teamwork,adaptability,real estate license",global,"career,development",low,2,21922.37,stable,1,0
masters,business,"sales,strategic planning,client relationship management,communication,listening,multitasking,personable,coachable,charismatic,crm software,google docs",global,"career,development",low,4,20067.33,stable,1,0
masters,business,"client relationship management,digital marketing,hospitality industry knowledge,social media marketing,integrated technologies,leadership,communication,interpersonal skills,teamwork,initiative,customer service,problem solving",global,"career,development",low,0,17732.45,stable,0,1
bachelors,engineering,"ms office suite,project management,troubleshooting techniques,communication skills,teamwork,organizational skills,time management,customer service orientation,self-motivation,attention to detail,decision making,adaptability",global,"career,development",medium,3,20045.35,stable,0,1
bachelors,engineering,"communication,customer relationship management,self-motivation,outside business to business sales,flooring industry knowledge,electrical industry knowledge,kitchen & bath industry knowledge,commercial construction knowledge,territory management,negotiation,team collaboration",global,"career,development",high,0,15845.4,stable,0,0
bachelors,engineering,"sales,negotiation,consultative selling,contact management database,communication,problem solving,self-motivation,strategic thinking,relationship building,drive,freight forwarding,presentation",global,"career,development",medium,2,19486.68,stable,0,1
masters,engineering,"sales,client relationship management,training,communication,problem solving,flexibility,customer service,persuasion,healthcare solutions,remote work",global,"career,development",medium,2,15982.16,stable,1,1
masters,business,"sales leadership,leadership,communication,team motivation,customer satisfaction,relationship building,results-oriented mindset,collaboration,cold chain logistics,temperature-controlled packaging solutions,strategic sales planning,sales forecasting",global,"career,development",high,0,20171.96,stable,1,0
bachelors,engineering,"retail sales,customer service,visual merchandising,inventory management,product knowledge,teamwork,communication,adaptability,problem solving,customer relationship building,respectfulness,accountability",global,"career,development",low,4,19852.9,stable,1,1
masters,business,"continuous learning,communication,interpersonal skills,team collaboration,goal-oriented,problem solving,adaptability,customer engagement,time management,sap services,b2b sales,enterprise software solutions",global,"career,development",low,2,22379.44,stable,0,0
bachelors,engineering,"communication,self-motivation,proactivity,collaboration,adaptability,problem solving,b2b sales,sales cycle management,technical aptitude,market intelligence,product knowledge (3d printers),negotiation skills",global,"career,development",high,7,18057.98,stable,1,1
masters,business,"time management,communication,goal-oriented,self-discipline,positive attitude,organization,problem-solving,personal development,adaptability,professional demeanor,sales management,consultative sales",global,"career,development",low,5,19548.86,stable,1,1
masters,business,"sales,communication,relationship building,problem solving,teamwork,customer engagement,crm sales tools,business development,product training,sales reporting,capital equipment sales,market knowledge",global,"career,development",low,3,16534.23,stable,0,0
bachelors,engineering,"retail sales,customer service,sales metrics,team selling,product knowledge,teamwork,communication,adaptability,problem solving,customer relationship building,respectfulness,accountability",global,"career,development",medium,5,15743.14,stable,0,1
bachelors,engineering,"customer engagement,teamwork,communication,self-motivation,customer service,problem solving,golf retail sales,golf fitting,product knowledge,club fitting principles,simulator operation,launch monitor technologies",global,"career,development",medium,4,17262.58,stable,1,0
bachelors,engineering,"communication,relationship building,time management,outside sales,property management sales,construction market sales,commission-based income,hybrid work environment,self-motivation,negotiation",global,"career,development",high,5,20181.0,stable,1,1
bachelors,engineering,"customer service,attention to detail,organizational skills,communication,multitasking,prioritization,order processing,administrative tasks,data entry,computer proficiency,knowledge of pvf industry",global,"career,development",medium,5,19608.64,stable,0,1
masters,business,"teamwork,communication,organizational skills,attention to detail,self-motivation,multitasking,interpersonal skills,sales strategies,hospitality sales,market research,negotiation,account management",global,"career,development",medium,4,22052.5,stable,0,1
bachelors,engineering,"crm,sales,reporting,communication,self-starter,multi-tasking,organization,prioritization,cold calling,email communication,lead generation,company research",global,"career,development",high,4,21896.1,stable,1,0
bachelors,engineering,"sales experience,salesforce,prospecting,cold calling,client needs analysis,communication,customer focus,achievement orientation,teamwork,crm tools,online meeting tools,microsoft office",global,"career,development",medium,0,18417.31,stable,1,1
masters,business,"sales,customer service,presentation skills,relationship management,computer skills,multi-tasking,lead management,teamwork,communication,problem solving,initiative,pressure management",global,"career,development",high,7,22726.01,stable,0,1
bachelors,computer science,"computer networking,project management,ms office,communication,self-motivation,organizational skills,analytical skills,leadership,adaptability,customer service,cctv,technical presentations",global,"career,development",low,4,19423.56,stable,0,1
masters,business,"financial analysis,data analytics,excel,communication,collaboration,problem solving,organizational skills,adaptability,trust building,budget forecasting,financial modeling,financial reporting software",global,"career,development",low,5,19970.42,stable,1,1
bachelors,engineering,"financial analysis,accounting,finance reporting systems,analytical support,expense control,reporting,attention to detail,problem solving,tenacity,ability to work under pressure,communication,teamwork",global,"career,development",high,4,15509.26,stable,0,0
masters,business,"advanced excel,financial planning & analysis,team management,communication,collaboration,strategic planning,problem solving,fp&a,sap s/4hana,power bi,tableau,variance analysis",global,"career,development",high,4,22666.5,stable,1,1
masters,business,"financial analysis,financial reporting,accounting principles,microsoft excel,team leadership,team development,receivables management,order to cash (o2c) process,record to report (r2r) process,financial systems,erp platforms (sap, oracle)",global,"career,development",medium,1,22846.31,stable,1,1
masters,business,"financial modeling,financial analysis,microsoft excel,data analysis,reporting,forecasting,accounting,financial services,problem solving,communication,analytical thinking,attention to detail",global,"career,development",low,0,20931.15,stable,0,0
bachelors,business,"accounting,finance management,microsoft office suite,excel,budget preparation,financial reporting,cost efficiency analysis,tax management,communication,organization,detail-oriented,leadership",global,"career,development",high,1,21416.39,stable,1,0
masters,business,"financial management,budgeting,account reconciliation,financial reporting,accounts payable management,leadership,communication,interpersonal skills,analytical skills,organizational skills,collaboration,presentation skills",global,"career,development",low,1,19241.5,stable,1,0
masters,business,"budgeting,forecasting,financial analysis,accounting,erp accounting software,financial reporting,interpersonal skills,relationship building,attention to detail,communication,team collaboration,problem solving",global,"career,development",medium,6,18302.79,stable,0,0
bachelors,engineering,"compliance,financial analysis,risk assessment,report writing,data analysis,project management,business development,communication,teamwork,problem solving,leadership,adaptability",global,"career,development",medium,1,17109.98,stable,0,1
masters,business,"accounting,finance,payroll management,budgeting,bank reconciliation,quickbooks,data analysis,strategic planning,teamwork,communication,analytical skills,independent work",global,"career,development",low,2,21623.72,stable,0,0
masters,business,"accounting,financial analysis,general ledger management,budgeting and forecasting,cash flow management,internal controls,team leadership,communication,collaboration,problem solving,mentoring,analytical thinking",global,"career,development",medium,1,19102.85,stable,1,0
masters,business,"customer service,computer proficiency,time management,communication,attention to detail,work ethic,relationship building,prioritization,automotive finance,insurance management,deal structuring,leasing",global,"career,development",high,1,16584.31,stable,0,0
masters,business,"financial analysis,budgeting,accounting principles,financial operations management,communication,interpersonal skills,adaptability,strategic thinking,forecasting,reynolds and route one software,automotive industry knowledge",global,"career,development",medium,0,15745.82,stable,0,1
masters,business,"financial analysis,accounting principles,ms office,excel,regulatory compliance,leadership,communication,results-oriented,forecasting,financial management software,data analytics,budget management",global,"career,development",low,2,16098.56,stable,0,0
masters,business,"financial reporting,data analysis,financial statements preparation,financial compliance,strategic thinking,communication,problem solving,team development,collaboration,adaptability,innovation,financial planning and analysis",global,"career,development",medium,1,19843.84,stable,0,1
bachelors,engineering,"gap analysis,reports development,analytical thinking,problem solving,communication,collaboration,attention to detail,peoplesoft fscm,sdlc,business requirements gathering,application configuration,interface development",global,"career,development",medium,1,18374.69,stable,1,0
masters,business,"accounting principles,regulatory requirements,financial reporting,gaap standards,budgeting,forecasting,internal controls,tax reporting,public accounting experience,leadership,communication,collaboration",global,"career,development",low,4,17251.07,stable,1,1
masters,business,"finance,communication,attention to detail,time management,organizational skills,persuasion,teamwork,analytical skills,leadership,negotiation,accounting,budgeting",global,"career,development",high,0,15611.9,stable,0,0
masters,business,"financial management,accounting,financial reporting,budgeting,quickbooks,microsoft office,data analysis,audit coordination,policy development,vendor management,teamwork,communication",global,"career,development",low,1,15677.34,stable,1,0
masters,business,"financial management,accounting,budgeting,auditing,revenue management,cash flow management,financial forecasting,cost benefit analysis,collaboration,communication,leadership,strategic planning",global,"career,development",medium,7,17131.65,stable,0,1
bachelors,engineering,"receivables monetization,financial analysis,data analysis,documentation review,communication,teamwork,problem solving,adaptability,client relationship management,drive,collaboration,attention to detail",global,"career,development",medium,1,19866.68,stable,0,0
bachelors,engineering,"financial analysis,risk assessment,quantitative methods,cash flow projections,capital allocation,reporting,accounting,budgeting,forecasting,analytical skills,attention to detail,collaboration",global,"career,development",medium,6,16507.37,stable,0,1
bachelors,engineering,"accounting,finance,microsoft excel,budget preparation,general ledger reconciliation,client service,communication,time management,problem solving,analytical skills,attention to detail,interpersonal skills",global,"career,development",medium,3,22272.7,stable,0,1
bachelors,engineering,"trade finance,banking principles,business relationship management,marketing,communication,collaboration,trade instrumentation,ucp 600 guidelines,negotiation,independence",global,"career,development",medium,4,22244.43,stable,0,1
masters,engineering,"project management,project management tools,budget management,communication,leadership,critical thinking,problem solving,time management,detail-oriented,project management frameworks,change management,business requirement documents",global,"career,development",medium,6,16833.25,stable,1,1
bachelors,engineering,"relationship management,leadership,communication,team collaboration,problem solving,networking,debt acquisition,equity acquisition,financial analysis,negotiation,real estate finance,risk mitigation",global,"career,development",medium,1,20297.53,stable,0,0
masters,business,"financial analysis,administration,energy sector knowledge,independent oversight,problem solving,communication,analytical thinking,decision making,attention to detail,team collaboration,project finance,credit monitoring",global,"career,development",medium,7,19303.29,stable,0,1
masters,business,"financial analysis,auditing,accounting,strategic planning,performance metrics,business case development,communication,relationship management,teamwork,problem solving,leadership,adaptability",global,"career,development",medium,4,15766.84,stable,1,1
phd,engineering,"financial modeling,data analysis,investment research,finance,analytical skills,communication,initiative,resourcefulness,excel,accounting,valuation,teamwork",global,"career,development",low,0,20440.81,stable,0,0
masters,business,"financial oversight,budgeting,financial analysis,accounting,hr management,operations management,reporting requirements,data analysis,financial statements preparation,software systems adoption,leadership,interpersonal skills",global,"career,development",low,4,15749.61,stable,0,0
bachelors,engineering,"accounting,finance,us gaap,internal controls,data analysis,financial forecasting,process improvement,financial metrics,communication,presentation skills,teamwork,problem solving",global,"career,development",medium,0,16384.57,stable,0,0
bachelors,engineering,"financial transactions,advanced computer skills,office software proficiency,report creation,data analysis,project management,vendor management,communication,customer service,attention to detail,organizational skills,problem solving",global,"career,development",medium,0,15872.25,stable,1,1
bachelors,engineering,"design,discussion facilitation,team collaboration,sap cfin,material master,uom,material type,valuation class,customer management,vendor management,g/l configuration,g/l testing",global,"career,development",medium,4,17141.17,stable,1,0
bachelors,engineering,"ph.d. in finance,cfa charter,college level teaching experience,research in finance,advising students,curriculum development,teaching excellence,student development,mentoring,collaboration,communication,diversity and inclusion",global,"career,development",low,3,22197.05,stable,1,1
bachelors,engineering,"financial analysis,financial reporting,accounts payable,accounts receivable,accounting principles,microsoft excel,tax regulations,analytical skills,communication,attention to detail,independence,collaboration",global,"career,development",medium,6,17127.06,stable,0,0
masters,business,"financial management,financial modeling,data analysis,forecasting,excel,powerpoint,oracle,hyperion,interpersonal skills,collaboration,problem solving,adaptability",global,"career,development",medium,5,21244.83,stable,1,0
masters,business,"documentation,financial analysis,leadership,communication,relationship building,problem solving,presentation skills,strategic thinking,project finance,debt financing,tax equity,financial modeling",global,"career,development",high,5,20887.18,stable,0,1
bachelors,engineering,"financial reporting,compliance,team leadership,analytical skills,accounting,communication,interpersonal skills,mentorship,collaboration,problem solving,adaptability,financial strategy",global,"career,development",high,3,17994.63,stable,0,1
bachelors,engineering,"microsoft excel,microsoft office,spreadsheet creation,time management,organization,communication,problem solving,sap,chart creation,pivot tables",global,"career,development",medium,4,21207.71,stable,1,0
bachelors,engineering,"insurance management,attention to detail,organizational skills,multitasking,communication skills,interpersonal skills,collaboration,us payroll processing,tax regulations compliance,financial planning and analysis,financial reporting,adp software",global,"career,development",medium,1,18331.31,stable,1,1
masters,business,"analytical skills,interpersonal skills,mentoring,communication,relationship management,teamwork,leadership,financial modeling,bloomberg,excel,powerpoint,aladdin platform",global,"career,development",medium,0,16688.37,stable,0,0
masters,business,"budgeting,project management,leadership,communication,interpersonal skills,problem solving,analytical skills,teamwork,adaptability,strategic thinking,financial planning,forecasting",global,"career,development",medium,0,20238.94,stable,1,1
masters,business,"financial strategy,corporate budgeting,financial reporting,operational efficiency,finance and accounting systems,payroll administration,accounts payable,accounts receivable,expense processing,compliance standards,leadership,communication",global,"career,development",medium,4,17683.51,stable,0,1
bachelors,engineering,"organizational skills,attention to detail,collaboration,communication,relationship building,problem solving,leadership,financial planning,budgeting,financial analysis,cost accounting,forecasting",global,"career,development",medium,2,21411.64,stable,1,0
bachelors,engineering,"financial accounting,project system,management accounting,teamwork,communication,analytical skills,customer orientation,results-oriented,independence,time management,high-quality deliverables,sap",global,"career,development",high,7,22583.52,stable,0,1
bachelors,engineering,"financial analysis,client account management,software tools utilization,proactive approach,client-friendly,teamwork,adaptability,excel,financial modeling,enthusiasm,work-life balance",global,"career,development",high,6,16156.41,stable,0,1
masters,engineering,"problem-solving,communication skills,interpersonal skills,teamwork,relationship building,oracle hr,oracle applications,integration techniques,oracle fusion technology,general ledger,fixed assets,cash management",global,"career,development",high,0,21013.15,stable,1,0
bachelors,engineering,"financial analysis,project management,ms office suite,excel,business acumen,critical thinking,analytical skills,organizational skills,problem solving,communication,leadership,interpersonal skills",global,"career,development",low,5,15799.59,stable,1,1
bachelors,engineering,"finance,accounting,financial oversight,business operations,financial recommendations,supervision,project management,communication,commitment,partnership",global,"career,development",high,6,22934.65,stable,0,1
bachelors,engineering,"revenue forecasting,analytical skills,quantitative skills,communication,collaboration,adaptability,problem solving,sales methodologies,prospecting,negotiating,closing,product demonstrations",global,"career,development",medium,7,20567.13,stable,0,0
masters,business,"financial analysis,financial reporting,budgeting,risk assessment,market research,business writing,cash flow projections,variance analysis,strategic planning,presentation skills,leadership,communication",global,"career,development",low,7,18329.99,stable,1,1
bachelors,engineering,"financial reporting,accounting processes,microsoft office suite,foreign currency hedging,process improvement,attention to detail,communication,team collaboration,time management,adaptability,self-motivation,sap",global,"career,development",low,2,22380.61,stable,1,0
masters,business,"financial management,financial modeling,investment analysis,budget management,risk assessment,strategic planning,strategic thinking,problem solving,leadership,collaboration,communication,analytical skills",global,"career,development",medium,5,15487.92,stable,1,0
bachelors,engineering,"operations management,cost forecasting,revenue forecasting,strategic thinking,collaboration,communication,problem solving,leadership,client advisory,payments processing,embedded finance,payment platforms",global,"career,development",medium,4,16150.86,stable,0,1
masters,business,"financial accounting,data analysis,cost-benefit analysis,communication,collaboration,problem solving,customer focus,leadership,adaptability,strategic thinking,teamwork,sap erp",global,"career,development",high,2,19607.51,stable,0,0
masters,business,"financial analysis,strategic planning,data analytics,automation,cash flow management,budgeting,data interpretation,leadership,collaboration,problem solving,communication,adaptability",global,"career,development",medium,7,17778.03,stable,0,1
bachelors,engineering,"financial analysis,strategic planning,data analysis,reporting,communication,interpersonal skills,action-oriented,problem-solving,collaboration,adaptability,subscription-based business models,revenue modeling",global,"career,development",medium,3,21560.03,stable,1,0
bachelors,engineering,"financial analysis,budget preparation,statistical reporting,variance analysis,financial reporting,project management,data consolidation,risk identification,financial modeling,communication,teamwork,leadership",global,"career,development",high,6,22170.93,stable,1,1
masters,business,"operational finance,financial analysis,budget preparation,entrepreneurial mentality,communication,problem solving,analytical thinking,collaboration,fp&a,saas industry experience,degree in finance,degree in accounting",global,"career,development",high,2,17633.35,stable,0,0
bachelors,engineering,"accounting,financial reporting,financial analysis,budgeting,microsoft office suite,data analysis,internal controls,financial systems,cash flow management,financial statements preparation,cost management,capital project management",global,"career,development",medium,6,15945.87,stable,0,1
masters,business,"financial reporting,variance analysis,budgeting,financial forecasting,gaap,ms excel,data analysis,sql,ms access,compliance auditing,communication,leadership",global,"career,development",high,1,21812.79,stable,1,1
masters,business,"financial management,accounting,financial forecasting,budgeting,cost analysis,gaap compliance,dcaa audits,financial reporting,financial analysis,internal controls,leadership,communication",global,"career,development",low,3,16653.68,stable,1,0
masters,business,"financial reporting,data visualization,project management,analytical tools,communication,collaboration,problem solving,interpersonal skills,leadership,time management,adaptability,continuous improvement",global,"career,development",medium,0,17762.18,stable,1,0
masters,business,"leadership,communication,mentorship,relationship building,team collaboration,financial operations,fp&a,budgeting,cash flow management,kpi analysis,accounting,oracle netsuite erp",global,"career,development",high,4,18715.16,stable,1,1
masters,business,"financial analysis,budgeting,forecasting,p&l management,presentation development,project management,process improvement,communication,problem solving,collaboration,influencing,prioritization",global,"career,development",low,7,21434.95,stable,0,0
bachelors,computer science,"leadership,collaboration,problem solving,communication,continuous improvement,etl,elt,sql,nosql,postgres,spark,scala",global,"career,development",low,5,20617.07,stable,0,0
masters,business,"accounting,finance,excel,powerpoint,forecasting,financial reporting,budgeting,gaap,data analysis,multi-tasking,communication,analytical thinking",global,"career,development",medium,5,22672.25,stable,0,0
bachelors,engineering,"accounting,finance,financial software,financial reporting,financial analysis,organizational skills,time management,communication,interpersonal skills,attention to detail,problem solving,teamwork",global,"career,development",medium,7,16294.67,stable,1,0
masters,business,"budgeting,forecasting,financial analysis,financial reporting,erp systems (oracle, sap),advanced excel,accounting principles,performance indicators,communication,presentation skills,leadership,collaboration",global,"career,development",low,1,16180.57,stable,0,1
masters,business,"market analysis,marketing strategy,teamwork,communication,problem solving,leadership,strategic thinking,adaptability,project finance,negotiation,credit analysis,financial modeling",global,"career,development",low,5,22443.43,stable,0,1
masters,business,"financial reporting,accounting,data analysis,general ledger management,financial statements preparation,internal accounting control,balance sheet analysis,communication,analytical skills,team management,problem solving,jenzabar",global,"career,development",high,4,16781.11,stable,1,1
masters,engineering,"financial analysis,financial oversight,project management,communication,teamwork,problem solving,independence,integrity,accountability,m&a valuation modeling,fp&a oversight,business intelligence applications",global,"career,development",low,3,19677.31,stable,0,0
masters,business,"erp implementation,financial forecasting,accounting protocols,business process optimization,mergers and acquisitions integration,leadership,mentoring,cross-functional collaboration,communication,strategic thinking,problem solving,relationship management",global,"career,development",medium,2,18068.24,stable,0,1
masters,business,"financial planning and analysis,budget management,data presentation,business metrics development,project management,supervisory experience,cost analysis,communication,collaboration,problem solving,independence,adaptability",global,"career,development",medium,1,19379.28,stable,1,1
masters,business,"accounting principles,financial management,accounting software,analytical skills,time management,data presentation,leadership,project management,teamwork,communication,interpersonal skills,resourcefulness",global,"career,development",high,2,20457.02,stable,0,0
masters,business,"accounting,financial analysis,budget preparation,financial reporting,regulatory compliance,internal controls,management control systems,cash management,general ledger management,payroll management,accounts payable,accounts receivable",global,"career,development",high,3,16725.25,stable,0,0
bachelors,engineering,"financial analysis,microsoft excel,microsoft powerpoint,writing skills,presentation skills,attention to detail,critical thinking,communication,initiative,teamwork,time management,proactive",global,"career,development",medium,3,16108.92,stable,0,0
masters,business,"accounting,financial analysis,budgeting,cash flow management,microsoft office suite,project management,data processing,communication,detail-oriented,organizational skills,critical thinking,leadership",global,"career,development",medium,5,19661.02,stable,0,1
bachelors,engineering,"data management,data analysis,data governance,financial products knowledge,excel,ms office,data quality remediation,presentation skills,communication,problem solving,critical thinking,relationship management",global,"career,development",medium,0,17331.88,stable,1,1
bachelors,engineering,"accounting principles,communication,teamwork,financial management,liquidity management,asset/liability management (alm),profitability reporting,financial analysis,cost accounting,data analytics,cpa,cfa",global,"career,development",medium,2,19893.39,stable,1,1
bachelors,engineering,"financial reporting,project management,cash flow management,consolidated financial statements,budgeting,forecasting tools,financial management,communication,organization,teamwork,problem solving,leadership",global,"career,development",high,1,22068.94,stable,0,1
bachelors,engineering,"advanced excel,cost accounting,managerial accounting,financial reporting,data analysis,invoice auditing,teamwork,communication,customer service,time management,organization,problem solving",global,"career,development",low,2,20114.39,stable,1,0
masters,business,"financial training,finance,relationship management,verbal communication,written communication,travel management,teamwork,problem solving,adaptability,time management,presentation skills,strategic thinking",global,"career,development",medium,1,16960.27,stable,1,0
bachelors,engineering,"financial management,budget analysis,cost accounting,cash flow analysis,microsoft excel,accounting principles,professional accounting qualification (acca/cpa/cima),communication,analytical skills,organizational skills,project administration,adaptability",global,"career,development",medium,4,15788.76,stable,1,0
masters,business,"finance,accounting,forecasting,budget management,financial operations,leadership development,fp&a,data analysis,communication,team collaboration,adaptability,problem solving",global,"career,development",medium,0,17348.88,stable,1,1
bachelors,engineering,"accounting,finance,negotiation,customer service,data management,communication,interpersonal skills,motivation,detail-oriented,teamwork,recruitment,job sourcing",global,"career,development",medium,7,20988.09,stable,1,1
masters,business,"financial reporting,budgeting,accounting,internal controls,auditing,financial analysis,cost management,performance measurement,project evaluation,leadership,communication,team management",global,"career,development",low,1,22922.95,stable,0,1
bachelors,engineering,"financial analysis,budgeting,strategic planning,financial regulations,accounting principles,risk assessment,data analysis,leadership,communication,collaboration,problem solving,interpersonal skills",global,"career,development",high,4,17918.24,stable,0,0
masters,business,"headcount forecasting,oracle hyperion essbase,data management,quantitative analysis,forecasting,financial reporting,presentation skills,communication,collaboration,organizational skills,attention to detail,problem-solving",global,"career,development",low,4,18741.96,stable,0,0
bachelors,engineering,"excel,organizational skills,attention to detail,adaptability,communication,gaap,account reconciliations,financial statement audits,journal entries,financial schedules,balance sheet analysis",global,"career,development",high,3,18775.56,stable,0,0
masters,business,"finance,accounting,budget preparation,financial statements,microsoft office,accounting software,financial forecasting,data reconciliation,financial analysis,communication,interpersonal skills,leadership",global,"career,development",low,3,20310.2,stable,0,1
masters,business,"data analytics,team management,leadership,communication,problem solving,collaboration,strategic thinking,adaptability,financial strategy,budgeting,forecasting,financial analysis",global,"career,development",high,6,20435.75,stable,1,1
bachelors,engineering,"financial analysis,financial planning,data analysis,cost-benefit analysis,roi calculations,financial modeling,customer experience optimization,leadership,communication,teamwork,organizational skills,problem solving",global,"career,development",low,0,15505.84,stable,1,0
bachelors,engineering,"due diligence,communication,professionalism,time management,organizational skills,attention to detail,collaboration,project finance,renewable energy projects,financing documentation,purchase agreements,partnership agreements",global,"career,development",high,2,15994.02,stable,0,1
bachelors,engineering,"accounting,financial reporting,financial statement preparation,journal entries,statutory reporting,communication,teamwork,planning,stakeholder engagement,presentation skills,problem solving,sap",global,"career,development",medium,2,21042.05,stable,1,1
bachelors,engineering,"finance,communication,teamwork,leadership,problem solving,interpersonal skills,accounting,financial analysis,budgeting,cost accounting,inventory management,project management",global,"career,development",medium,1,18265.94,stable,1,0
bachelors,engineering,"microsoft excel,microsoft word,microsoft powerpoint,database applications,communication,organizational skills,teamwork,professionalism,adaptability",global,"career,development",high,4,21736.98,stable,1,1
masters,business,"treasury operations,global bank account management,kyc,aml,fatca,ion ibam,excel,project management,system administration,data consistency,analytical skills,attention to detail",global,"career,development",medium,6,18460.35,stable,1,0
bachelors,engineering,"financial planning and analysis (fp&a),data analysis,reporting solutions,budgeting,forecasting,variance analytics,business modeling,data manipulation,automation,problem solving,communication,teamwork",global,"career,development",low,1,19415.16,stable,0,0
masters,business,"financial management,budgeting,financial analysis,p&l management,reporting,data analysis,strategic planning,performance metrics,leadership,communication,collaboration,problem solving",global,"career,development",medium,6,16987.87,stable,0,1
masters,business,"financial analysis,budget management,financial reporting,microsoft excel,accounting principles,business planning,powerpoint,relationship management,process optimization,leadership,communication,critical thinking",global,"career,development",high,0,18237.06,stable,1,1
masters,engineering,"accounting,finance,communication,teamwork,leadership,problem solving,attention to detail,time management,financial statements,tax returns,quickbooks,portfolio monitoring",global,"career,development",medium,1,21462.77,stable,0,0
bachelors,engineering,"training development,communication,collaboration,problem solving,leadership,interpersonal skills,trust building,coaching,stakeholder management,adaptability,sap fico,s/4 hana",global,"career,development",medium,3,20832.05,stable,1,1
masters,business,"financial analysis,budget management,financial forecasting,data analysis,financial software,gaap,communication,analytical skills,interpersonal skills,collaboration,problem solving,innovation",global,"career,development",medium,1,16511.78,stable,1,0
bachelors,engineering,"transaction management,documentation review,data entry,financial analysis,ms excel,sales support,process improvement,client service,communication,time management,organizational skills,multitasking",global,"career,development",medium,0,17651.35,stable,0,1
masters,business,"budgeting,strategic planning,leadership,training methodologies,communication,teamwork,problem solving,influencing,relationship building,collaboration,critical thinking,financial reporting",global,"career,development",medium,2,19944.79,stable,1,1
bachelors,engineering,"data analysis,business process improvement,data accuracy,communication,interpersonal skills,organizational skills,problem solving,multi-tasking,attention to detail,decision making,adaptability,oracle cloud erp",global,"career,development",low,6,22538.75,stable,0,1
masters,business,"financial planning,financial analysis,p&l management,budget tracking,reporting,data analysis,strategic planning,team leadership,communication,collaboration,problem solving,adaptability",global,"career,development",medium,5,15488.49,stable,1,0
masters,business,"financial analysis,budget management,financial reporting,accounting software,microsoft excel,cash flow management,accounts payable,analytical skills,communication skills,leadership,team management,attention to detail",global,"career,development",low,1,16635.56,stable,1,0
bachelors,engineering,"financial reporting,data analysis,communication,organizational skills,time management,collaboration,problem solving,accounts receivable,billing,accounts payable,microsoft office,excel",global,"career,development",medium,6,21150.18,stable,1,0
masters,business,"financial analysis,budget management,data aggregation,financial forecasting,reporting,process improvement,communication,teamwork,interpersonal skills,problem solving,collaboration,leadership",global,"career,development",low,3,16250.33,stable,1,1
masters,engineering,"negotiation,communication,problem solving,commercial awareness,teamwork,adaptability,project finance,corporate finance,syndicated credit facilities,non-recourse portfolio financing,mezzanine financing,restructurings",global,"career,development",medium,0,18813.46,stable,0,0
masters,business,"financial leadership,sales planning,revenue growth management (rgm),financial analysis,financial reporting,financial systems,analytical tools,compliance,business partnering,teamwork,communication,leadership",global,"career,development",high,0,18124.18,stable,0,0
bachelors,engineering,"accounts receivable,financial reporting,cash management,data analysis,client service,adaptability,communication,teamwork,problem solving,attention to detail,time management,billing",global,"career,development",high,4,17063.66,stable,1,1
masters,business,"financial management,accounting principles (gaap),budgeting,financial analysis,financial management software,inventory management,tax preparation,auditing,financial reporting,cash flow management,change management,strategic planning",global,"career,development",medium,6,18129.07,stable,1,0
masters,business,"financial analysis,cash flow management,bank reconciliations,financial reporting,accounting,information systems,compliance,process improvement,sales reporting,communication,teamwork,problem solving",global,"career,development",high,5,17853.29,stable,0,0
masters,business,"financial planning,financial analysis,budgeting,forecasting,performance metrics,communication,leadership,team management,problem solving,time management,collaboration,analytical thinking",global,"career,development",low,5,19274.12,stable,0,1
masters,business,"financial management,budgeting,data analysis,financial reporting,accounting,forecasting,project management,communication,problem solving,analytical skills,organizational skills,relationship building",global,"career,development",medium,7,22209.7,stable,0,1
masters,business,"accounting,financial reporting,financial analysis,cash management,accounts receivable,accounts payable,tax management,risk management,financial compliance,investment analysis,gaap,cpa",global,"career,development",medium,4,18781.92,stable,0,0
bachelors,engineering,"ms office,finance,communication,presentation,teamwork,autonomy,cooperation,sustainable finance,esg advisory,sustainability",global,"career,development",medium,3,18565.42,stable,0,1
bachelors,business,"accounting,finance,budget preparation,financial reporting,supervisory skills,revenue collection,accounts payable,payroll functions,planning,organizing,management,communication",global,"career,development",low,7,16305.15,stable,0,1
masters,engineering,"data analysis,operational planning,kpi evaluation,reporting,strategic finance,communication,teamwork,problem solving,attention to detail,adaptability,credibility,cross-functional collaboration",global,"career,development",medium,5,19495.55,stable,1,1
bachelors,engineering,"broker-dealer operations,regulatory reporting,financial analysis,gaap compliance,tax planning and compliance,accounting processes,financial reporting,data reconciliation,margin calculations,risk management,operations management,cash management",global,"career,development",low,2,16043.37,stable,1,1
masters,business,"financial management,program management,financial reporting,financial tools and systems,communication,teamwork,problem solving,interpersonal skills,attention to detail,analytical thinking,adaptability,leadership",global,"career,development",low,6,22188.8,stable,1,0
masters,business,"financial analysis,budgeting,reporting,microsoft excel,accounting software,data management systems,communication,interpersonal skills,teamwork,organizational skills,problem-solving,independence",global,"career,development",medium,3,17112.18,stable,0,1
bachelors,engineering,"training,accounting,finance,business administration,problem solving,attention to detail,critical thinking,client relationship management,teamwork,time management,communication,adaptability",global,"career,development",low,6,16685.37,stable,0,1
masters,business,"budgeting,leadership,team management,communication,analytical thinking,planning,organizational skills,accountability,detail-oriented,execution,job costing,gaap",global,"career,development",high,7,17090.57,stable,0,0
masters,business,"financial reporting,fp&a processes,ms office,change management,leadership,analytical skills,communication,influence,problem solving,adaptability,collaboration,intellectual curiosity",global,"career,development",medium,0,18593.47,stable,0,0
masters,business,"finance,accounting,advanced excel,financial analysis,budgeting,cost tracking,p&l management,operational forecasting,ad-hoc analysis,communication,analytical mindset,problem solving",global,"career,development",medium,0,20762.51,stable,0,1
masters,business,"financial analysis,accounting,financial reporting,budgeting,financial planning,compliance,information systems,management,communication,leadership,strategic thinking,problem solving",global,"career,development",medium,0,17922.15,stable,1,0
bachelors,engineering,"financial analysis,microsoft excel,power bi,sql,accounting principles,financial forecasting,data interpretation,financial reporting,financial systems transformation,collaboration,attention to detail,organizational skills",global,"career,development",low,0,19500.28,stable,0,1
masters,business,"financial strategies,data analysis,financial reporting,budget management,forecasting,cost control,business partnership,decision making,detail-oriented,analytical skills,actuarial services,microsoft office suite",global,"career,development",medium,7,22585.08,stable,1,0
masters,business,"accounting,finance processes,data analysis,excel,communication,teamwork,problem solving,change management,continuous improvement,service-oriented approach,sap,blackline",global,"career,development",medium,0,16988.14,stable,0,0
bachelors,engineering,"credit analysis,team collaboration,communication,analytical thinking,problem solving,abs products knowledge,mbs knowledge,cre knowledge,cmo knowledge,residential markets knowledge",global,"career,development",high,0,21352.0,stable,0,1
masters,business,"financial accounting,gaap compliance,financial reporting,budgeting,auditing,financial analysis,tax compliance,general ledger management,team mentorship,strategic finance,communication,organizational skills",global,"career,development",low,4,21504.24,stable,0,0
masters,business,"financial reporting,financial analysis,erp systems,cash flow management,bank reconciliation,report preparation,leadership,communication,problem solving,attention to detail,analytical thinking,collaboration",global,"career,development",low,1,22219.27,stable,1,1
masters,business,"finance,accounting,financial analysis,risk management,internal controls,data analytics,performance management,operational excellence,business planning,forecasting,leadership,communication",global,"career,development",medium,7,15476.84,stable,1,0
masters,business,"financial reporting,private equity,microsoft office suite,analytical skills,graduate degree,compliance,communication,teamwork,problem solving,work ethic,organizational skills,influencing skills",global,"career,development",high,0,18980.93,stable,0,1
bachelors,engineering,"accounting,finance,data analysis,erp systems,sox compliance,pc skills,communication,attention to detail,professionalism,teamwork,problem solving,esg reporting",global,"career,development",medium,5,17968.94,stable,0,0
bachelors,engineering,"communication,collaboration,problem solving,adaptability,sql,data warehousing,etl,databricks,power bi,tableau,azure,python",global,"career,development",medium,6,21718.61,stable,0,0
masters,data science,"data integrity,communication,stakeholder engagement,strategic thinking,problem solving,project management,teamwork,business acumen,transparency,python,sql,data visualization",global,"career,development",medium,7,15982.89,stable,1,0
bachelors,engineering,"financial management,budget analysis,cost accounting,cash flow analysis,microsoft powerpoint,accounting principles,financial reporting,audit testing,communication,analytical skills,organizational skills,problem solving",global,"career,development",low,7,17562.79,stable,1,1
bachelors,engineering,"financial analysis,accounting,microsoft excel,data analysis,financial reporting,project management,account reconciliation,communication,organization,time management,flexibility,team collaboration",global,"career,development",medium,3,18398.42,stable,0,1
bachelors,engineering,"financial analysis,asset valuation,financial reporting,variance reporting,leadership,collaboration,communication,strategic thinking,team management,problem solving,adaptability,analytical thinking",global,"career,development",high,1,19601.01,stable,1,0
bachelors,engineering,"accounting systems,excel,microsoft products,communication,organizational skills,interpersonal skills,analytical thinking,time management,problem solving,attention to detail,collaboration,gaap compliance",global,"career,development",medium,7,21589.37,stable,0,0
bachelors,engineering,"teamwork,communication,analytical thinking,problem solving,attention to detail,project finance,m&a,investment banking,debt financing,tax equity capital raises,asset acquisitions,divestitures",global,"career,development",medium,2,15729.85,stable,1,1
bachelors,engineering,"sap,accounting,invoicing,data analysis,organizational skills,problem solving,attention to detail,communication,teamwork,self-starter,ability to work under pressure,time management",global,"career,development",low,5,18268.51,stable,1,0
masters,business,"microsoft excel,financial reporting,accounting concepts,financial modeling,communication,problem solving,team leadership,attention to detail,time management,analytical skills,collaboration,organizational skills",global,"career,development",low,6,18245.01,stable,0,1
bachelors,engineering,"sap,forecasting techniques,variance analysis,microsoft office software,data analysis,adaptability,teamwork,ownership,influence change,prioritization,communication,project management",global,"career,development",low,5,15464.4,stable,1,0
masters,business,"accounting,financial planning & analysis,cash flow management,financial strategies,public accounting experience,mentoring,coaching,relationship management,communication,leadership,initiative,teamwork",global,"career,development",medium,1,18273.96,stable,0,1
bachelors,engineering,"finance,accounting,microsoft office,excel,data integration,contract management,budget forecasting,communication,teamwork,adaptability,analytical thinking,problem solving",global,"career,development",low,7,19622.83,stable,0,1
bachelors,engineering,"financial reporting,data analysis,microsoft office,financial statements preparation,sec filings,financial controls,process improvement,financial analysis,teamwork,communication,organization,adaptability",global,"career,development",medium,5,19619.85,stable,0,1
bachelors,engineering,"financial analysis,financial statement analysis,analytical skills,communication skills,organizational skills,collaboration,adaptability,financial modeling,capital raising,debt capital transactions,business forecasting,m&a support",global,"career,development",low,4,19388.66,stable,0,1
bachelors,engineering,"communication,teamwork,problem solving,organizational skills,leadership,adaptability,financial modeling,data analytics,project management,market analysis,presentation preparation,reporting",global,"career,development",medium,3,20891.92,stable,0,0
masters,engineering,"project management,project management tools,business rules,quality review,change management,resource management,communication,stakeholder management,planning,execution,problem solving,team coordination",global,"career,development",medium,0,22256.15,stable,1,0
bachelors,engineering,"financial statement generation,variance analysis,annual planning,financial forecasting,financial modeling,financial project management,accounting system integration,cpa,financial analysis,financing strategies,leadership,interpersonal skills",global,"career,development",medium,1,20061.67,stable,1,1
bachelors,engineering,"accounting,finance,ms excel,compliance reporting,communication,relationship management,leadership,collaboration,problem solving,structured credit products,portfolio accounting",global,"career,development",medium,1,19856.81,stable,1,1
masters,business,"financial reporting,general accounting,operational accounting,cash management,operational analysis,cpa,accounting degree,finance degree,leadership,communication,problem solving,team management",global,"career,development",medium,7,18595.28,stable,1,1
bachelors,engineering,"finance,healthcare services,leadership,strategic thinking,communication,hands-on approach,team collaboration,revenue cycle management,accounting,systems updates,multi-location management,public accounting experience",global,"career,development",low,2,17816.47,stable,1,1
masters,business,"capital allocation,leadership,communication,collaboration,mentoring,problem solving,influencing stakeholders,innovation,financial analysis,forecasting,strategic financial planning,financial reporting",global,"career,development",medium,2,22088.53,stable,0,1
bachelors,engineering,"financial analysis,forecasting,excel,financial reporting,budgeting,data analysis,financial consulting,process improvement,communication,analytical thinking,strategic mindset,problem solving",global,"career,development",medium,3,15992.68,stable,0,1
masters,business,"commercial loans,credit underwriting,communication,organizational skills,problem solving,teamwork,work ethic,time management,financial modeling,portfolio management,legal documentation,excel",global,"career,development",high,0,18870.98,stable,1,1
bachelors,engineering,"accounts receivable,billing,microsoft excel,financial systems,communication,attention to detail,problem solving,teamwork,adaptability,expense monitoring,reporting,workday",global,"career,development",low,5,20731.16,stable,0,1
masters,business,"accounting practices,budget preparation,financial reporting,profit and loss responsibility,leadership,teamwork,independence,communication,analytical thinking,problem solving,financial analysis,cost accounting",global,"career,development",medium,7,17132.82,stable,1,0
masters,engineering,"reporting,microsoft office suite,project management,business analysis,data analysis,communication,problem solving,attention to detail,time management,adaptability,critical thinking,workday",global,"career,development",low,3,20748.74,stable,0,1
bachelors,engineering,"negotiation,communication,teamwork,time management,initiative,client interaction,problem solving,equity swaps,contract drafting,isda master agreement,otc equity options,risk management",global,"career,development",medium,6,15886.18,stable,1,1
masters,business,"financial analysis,financial modeling,ifrs,management accounting,cost controlling,variance analysis,business modeling,kpi tracking,capital expenditure evaluation,communication,teamwork,problem solving",global,"career,development",low,3,21258.56,stable,1,0
masters,business,"project management,financial analysis,budget management,compliance knowledge,information technology,business analysis,communication,leadership,relationship building,strategic thinking,problem solving,advisory skills",global,"career,development",low,7,21158.36,stable,0,0
bachelors,engineering,"project management,financial planning,data management,risk management,process optimization,automation,microsoft excel,microsoft word,change management,financial operations,communication,interpersonal skills",global,"career,development",low,4,17398.74,stable,1,0
bachelors,engineering,"general ledger,financial reporting,advanced computer skills,mathematical computations,documentation skills,data analysis,time management,accounting principles,communication,problem solving,attention to detail,teamwork",global,"career,development",medium,5,21747.32,stable,1,1
masters,engineering,"accounting,project management,financial analysis,reconciliation,cashflow projections,financial statements review,leadership,communication,teamwork,analytical thinking,coordination,problem solving",global,"career,development",high,2,17887.31,stable,1,1
masters,engineering,"financing transactions,legal representation,academic performance,interpersonal skills,client focus,problem solving,communication,strategic thinking,adaptability,aviation finance,commercial aircraft leasing,purchase and sale transactions",global,"career,development",medium,4,21068.96,stable,1,1
masters,business,"financial operations,contract administration,data analysis,financial strategy,variance analysis,leadership,communication,problem solving,organization,customer service,proactivity,attention to detail",global,"career,development",low,5,21905.51,stable,0,1
masters,business,"financial analysis,accounting principles,budgeting,financial reporting,financial forecasting,ledger reconciliation,business planning,leadership,communication,strategic thinking,problem solving,advisory skills",global,"career,development",high,3,22847.93,stable,0,0
bachelors,engineering,"project management,financial analysis,microsoft office suite,process improvement,documentation,financial reporting,data analysis,communication,time management,collaboration,problem solving,flexibility",global,"career,development",high,1,21161.02,stable,0,0
bachelors,engineering,"financial analysis,budgeting,forecasting,reporting,financial modeling,data analysis,accounting principles,collaboration,adaptability,problem solving,communication,attention to detail",global,"career,development",medium,7,18986.86,stable,0,0
bachelors,business,"financial analysis,budgeting,forecasting,data analysis,microsoft excel,erp applications,financial modeling,financial performance indicators,communication,relationship building,critical thinking,adaptability",global,"career,development",low,2,16401.62,stable,0,0
bachelors,engineering,"accounting,finance,excel,budgeting,invoicing,data entry,fixed asset inventory,attention to detail,organizational skills,communication,problem solving,time management",global,"career,development",low,3,18526.29,stable,1,0
masters,business,"forecasting,budgeting,business leadership,collaboration,communication,labor reporting,cash flow management,financial controls,policy and procedure operations,month-end close,accounts payable (a/p),accounts receivable (a/r)",global,"career,development",low,5,17186.54,stable,1,1
bachelors,engineering,"excel,microsoft office,accounts payable,accounts receivable,computer skills,customer service,multitasking,willingness to learn,adaptability",global,"career,development",medium,6,20837.42,stable,0,1
masters,business,"analytical skills,attention to detail,communication,collaboration,basel 3 endgame regulation,basel 3 rules,crr3 (capital requirements regulation 3),credit risk knowledge,policy writing",global,"career,development",medium,7,20170.35,stable,0,0
masters,business,"financial management,accounting,gaap principles,budgeting,forecasting,financial statement preparation,cash flow management,accounts payable,internal controls,risk management,microsoft excel,microsoft office suite",global,"career,development",medium,3,18497.98,stable,0,0
masters,business,"financial leadership,strategic insights,financial modeling,analytics,market insights,financial performance reporting,contractual negotiations,data visualization,variance analysis,financial forecasting,team management,business excellence",global,"career,development",medium,1,21226.82,stable,0,0
bachelors,engineering,"excel,communication,relationship building,problem solving,self-motivation,teamwork,financial planning and analysis,financial modeling,budgeting,reporting packages,gaap,power bi",global,"career,development",medium,6,19857.07,stable,1,0
masters,business,"financial reporting,budgeting,accounting standards,accounts reconciliation,financial analysis,internal controls,team management,auditing,financial statements analysis,communication,teamwork,problem solving",global,"career,development",medium,4,22554.37,stable,0,0
bachelors,engineering,"financial analysis,financial reporting,financial statement analysis,budget control,critical thinking,analytical problem-solving,attention to detail,learning agility,initiative,relationship building,self-starter,project management",global,"career,development",medium,1,19013.5,stable,1,1
bachelors,engineering,"accounting,finance,data analysis,financial planning,microsoft excel,account reconciliations,general ledger,accounts payable,problem solving,organizational skills,attention to detail,communication",global,"career,development",medium,0,21593.99,stable,1,0
bachelors,engineering,"financial modeling,reporting,communication,teamwork,problem solving,stakeholder management,strategic thinking,adaptability,data analytics,portfolio management,industry research,capital formation",global,"career,development",high,2,22708.85,stable,0,1
masters,business,"project management,leadership,analytical mindset,communication,presentation skills,problem solving,financial planning and analysis (fp&a),accounting principles,corporate finance,budgeting,financial software,quickbooks",global,"career,development",high,4,18273.04,stable,1,0
masters,business,"financial reporting,financial analysis,fp&a,p&l management,kpi reporting,data analysis,budgeting,accounting principles,advanced degree in finance,interpersonal skills,leadership,communication",global,"career,development",medium,0,15818.81,stable,0,1
bachelors,engineering,"financial analysis,data analysis,reporting,expense analysis,reconciliation,trend analysis,communication,presentation skills,problem solving,attention to detail,flexibility,teamwork",global,"career,development",low,7,17519.72,stable,0,1
bachelors,engineering,"financial analysis,financial reporting,regulatory compliance,cash flow management,budget management,accounting,tax planning,financial controls,financial acumen,master's degree in finance or accounting,leadership,communication",global,"career,development",low,5,18586.47,stable,1,1
masters,business,"budgeting,data analysis,expense management,communication,problem solving,detail-oriented,time management,adaptability,interpersonal skills,financial planning,financial analysis,forecasting",global,"career,development",high,5,20541.76,stable,1,1
bachelors,engineering,"public finance knowledge,compliance knowledge,microsoft excel,multi-tasking,interpersonal skills,organizational skills,time management,team collaboration,problem-solving,database management,data entry,microsoft word",global,"career,development",low,2,20677.54,stable,0,0
masters,engineering,"financial analysis,fp&a,financial modeling,cost analysis,accounting,business process improvement,communication,interpersonal skills,influencing skills,analytical skills,leadership,teamwork",global,"career,development",high,5,21853.79,stable,1,0
masters,engineering,"regulatory compliance,relationship building,teamwork,problem solving,communication,commitment to client service,continuous improvement,adaptability,ethical leadership,collaboration,legal risk management,commercial transactions",global,"career,development",high,4,20320.55,stable,0,1
masters,engineering,"financial accounting,accounting principles,process improvement,project management,communication,problem solving,teamwork,leadership,adaptability,customer service,interpersonal skills,financial analysis",global,"career,development",low,3,19809.08,stable,1,1
bachelors,engineering,"financial reporting,client billing systems,microsoft office suite,data analytics,project management,reconciliation,ad hoc reporting,detail-oriented,analytical skills,organizational skills,problem solving,communication",global,"career,development",low,2,21102.35,stable,1,1
bachelors,engineering,"accounting,multi-location operations,strategic thinking,tactical execution,communication,leadership,hands-on approach,team collaboration,financial infrastructure,healthcare services,commercial insurer payouts,due diligence",global,"career,development",medium,5,15644.43,stable,0,1
masters,business,"financial forecasting,data integrity management,reporting metrics analysis,ad hoc analytics,market knowledge,business analysis,cross-functional collaboration,banking knowledge,problem solving,team player,communication,adaptability",global,"career,development",low,5,20145.62,stable,1,0
bachelors,engineering,"finance,training content development,employee development programs,powerpoint,excel,word,business processes,financial concepts,learning solutions,communication,teamwork,organizational skills",global,"career,development",high,6,17026.49,stable,1,1
masters,business,"financial reporting,financial modeling,data analysis,advanced excel,budgeting,forecasting,financial systems,business intelligence,communication,collaboration,problem solving,time management",global,"career,development",high,7,18290.9,stable,0,0
masters,engineering,"reporting,finance data analysis,communication,problem solving,teamwork,analytical thinking,adaptability,workday,integrations,workday studio,calculated fields,birt",global,"career,development",low,1,23078.73,stable,0,0
bachelors,business,"financial analysis,budgeting,accounting,data analysis,teamwork,problem solving,interpersonal skills,financial reporting,financial modeling,sales forecasting,market analysis,project management",global,"career,development",medium,6,20043.4,stable,0,0
masters,business,"financial analysis,budgeting,forecasting,financial reporting,financial software (e.g., sunsystems, infor q&a, birchstreet),tax regulations,computer skills (word, excel),leadership,communication,decision making,organizational skills,teamwork",global,"career,development",medium,6,15880.43,stable,0,0
masters,computer science,"problem solving,communication,teamwork,relationship management,hadoop,aws,python,sql,spark,java,data modeling,machine learning",global,"career,development",medium,1,18448.9,stable,1,0
bachelors,engineering,"finance,communication,negotiation,relationship building,problem solving,commercial lending,business development,portfolio management",global,"career,development",medium,1,16055.3,stable,0,1
bachelors,engineering,"database management,microsoft office,budgeting,communication,interpersonal skills,problem solving,time management,detail oriented,teamwork,adaptability,excel,financial reporting",global,"career,development",medium,1,16694.51,stable,1,1
masters,business,"finance,accounting,forecasting,financial analysis,leadership,project management,data analysis,collaboration,communication,teamwork,problem solving,adaptability",global,"career,development",low,4,16177.53,stable,1,0
bachelors,engineering,"collections,customer service,administrative tasks,negotiation,record keeping,financial services,regulatory compliance,communication,problem solving,teamwork,customer-centric approach,operational efficiency",global,"career,development",low,7,22986.84,stable,1,1
bachelors,engineering,"financial analysis,accounting,financial forecasting,financial reporting,budgeting,data analysis,leadership,team development,communication,project management,problem solving,cross-functional collaboration",global,"career,development",medium,5,17543.44,stable,1,1
masters,business,"financial planning & analysis,forecasting,budgeting,financial reporting,data management,analytics,ms excel,oracle,process improvement,leadership,communication,team building",global,"career,development",low,1,17091.74,stable,0,1
masters,business,"excel,powerpoint,inventory management,communication,approachability,team collaboration,presentation skills,financial reporting,budgeting,accounting standards,sage (accounting erp),salesforce",global,"career,development",medium,7,18135.96,stable,1,0
bachelors,business,"reporting,communication,problem solving,teamwork,self-starter mentality,adaptability,financial analysis,forecasting,variance analysis,modeling,ms excel,google sheets",global,"career,development",high,1,16709.89,stable,1,1
masters,business,"project management,regulation compliance,leadership,relationship building,communication,teamwork,analytical skills,problem solving,mentoring,flexibility,structured finance,valuation",global,"career,development",low,6,22057.87,stable,1,1
masters,business,"financial management,accounting principles (gaap),budgeting,financial analysis,forecasting,internal audit procedures,financial reporting,cost control procedures,microsoft excel,financial statements preparation,risk management,leadership",global,"career,development",medium,5,21785.72,stable,1,1
bachelors,engineering,"public finance,writing,drafting transaction documents,due diligence,municipal bonds,interpersonal communication,attention to detail,teamwork,problem solving,time management,legal research,securities disclosure",global,"career,development",medium,7,16456.04,stable,1,1
masters,business,"accounting,finance processes,data management,project management,process improvement,analytical skills,communication,teamwork,problem solving,change management,service-oriented approach,continuous improvement mindset",global,"career,development",low,3,17800.01,stable,1,0
bachelors,engineering,"accounting,finance,financial reporting,data analysis,reconciliation,forecasting,communication,teamwork,adaptability,problem solving,initiative,collaboration",global,"career,development",medium,6,16033.5,stable,1,0
masters,business,"excel,data analysis,financial analysis,microsoft word,microsoft powerpoint,data reconciliation,financial reporting,process improvement,liquidity concepts,attention to detail,time management,analytical skills",global,"career,development",low,1,20906.94,stable,0,1
bachelors,engineering,"financial analysis,data analysis,financial modeling,risk assessment,reporting,capital structure evaluation,negotiation,communication,collaboration,problem solving,influence,independent work",global,"career,development",medium,2,20982.55,stable,1,1
bachelors,engineering,"financial analysis,excel,financial reporting,accounting knowledge,data sourcing,risk revenue estimation,business development pricing,teamwork,problem solving,communication,adaptability,intellectual curiosity",global,"career,development",low,6,20514.35,stable,0,0
bachelors,engineering,"project management,financial analysis,data management,microsoft excel,microsoft powerpoint,microsoft word,communication,relationship management,teamwork,proactive,self-starter,prioritization",global,"career,development",high,0,21868.83,stable,1,1
masters,business,"budget planning,monthly reporting,communication,teamwork,resilience,integrity,flexibility,analytical skills,self-responsibility,ability to set priorities,project controlling,international accounting",global,"career,development",medium,4,15521.84,stable,1,0
masters,business,"financial analysis,profitability analysis,microsoft excel,reporting,data analysis,communication,team management,problem solving,time management,adaptability,professionalism,self-confidence",global,"career,development",medium,2,19192.78,stable,1,0
bachelors,business,"finance business analysis,documentation,project management,communication,analytical skills,problem solving,collaboration,microsoft dynamics 365 f&sc,power bi,integration methodologies,reporting tools,microsoft office 365 suite",global,"career,development",medium,7,16300.99,stable,0,0
bachelors,engineering,"budgeting,financial reporting,microsoft excel (advanced),fiscal management software,communication,interpersonal skills,problem solving,attention to detail,teamwork,time management,adaptability,strategic thinking",global,"career,development",medium,5,18895.72,stable,1,0
bachelors,engineering,"oracle finance,general ledger (gl),accounts payable (ap),accounts receivable (ar),fixed assets (fa),leadership,customer relationship management,presentation skills,communication,collaboration,problem solving,solution architecture",global,"career,development",high,5,22252.1,stable,0,0
bachelors,engineering,"financial analysis,data analysis,microsoft excel,analytical thinking,collaboration,communication,problem solving,attention to detail,time management,relationship building,independence,project management",india,"career,development",medium,6,19860.72,stable,1,1
masters,business,"cost accounting,financial analysis,budgeting,forecasting,data analysis,financial reporting,process improvement,people management,bachelor's degree in accounting or finance,communication,teamwork,problem solving",global,"career,development",high,4,22870.81,stable,1,0
masters,business,"budgeting,financial analysis,gaap,erp (sap),microsoft excel,accounting,cost management,internal controls,auditing,leadership,problem solving,communication",global,"career,development",medium,3,16487.42,stable,0,1
bachelors,engineering,"project management,collaboration,problem solving,communication,training and support,risk management,finance and accounting systems,process architecture,system implementation,workday,accounting center,prism",global,"career,development",medium,5,21977.81,stable,1,1
masters,business,"financial analysis,accounting principles,financial reporting,forecasting,data analysis,communication,problem solving,interpersonal skills,budgeting,regulatory compliance,financial modeling,erp software",global,"career,development",high,7,17599.95,stable,0,1
masters,business,"financial leadership,financial analysis,project management,communication,interpersonal skills,teamwork,problem solving,time management,adaptability,leadership,strategic thinking,collaboration",global,"career,development",medium,7,18258.01,stable,0,1
bachelors,engineering,"financial analysis,budgeting,accounting knowledge,ms excel,variance reconciliation,p&l analysis,problem solving,communication,initiative,cross-functional teamwork,independence,interpersonal skills",global,"career,development",low,0,18228.91,stable,0,0
bachelors,engineering,"accounting principles,general ledger reconciliation,financial reporting,billing systems,microsoft office,analytical skills,communication,problem solving,teamwork,attention to detail,organizational skills,independent work",global,"career,development",medium,3,19813.82,stable,0,0
masters,business,"business development,proposal development,communication,negotiation,relationship building,stakeholder management,self-motivation,results-oriented,team collaboration,msp,vms,crm software",global,"career,development",low,1,17097.88,stable,1,0
bachelors,business,"business operations,insurance knowledge,microsoft office suite,transactional support,data analysis,communication,teamwork,problem-solving,interpersonal skills,flexibility,organizational skills,relationship development",global,"career,development",medium,4,19934.78,stable,0,1
bachelors,business,"business process improvement,relationship management,sales strategy development,customer acquisition,data analysis,communication,interpersonal skills,resilience,multi-tasking,independence,problem solving,organizational skills",global,"career,development",medium,4,21502.98,stable,0,1
bachelors,business,"vendor negotiation,communication,customer service,collaboration,organization,time management,problem solving,adaptability,decision making,interpersonal skills,ability to work under pressure,ability to manage multiple priorities",global,"career,development",medium,4,17443.35,stable,0,1
masters,business,"business development,sales strategies,lead generation,negotiation,presentation skills,customer relationship management,market analysis,communication,team collaboration,problem solving,flexibility,influence",global,"career,development",high,4,19143.2,stable,0,1
masters,business,"business development,project management,digital marketing,vendor management,teamwork,communication,organizational skills,problem solving,adaptability,relationship building,media relations,public relations",global,"career,development",high,6,20096.55,stable,0,0
bachelors,business,"lead generation,data analysis,sales techniques,market research,communication tools,team collaboration,adaptability,problem solving,time management,interpersonal skills,customer engagement,crm software",global,"career,development",medium,0,19004.13,stable,0,1
masters,business,"crm,microsoft word,microsoft excel,microsoft powerpoint,project management,marketing,data analysis,communication,organization,attention to detail,networking,collaboration",global,"career,development",medium,6,20137.45,stable,0,1
bachelors,business,"critical thinking,problem-solving,client-focused mindset,relationship building,effective communication,adaptability,teamwork,financial services experience,crps designation,financial license series 65,retirement plan knowledge,microsoft word",global,"career,development",medium,4,23096.59,stable,1,1
masters,business,"marketing principles,analytical skills,product knowledge,business development,communication,interpersonal skills,problem solving,strategic thinking,team collaboration,adaptability,time management,customer focus",global,"career,development",medium,5,19062.8,stable,0,1
bachelors,business,"lead generation,client prospecting,outbound prospecting,inbound lead management,market understanding,communication,interpersonal skills,organizational skills,self-starter,teamwork,adaptability,crm tools (hubspot, outreach.io, linkedin sales navigator, zoominfo)",global,"career,development",medium,3,18021.17,stable,0,0
masters,business,"account management,client relationship management,revenue target accountability,business development,it services project management,target oriented,self-motivated,multi-tasking,independent work,communication,can-do attitude,articulate",global,"career,development",medium,4,19006.14,stable,0,1
bachelors,business,"sales,traveling,communication,time management,teamwork,adaptability,problem solving,self-motivation,field marketing,referral generation,event planning,marketing",global,"career,development",medium,3,15668.82,stable,0,1
bachelors,business,"sales strategy,healthcare knowledge,leadership,market analysis,sales planning,collaboration,reporting and analysis,negotiation,business development,communication,relationship building,teamwork",global,"career,development",medium,2,23072.27,stable,1,1
bachelors,business,"b2b sales,customer service,sales generation,market knowledge,organizational skills,communication skills,follow-up skills,self-motivation,relationship building,engaging personality,attention to detail,professionalism",global,"career,development",low,0,17228.58,stable,0,1
masters,business,"business development,sales cycle management,cold outreach,negotiation,strategy creation,autonomous work,hunter mentality,proven track record,communication,battery technology",global,"career,development",low,2,22445.24,stable,1,1
masters,business,"business development,sales,presentation skills,communication,relationship building,self-motivation,initiative,teamwork,problem solving,attention to detail,emotional intelligence,adaptability",global,"career,development",high,5,18324.09,stable,0,0
bachelors,business,"email marketing,sales performance metrics,microsoft word,microsoft excel,microsoft outlook,communication,attention to detail,organizational skills,multi-tasking,relationship building,creative thinking,adaptability",global,"career,development",medium,0,19777.18,stable,1,1
masters,business,"communication,microsoft office suite,business development,data analysis,interpersonal skills,creativity,networking,customer satisfaction,problem solving,team collaboration,negotiation,crm software",global,"career,development",medium,6,20615.93,stable,1,1
masters,business,"microsoft office,data analysis,report development,communication,problem solving,interpersonal skills,collaboration,feedback management,dbe program administration,contract compliance,project management,quality assurance",global,"career,development",medium,4,18217.32,stable,1,0
masters,business,"lead generation,sales forecasting,market knowledge,account management,business development,presentation skills,communication,strategic planning,problem solving,collaboration,self-motivation,organization",global,"career,development",medium,2,19440.46,stable,0,0
masters,business,"business development,sales strategy,market research,customer engagement,team leadership,budget management,analytical skills,project management,communication,interpersonal skills,problem-solving,collaboration",global,"career,development",medium,1,17652.38,stable,0,1
masters,business,"business development,sales,account management,cold calling,sales planning,b2b sales,presentation skills,customer relationship management,budget monitoring,communication,interpersonal skills,problem solving",global,"career,development",low,0,22585.68,stable,1,0
bachelors,business,"communication,marketing,proposal creation,project management,attention to detail,team collaboration,adaptability,initiative,time management,client relations,problem solving,writing",global,"career,development",low,5,16880.79,stable,0,0
masters,business,"business development,sales,negotiation,persuasion,market analysis,cold calling,strategic networking,client management,presentation skills,communication,relationship building,self-driven",global,"career,development",medium,1,22213.38,stable,0,0
bachelors,business,"business development,customer relationship management,self-motivation,team collaboration,communication,sales,negotiation,market analysis,packaging industry knowledge,pressure management",global,"career,development",medium,1,18016.23,stable,1,0
masters,business,"b2b sales,negotiation,communication,client engagement,self-motivated,team player,initiative,adaptability,problem solving,procurement solutions",global,"career,development",medium,5,20838.1,stable,0,1
masters,business,"business development,client service,market knowledge,data analysis,microsoft office,presentation skills,communication,relationship building,teamwork,motivation,integrity,flexibility",global,"career,development",low,7,17541.59,stable,0,1
bachelors,business,"business development,relationship management,procurement,communication,networking,proactivity,organization,detail-oriented,leadership,team management,federal contracting,proposal writing",global,"career,development",medium,7,17410.07,stable,0,0
bachelors,business,"sales techniques,crm software,communication,relationship building,persuasion,teamwork,time management,product presentations,virtual communication tools,record keeping",global,"career,development",high,1,22983.31,stable,1,1
bachelors,business,"market analysis,english language proficiency,relationship building,communication,networking,adaptability,strategic thinking,collaboration,problem solving,kol marketing strategy,user growth strategies,crypto market understanding",global,"career,development",low,7,15875.93,stable,1,1
masters,business,"crm,communication,negotiation,networking,client relationship management,self-motivation,presentation skills,team collaboration,market intelligence,sales data analysis,proposal development,cgmp api manufacturing",global,"career,development",medium,4,17501.71,stable,0,0
masters,business,"b2b sales,client account management,networking,communication,problem solving,sales mindset,time management,team collaboration,payroll outsourcing sales,property/casualty license (220),life/health license (215),commercial insurance sales",global,"career,development",low,5,19261.69,stable,1,1
bachelors,business,"b2b sales,client acquisition,consultative sales,lead generation,market research,networking,cold calling,communication,self-motivation,team collaboration,initiative,problem solving",global,"career,development",medium,7,22366.7,stable,1,0
bachelors,business,"new business development,lead generation,account management,bachelor's degree in business or related field,business acumen,communication,relationship building,sales growth,healthcare industry experience",global,"career,development",high,1,22363.57,stable,0,1
masters,business,"business development,client relationship management,strategic planning,staffing industry knowledge,communication,interpersonal skills,collaboration,adaptability,problem solving,autonomy,time management,sales",global,"career,development",medium,0,21438.39,stable,0,1
masters,business,"business development,sales,customer service,crm software,computer literacy,revenue target setting,relationship management,interpersonal skills,communication,problem solving,proactivity,teamwork",global,"career,development",medium,6,18566.22,stable,1,1
masters,business,"b2b sales,opportunity management,lead generation tools,consultative selling,c-level presentation,business case development,sales forecasting,account management,relationship management,communication,independent judgment,problem solving",global,"career,development",low,7,21232.48,stable,0,1
masters,business,"business development,market analysis,sales forecasting,crm systems,project management,networking,customer relationship management,contract negotiation,trade exhibitions,promotional material preparation,data reporting,communication",global,"career,development",low,5,17491.58,stable,0,1
bachelors,business,"outbound sales,pipeline management,b2b sales,communication,ambition,adaptability,teamwork,problem solving,time management,crm tools,amazon sales,e-commerce experience",global,"career,development",high,3,20049.24,stable,1,0
masters,business,"b2b sales,lead generation,consultative selling,market analysis,financial management,communication,relationship building,results driven,personal effectiveness,collaboration,networking,problem solving",global,"career,development",medium,5,21058.93,stable,0,0
bachelors,business,"lead generation,market research,data assimilation,sales experience,event organization,analytical skills,communication skills,relationship building,organizational skills,creativity,independent work,collaborative work",global,"career,development",low,6,22714.23,stable,1,0
bachelors,business,"business development,strategic partnerships,project management,sales,data analysis,communication,problem solving,analytical skills,relationship building,organizational skills,time management,judgment and discretion",global,"career,development",low,4,16665.92,stable,1,0
masters,business,"market research,business development,strategic planning,financial analysis,negotiation,data analysis,lead generation,competitive analysis,collaboration,communication,relationship building,leadership",global,"career,development",low,6,15748.42,stable,1,0
masters,business,"sales strategies,client relationship management,sales pipeline management,bachelor's degree,communication,relationship building,problem solving,time management,team collaboration,negotiation,adaptability,market analysis",global,"career,development",high,5,22572.97,stable,1,0
bachelors,business,"microsoft office,communication,collaboration,problem solving,time management,customer relationship management,entrepreneurial spirit,listening skills,sales techniques,strategic thinking,salesforce,zoominfo",global,"career,development",medium,1,20787.61,stable,0,1
masters,business,"sales,relationship management,negotiation,marketing planning,customer relationship management software,data analysis,budget management,communication,problem solving,time management,independence,creativity",global,"career,development",high,4,15483.25,stable,1,0
bachelors,business,"business development,data analytics,prospecting,client management,communication,persuasion,time management,self-motivation,trust-building,entrepreneurial spirit,team collaboration,learning mindset",global,"career,development",low,4,16160.28,stable,1,0
masters,business,"sales management,crm software,lead generation,customer relationship management,entrepreneurial work ethic,communication,initiative,collaboration,accountability,growth mindset,problem solving,adaptability",global,"career,development",low,0,22950.38,stable,0,1
masters,business,"business development,proposal development,crm automation software,microsoft office,digital systems,strategic planning,data analysis,communication,time management,organizational skills,attention to detail,strategic thinking",global,"career,development",medium,2,21432.95,stable,1,0
masters,business,"sales,lead generation,networking,trade shows,customer service,communication,team-oriented,relationship building,tenacity,outgoing attitude,problem solving,crm systems",global,"career,development",low,1,19498.65,stable,0,0
bachelors,business,"microsoft office,sales success,communication,relationship building,professionalism,positive attitude,motivation,wealth management,investment strategies,crm (salesforce),capital markets,asset allocation",global,"career,development",medium,4,21160.84,stable,1,1
masters,business,"customer relationship management,documentation,communication,teamwork,relationship building,problem solving,adaptability,collaboration,customer-centric mindset,time management,initiative,sales",global,"career,development",low,6,22973.47,stable,1,0
bachelors,business,"sales metrics interpretation,project management technologies,communication,problem solving,teamwork,detail oriented,self-starter,customer relationship management,adaptability,curiosity,microsoft office suite,excel",global,"career,development",low,6,17248.54,stable,1,0
masters,business,"business development,sales management,customer relationship management,communication,team collaboration,problem solving,adaptability,eagerness to learn,relationship building,market research,clothing industry knowledge,supply chain management",global,"career,development",medium,7,20728.49,stable,0,0
bachelors,business,"business development,ms office suite,crm systems,data analysis,budget management,networking,relationship management,communication,teamwork,leadership,attention to detail,project management",global,"career,development",low,1,19823.16,stable,1,1
masters,business,"google earth,ms word,excel,powerpoint,communication,interpersonal skills,networking,time management,flexibility,attention to detail,self-starter,independent work",global,"career,development",high,5,21741.35,stable,0,0
masters,business,"sales,business development,customer relationship management (crm) systems,market insight,problem solving,emerging technology knowledge,recruitment delivery,communication,relationship building,adaptability,customer service orientation,time management",global,"career,development",low,0,21513.26,stable,0,1
masters,business,"business acumen,market evaluation,higher math knowledge,communication,relationship building,collaboration,problem solving,personal drive,empathy,strategic thinking,influence,defense sales experience",global,"career,development",low,0,17009.76,stable,1,1
masters,business,"marketing,business development,data analysis,financial metrics,healthcare knowledge,customer service strategies,leadership,communication,team management,problem solving,motivation,strategic planning",global,"career,development",medium,5,22429.27,stable,0,1
bachelors,business,"sales performance tracking,presentation skills,communication,collaboration,organization,problem solving,client relationship management,teamwork,adaptability,heor,rwe,market access",global,"career,development",high,2,21624.72,stable,0,0
masters,business,"microsoft office,excel,data analysis,budgeting,presentation skills,reporting,communication,interpersonal skills,teamwork,organization,self-starter,detail-oriented",global,"career,development",low,3,17523.33,stable,1,0
bachelors,business,"sales operations,client fulfillment,data management,proposal development,market research,contract development,communication,creativity,motivation,relationship building,teamwork,outgoing personality",global,"career,development",medium,0,22589.87,stable,1,1
masters,business,"sales experience,presentation skills,negotiation,business strategy,customer relationship management,forecasting,market analysis,communication,problem solving,teamwork,influencing,autonomy",global,"career,development",medium,5,22615.74,stable,1,0
masters,business,"sales generation,business development,crm systems,microsoft outlook,microsoft word,microsoft excel,microsoft powerpoint,negotiation,lead development,marketing strategies,relationship building,communication",global,"career,development",high,0,20454.35,stable,0,1
masters,business,"crm,sales strategy,b2b sales,lead generation,market research,metrics-based performance,communication,relationship building,motivation,collaboration,organizational skills,detail-oriented",global,"career,development",low,3,21905.44,stable,0,0
masters,business,"business development,analytical skills,organizational skills,project management,staffing and management,communication,collaboration,leadership,problem solving,proposal management,graphic design,fluency in spanish/french/arabic",global,"career,development",high,3,20118.53,stable,0,0
masters,business,"lead generation,data analysis,proposal preparation,adaptability,communication,creativity,problem solving,team collaboration,proactive mindset,strategic thinking,email marketing,cold calling",global,"career,development",low,2,20391.42,stable,1,1
masters,business,"sales,business development,project management,food and beverage industry knowledge,service excellence,data analysis,communication,initiative,teamwork,problem solving,leadership,entrepreneurial mindset",global,"career,development",high,4,21819.06,stable,0,0
masters,business,"sales experience,customer relationship management,business development,strategic planning,problem-solving,networking,communication,presentation skills,teamwork,independence,professionalism,adaptability",global,"career,development",high,2,22324.3,stable,1,1
bachelors,business,"sales,pipeline management,negotiations,customer service,business development,relationship building,communication,teamwork,problem solving,leadership,motivation,coaching",global,"career,development",medium,5,18581.43,stable,0,1
bachelors,business,"presentation skills,teamwork,self-motivation,integrity,communication,collaboration,problem solving,adaptability,crm,saas,email communication,telephone communication",global,"career,development",low,7,17070.56,stable,0,1
bachelors,business,"sales skills,client presentations,negotiation,solution selling,market analysis,reporting,communication,interpersonal skills,teamwork,problem solving,customer relationship management,presentation skills",global,"career,development",low,4,21770.23,stable,1,1
masters,business,"b2b sales,account management,market analysis,microsoft office,consultative selling,presentation skills,communication,teamwork,adaptability,self-directed,perseverance,entrepreneurial spirit",global,"career,development",medium,2,19390.73,stable,1,1
bachelors,business,"sales,customer support,communication,relationship building,teamwork,driven,competitive nature,collaboration,feedback implementation,brand awareness,hospitality experience,listening",global,"career,development",medium,0,19268.69,stable,0,0
bachelors,business,"business development,teaming,data analysis,client relationship management,training,technology integration,communication,initiative,relationship building,collaboration,influence,professionalism",global,"career,development",low,3,21841.04,stable,0,0
bachelors,business,"sales,ms office,lead qualification,lead conversion,communication,problem solving,customer focus,teamwork,adaptability,objection handling,time management,crm",global,"career,development",medium,2,20292.69,stable,1,1
masters,business,"business development,strategic planning,relationship management,market analysis,execution of strategies,communication,critical thinking,interpersonal skills,goal-oriented,focus",global,"career,development",low,4,17824.16,stable,0,0
masters,business,"professional network,administrative support solutions,communication,interpersonal skills,networking,sales skills,self-motivation,healthcare industry experience",global,"career,development",high,4,21032.52,stable,0,0
masters,business,"business development,sales,client account management,business degree,leadership,relationship building,team management,self-discipline,results-oriented,communication,problem solving,project management",global,"career,development",high,4,15462.06,stable,1,1
bachelors,business,"b2b sales,outbound prospecting,lead generation,sales strategy,communication,relationship building,time management,influencing skills,collaboration,supply chain management,crm software",global,"career,development",high,7,18318.61,stable,1,1
masters,business,"technical sales,project management,relationship building,market penetration,communication,teamwork,strategic planning,customer service,problem solving,adaptability,negotiation,leadership",global,"career,development",medium,0,17321.17,stable,0,1
masters,business,"partnership management,event coordination,strategic development,relationship management,cross-functional collaboration,leadership,communication,organizational skills,strategic thinking,relationship-building,adaptability,problem-solving",global,"career,development",medium,2,19812.42,stable,0,0
masters,business,"business development,sales management,project management,customer relationship management,negotiation,territory planning,lead generation,financial analysis,leadership,communication,strategic thinking,team collaboration",global,"career,development",medium,7,21779.36,stable,1,0
masters,business,"business development strategy,market analysis,microsoft office suite,relationship building,data analysis,creativity,strategic thinking,communication,presentation skills,problem solving,collaboration,proposal writing",global,"career,development",medium,4,18442.7,stable,1,1
masters,business,"business development,presentation skills,communication,relationship building,teamwork,problem solving,leadership,sales,client analysis,competitive analysis,pipeline management,customer relationship management",global,"career,development",medium,0,21717.29,stable,1,1
bachelors,business,"business development,marketing,client contact,computer skills,software knowledge,project management,communication,mentoring,teamwork,problem solving,career development,technical leadership",global,"career,development",low,2,21431.39,stable,1,0
masters,business,"business development,account management,financial acumen,sales processes,strategic account management,relationship building,collaboration,communication,problem solving,strategic thinking,leadership,dedication to service",global,"career,development",low,5,23081.7,stable,0,1
masters,business,"crm systems,sales strategy development,market analysis,business development,project management,communication tools (phone, email, linkedin),relationship building,results-oriented,networking,problem solving,adaptability,team collaboration",global,"career,development",high,6,16326.98,stable,1,0
masters,business,"sales strategy development,account management,business development,relationship building,analytical thinking,problem solving,results orientation,organizational skills,communication,lidar sensors,crm database management,technical proficiency in industrial technology",global,"career,development",medium,3,22230.82,stable,1,0
bachelors,business,"business development,strategic planning,market analysis,negotiation,leadership,financial analysis,customer relationship management,project management,sales strategy,data analysis,communication,teamwork",global,"career,development",low,4,18612.39,stable,1,1
masters,business,"business development,marketing campaigns,relationship management,stakeholder engagement,research,cross-functional collaboration,communication,interpersonal skills,teamwork,problem solving,adaptability,negotiation",global,"career,development",medium,1,18805.34,stable,0,1
masters,business,"sales strategy,customer service,account management,b2b sales,market analysis,product knowledge,sales presentations,territory management,communication,teamwork,problem solving,adaptability",global,"career,development",low,0,18426.9,stable,0,1
masters,business,"b2b sales,business development,revenue growth,microsoft office suite,sales cycle management,marketing solutions,web applications,saas applications,relationship building,collaboration,communication,problem solving",global,"career,development",medium,1,16629.11,stable,0,0
bachelors,business,"new business development,lead generation,account management,business acumen,bachelor's degree in business or marketing,communication,interpersonal skills,self-motivated,goal-oriented,independent work,collaborative work,relationship building",global,"career,development",high,4,15582.55,stable,0,0
masters,business,"sales,bilingual,market research,client relationship management,saas,software sales,strategic planning,communication,team collaboration,problem solving,adaptability,customer service",global,"career,development",low,1,17436.77,stable,1,0
bachelors,business,"digital marketing,sales,prospecting,lead generation,account management,communication,negotiation,relationship building,time management,problem solving",global,"career,development",low,2,18631.13,stable,1,0
masters,business,"data analysis,team management,sales strategy development,market research,communication,leadership,coaching,interpersonal skills,motivation,collaboration,problem solving,adaptability",global,"career,development",high,2,15474.59,stable,1,1
bachelors,business,"sales,business development,customer relationship management,project management,market analysis,presentation skills,analytical skills,communication,interpersonal skills,organizational skills,problem solving,persuasion",global,"career,development",medium,6,15487.03,stable,0,1
bachelors,business,"outbound sales,crm software,lead qualification,email outreach,communication,relationship building,problem solving,teamwork,initiative,legal sales,digital media marketing,social media advertising",global,"career,development",medium,3,20772.42,stable,0,1
masters,business,"crm software,sales strategies,market research,project management,communication,problem solving,teamwork,adaptability,interpersonal skills,attention to detail,proactivity,integrity",global,"career,development",low,2,19590.33,stable,0,0
masters,business,"technical marketing,technical sales,project management,presentation skills,business development,influence without authority,resiliency,self-motivation,networking,customer relationship management,team collaboration,pharmaceutical ingredients sales",global,"career,development",low,6,21186.19,stable,1,0
bachelors,business,"sales,communication,sense of urgency,decisiveness,self-starter,team collaboration,results-oriented,adaptability,account management,recruiting,client relationship management,sourcing",global,"career,development",medium,5,15789.41,stable,0,0
bachelors,business,"sales,business development,market strategy,client relationship management,competitive analysis,communication,relationship building,motivation,problem solving,teamwork,cold calling,document management solutions",global,"career,development",medium,3,17107.72,stable,0,1
bachelors,business,"business development,sales,relationship building,strategic planning,logistics knowledge,market analysis,communication,critical thinking,interpersonal skills,goal-oriented,focus",global,"career,development",low,3,22564.07,stable,1,0
bachelors,business,"sales experience,data analysis,prospecting,presentation skills,customer service,teamwork,communication,independence,goal-oriented,relationship building,strategic thinking,microsoft office",global,"career,development",low,6,20223.72,stable,1,1
bachelors,business,"lead generation,market research,customer service,microsoft office suite,communication,analytical skills,teamwork,problem solving,time management,independence,blockchain,decentralized finance (defi)",global,"career,development",low,3,21194.01,stable,0,0
masters,business,"business development,sales,lead generation,prospecting,team leadership,communication,online tools utilization,market familiarity,motivation,results-driven,relationship building,self-driven",global,"career,development",medium,6,21001.98,stable,1,1
bachelors,business,"sales techniques,event planning,communication,interpersonal skills,customer service,creativity,proactivity,results-oriented,negotiation,teamwork,time management,multitasking",global,"career,development",medium,7,16642.53,stable,0,0
masters,business,"business development,sales strategy,negotiation,market analysis,revenue generation,data analysis,customer relationship management,contract management,communication,leadership,creativity,decisiveness",global,"career,development",medium,0,22413.18,stable,1,0
masters,business,"business development,communication,relationship building,problem solving,initiative,it sales,vendor management,data analysis,marketing programs,pipeline reporting,business intelligence,sales strategy",global,"career,development",medium,7,18180.28,stable,1,0
bachelors,business,"sales,outbound prospecting,email communication,network development,pipeline growth,client relationship management,meeting scheduling,resilience,strategic thinking,enthusiasm,persistence,drive",global,"career,development",medium,2,21770.65,stable,0,1
bachelors,business,"lead generation,crm software,digital marketing,outbound marketing,inbound marketing,sales strategies,data management,communication,interpersonal skills,self-motivation,organizational skills,time management",global,"career,development",medium,4,16889.45,stable,1,1
masters,business,"business development,financial modeling,p&l generation,project management,data analysis,revenue forecasting,communication,teamwork,problem solving,leadership,interpersonal skills,planning",global,"career,development",medium,0,17997.29,stable,0,0
bachelors,business,"communication,presentation skills,relationship management,market research,proactivity,teamwork,adaptability,networking,customer service,cryptocurrency,trading,influencer marketing",global,"career,development",low,6,18567.04,stable,0,0
bachelors,business,"sales,communication,time management,multi-tasking,urgency,adaptability,teamwork,relationship building,competitive spirit,crm,cold calling,data entry",global,"career,development",medium,1,16486.53,stable,1,0
bachelors,business,"sales experience,lead development,communication,relationship building,time management,problem solving,digital marketing,prospecting,closing leads,negotiation",global,"career,development",medium,4,16603.64,stable,1,1
bachelors,business,"b2b saas sales,sales intelligence,full sales cycle,data-driven,multithreading sales,research skills,communication,relationship building,listening skills,prioritization,teamwork,goal-oriented",global,"career,development",high,4,15669.03,stable,1,0
bachelors,business,"business development,sales management,negotiation,automation tools,contractual constructs,market analysis,customer relationship management,marketing collateral development,presentation skills,industry knowledge,interpersonal skills,relationship building",global,"career,development",high,2,16602.75,stable,1,1
bachelors,business,"crm,sales,outbound sales,market research,copywriting,data analysis,communication,team collaboration,organizational skills,self-starter,competitive nature,resourcefulness",global,"career,development",medium,4,18108.9,stable,0,0
masters,business,"sales,account management,customer relationship management,business development,crm software (salesforce.com),microsoft office suite (word, excel),data analysis,communication,teamwork,problem solving,time management,organizational skills",global,"career,development",medium,1,17628.68,stable,0,1
bachelors,business,"sales,customer service,b2b technology marketing,event management,account prospecting,data management,communication,problem solving,time management,collaboration,credibility establishment,planning and prioritization",global,"career,development",medium,7,18837.6,stable,0,1
masters,business,"sales,business development,negotiation,market analysis,strategic planning,industry knowledge,client relationship management,revenue growth strategies,communication,interpersonal skills,teamwork,independence",global,"career,development",low,4,21949.42,stable,0,0
bachelors,business,"sales,communication,product presentations,virtual demonstrations,sales funnel management,record keeping,lead engagement,self-motivation,teamwork,adaptability,relationship building,goal-oriented",global,"career,development",low,4,17547.82,stable,1,0
masters,business,"business development,account management,sales,market analysis,customer relationship management,microsoft office,healthcare sales,presentation skills,communication,problem solving,teamwork,organizational skills",global,"career,development",high,6,15524.74,stable,0,0
masters,business,"business development,project management,client relationship management,people management,communication,collaboration,organizational skills,adaptability,impact investing,consulting,process improvement,technology tools integration",global,"career,development",low,6,19190.19,stable,1,0
masters,business,"market research,strategic planning,client relationship management,communication,negotiation,business acumen,analytical skills,sales,marketing,relationship building,team collaboration,results-oriented mindset",global,"career,development",low,7,21293.3,stable,1,1
masters,business,"sales,crm software,business acumen,communication,problem solving,organization,self-starter,customer relationship management,oilfield knowledge,environmental regulations knowledge,microsoft excel,microsoft word",global,"career,development",low,1,15869.76,stable,0,0
bachelors,business,"salesforce,hubspot,6sense,ring lead,zoom info,seismic,live social,email nurture automation,data enrichment programs,crm solutions,cold calling,lead generation",global,"career,development",medium,1,21921.03,stable,0,0
masters,business,"business development,mechanical engineering,client relationship management,presentation skills,negotiation skills,market analysis,sales forecasting,lead generation,communication,teamwork,problem solving,goal-oriented",global,"career,development",medium,1,22668.25,stable,1,1
masters,business,"sales strategies,microsoft office,market analysis,business development,relationship management,team leadership,product development,communication,networking,mentoring,problem solving,collaboration",global,"career,development",low,0,18703.78,stable,1,0
masters,business,"business development,sales,ms office proficiency,cold calling,presentation skills,customer relationship management,data analysis,self-starter,independent worker,communication,team collaboration,problem solving",global,"career,development",high,0,18973.31,stable,0,1
masters,business,"business development strategies,analytical skills,communication skills,leadership skills,collaboration,time management,problem solving,independence,adaptability,microsoft office suite,client relationship management (crm) software,budget management",global,"career,development",low,4,21152.5,stable,1,1
bachelors,business,"business development,sales,business planning,contract negotiation,account management,communication,presentation skills,talent advisory,bachelor's degree,leadership,strategic thinking,independence",global,"career,development",low,1,17034.97,stable,0,0
masters,business,"b2b sales,sales strategies,negotiation skills,market research,consultative selling,presentation skills,lead prospecting,interpersonal skills,communication skills,decision-making,organizational skills,self-motivation",global,"career,development",medium,1,21052.96,stable,0,1
bachelors,business,"sales,business development,microsoft office,data analysis,customer service,product training,marketing,business acumen,competitive drive,communication,relationship building,resilience",global,"career,development",low,1,18567.58,stable,0,1
masters,business,"sales strategies,customer relationship management (crm),market analysis,budget preparation,microsoft office,data processing systems,cost accounting,leadership,sales practices and procedures,communication,initiative,accountability",global,"career,development",low,3,16028.31,stable,0,1
bachelors,business,"sales leadership,business development,negotiation,data analysis,revenue generation strategy,sales strategy development,performance management,market analysis,communication,strategic thinking,team collaboration,client relationship management",global,"career,development",medium,3,21386.41,stable,1,1
bachelors,business,"lead generation,sales closing,account management,presentation skills,coaching,industry knowledge,communication,teamwork,problem solving,networking,relationship building,adaptability",global,"career,development",medium,5,17678.68,stable,1,0
bachelors,business,"prospecting,communication,interpersonal skills,self-motivation,adaptability,team collaboration,problem solving,lead generation,crm (hubspot),sales strategy,data analysis,saas knowledge",global,"career,development",medium,3,21606.04,stable,0,0
bachelors,business,"sales development,business development,data analysis,project management,communication tools (phone, email, linkedin),software/tech industry experience,sales methodology,interpersonal skills,verbal communication,written communication,organizational skills,self-motivation",global,"career,development",low,5,19252.14,stable,0,1
masters,business,"lead generation,business development,crm (salesforce),microsoft powerpoint,proposal writing,account management,communication,relationship building,teamwork,presentation skills,sales forecasting,microsoft excel",global,"career,development",high,1,16381.64,stable,1,1
masters,business,"business development,project management,client account management,sales tactics,recruitment,profit management,business degree,leadership,relationship building,self-discipline,team management,coaching",global,"career,development",medium,3,16503.27,stable,1,1
bachelors,business,"b2b sales,cold calling,lead generation,prospecting,salesforce.com,microsoft suite,excel,communication,project management,sales minded,collaboration,organizational skills",global,"career,development",high,7,21442.73,stable,0,1
bachelors,business,"b2b sales,consultative selling,account management,empathy,motivation,communication,teamwork,adaptability,problem solving,sales training",global,"career,development",medium,1,20607.98,stable,1,0
bachelors,business,"market research,analytical skills,negotiation skills,presentation skills,saas knowledge,collaboration,communication,entrepreneurial mindset,adaptability,relationship building,problem solving,financial modeling",global,"career,development",medium,7,17352.99,stable,0,0
masters,business,"business development,client account management,project management,sales tactics,recruitment,profitability management,team management,engineering knowledge,business knowledge,leadership,relationship building,self-discipline",global,"career,development",medium,5,20496.13,stable,0,0
masters,business,"sales processes,data analysis,income development,reporting tools,negotiating skills,performance metrics,communication,team building,leadership,problem solving,customer service,relationship management",global,"career,development",medium,0,15727.02,stable,0,0
bachelors,business,"market research,crm software,data analysis,salesforce,content creation,report generation,time management,multi-tasking,communication,networking,social media management,copy-editing",global,"career,development",medium,7,19685.65,stable,0,1
masters,business,"business strategy,sales experience,communication,team collaboration,problem solving,adaptability,customer relationship management,strategic thinking,data analysis,rfp preparation,profitability analysis,microsoft office suite",global,"career,development",medium,3,22516.76,stable,1,0
bachelors,business,"sales,lead generation,microsoft office suite,territory management,communication,teamwork,problem solving,organizational skills,time management,self-motivation,responsibility,lift truck operation",global,"career,development",medium,7,16196.44,stable,1,0
masters,business,"sales,communication,customer service,teamwork,proactivity,problem solving,listening skills,bilingual communication,relationship building,negotiation,microsoft office,sales pipeline management",global,"career,development",high,4,17700.63,stable,0,0
bachelors,business,"sales,lead generation,communication,interpersonal skills,relationship building,motivation,time management,team collaboration,adaptability,prospecting,crm,research methods",global,"career,development",low,5,18145.79,stable,1,0
masters,business,"technology sales,sales strategy development,pipeline management,data analysis,relationship building,account management,self-motivation,results-driven,collaboration,time management,communication,problem solving",global,"career,development",high,3,21677.63,stable,0,0
bachelors,business,"sales,business development,data entry,communication,customer excellence,self-motivation,attention to detail,problem solving,creativity,teamwork,salesforce,research",global,"career,development",low,0,19361.35,stable,0,1
masters,business,"business development,team management,sales development,training and development,technical understanding,solution presentation,leadership,communication,problem solving,adaptability,collaboration",global,"career,development",high,2,20530.26,stable,0,1
masters,business,"it staffing,business development,microsoft office suite,sales strategy,data tracking,negotiation,communication,relationship building,self-motivation,teamwork,time management,problem solving",global,"career,development",medium,6,16131.23,stable,1,0
bachelors,business,"microsoft office suite,marketing,data analysis,documentation,report generation,community engagement,relationship management,problem solving,communication,adaptability,independent thinking,detail oriented",global,"career,development",high,2,21788.87,stable,0,1
masters,business,"sales,customer service,communication,teamwork,relationship building,problem solving,adaptability,microsoft word,microsoft excel,microsoft outlook,social media,cold-calling",global,"career,development",high,5,22126.86,stable,0,0
bachelors,business,"crm software,sales strategy,research methods,communication,interpersonal skills,problem solving,self-motivation,target-driven,cold calling,lead qualification,negotiation",global,"career,development",medium,0,17864.21,stable,0,1
bachelors,business,"sales,crm,microsoft office suite,prospecting,account management,presentations,customer service,project management,communication,client nurturing,time management,adaptability",global,"career,development",medium,4,20578.31,stable,1,0
masters,business,"business development,sales strategy,salesforce,negotiation,presentation skills,customer relationship management,market analysis,revenue generation,lead generation,communication,teamwork,critical thinking",global,"career,development",medium,4,18207.96,stable,0,1
bachelors,business,"sales,business development,market intelligence,customer experience,data analysis,communication,problem solving,teamwork,relationship building,adaptability,influencing,logical analysis",global,"career,development",medium,0,20739.35,stable,0,1
bachelors,business,"sales support,marketing,finance,lead generation,communication,self-motivation,detail-oriented,negotiation,relationship building,problem solving,business brokerage,accounting",global,"career,development",high,2,18679.72,stable,0,0
masters,business,"crm software,microsoft office,business development,customer service,relationship building,problem solving,analytical skills,communication,attention to detail,time management,construction management,technical support",global,"career,development",low,5,16837.13,stable,1,1
masters,business,"business development,sales,communication,market analysis,data analysis (subsurface and wells),self-motivation,results-driven,trend awareness,networking,proposal development,customer service,industry expertise (oil and gas)",global,"career,development",medium,2,19188.82,stable,0,1
bachelors,business,"consultative selling techniques,proposal preparation and presentation,client relationship management,networking,relationship building,communication,problem solving,teamwork,adaptability,it solutions sales,managed service provider (msp) experience,microsoft stack knowledge",global,"career,development",high,7,16366.73,stable,0,1
masters,business,"business operations,customer relationship management,sales,communication,leadership,organization,time management,networking,team building,coachable,people skills,positive attitude",global,"career,development",low,0,17695.18,stable,1,1
masters,business,"business development,sales,market research,customer relationship management,product development,presentation skills,communication,teamwork,creativity,proactivity,problem solving,motivation",global,"career,development",low,3,15839.11,stable,0,0
masters,business,"data analysis,customer relationship management,communication,teamwork,analytical skills,organizational skills,presentation skills,problem solving,adaptability to technology,customer focus,product management,market research",global,"career,development",low,1,15913.54,stable,0,0
masters,business,"sales strategy development,account management,market analysis,marketing strategy,recruitment,customer relationship management,data analysis,communication,leadership,problem solving,strategic thinking,team collaboration",global,"career,development",medium,7,15720.16,stable,1,1
masters,business,"crm systems,seo,digital marketing,web development,sales growth techniques,financial techniques,sales contracts review,business development,relationship building,project management,people management,organizational skills",global,"career,development",medium,3,20009.18,stable,0,0
masters,business,"sales,marketing,customer relationship management,data management,software proficiency,contract negotiation,communication,relationship building,leadership,customer-centric mindset,innovation,team collaboration",global,"career,development",medium,5,21636.42,stable,0,1
bachelors,business,"business development,client relationship management,data analysis,financial strategy,marketing,communication,team collaboration,problem solving,motivation,adaptability,strategic thinking,customer service",global,"career,development",high,3,15974.72,stable,0,1
masters,business,"business development,project management,teamwork,negotiation,media industry knowledge,digital media platforms,avod,tvod,svod,technical understanding,cross-functional collaboration,communication",global,"career,development",medium,2,20803.38,stable,0,0
masters,business,"business development,stakeholder management,crm,communication,leadership,collaboration,problem solving,adaptability,relationship building,strategic partnerships,financial analysis,product knowledge",global,"career,development",medium,7,19478.8,stable,0,0
bachelors,business,"sales development,cold-calling,prospecting,data analysis,communication,adaptability,motivation,organizational skills,attention to detail,curiosity,teamwork,coaching",global,"career,development",medium,0,21302.26,stable,1,1
masters,business,"business development,sales,contract negotiation,marketing,presentation skills,project management,relationship management,communication,organizational skills,tenacity,competitive drive,adaptability",global,"career,development",high,6,20236.52,stable,1,1
bachelors,business,"sales,account development,project management,business development,cross-functional collaboration,communication,relationship building,problem solving,self-motivation,work ethic,teamwork,customer focus",global,"career,development",high,6,18574.55,stable,0,0
bachelors,business,"lead generation,email outreach,sales pipeline management,relationship building,communication tools,communication,time management,problem solving,influencing skills,teamwork,adaptability,self-motivation",global,"career,development",medium,0,17848.47,stable,1,0
masters,business,"sales,community outreach,lead generation,data analysis,marketing,hipaa knowledge,presentation skills,business development,communication,relationship building,critical thinking,problem solving",global,"career,development",medium,3,15877.68,stable,1,1
masters,computer science,"business development,sales,marketing,finance,ms office suite,databases,customer relationship management,prospecting,presentation skills,closing sales,communication,organization",global,"career,development",medium,2,15870.51,stable,1,1
masters,business,"business development,contract negotiation,sales strategies,lead generation,account management,client presentations,strategic prospecting,sales pipeline management,communication,time management,organizational skills,teamwork",global,"career,development",medium,6,18131.41,stable,1,1
masters,business,"face-to-face selling,sales target achievement,product training,technical presentation,lead generation,relationship management,communication,teamwork,self-motivation,adaptability,customer-centric approach,problem-solving",global,"career,development",low,2,22990.7,stable,0,0
bachelors,business,"cold calling,email communication,scheduling,positive outlook,flexibility,typing,remote work",global,"career,development",medium,5,18803.66,stable,1,0
masters,business,"business development,sales strategy,data analysis,project management,stakeholder management,analytical skills,problem solving,leadership,communication,collaboration,interpersonal skills,creativity",global,"career,development",medium,0,18595.2,stable,1,0
bachelors,business,"customer service,communication,teamwork,problem solving,adaptability",global,"career,development",medium,6,16566.03,stable,1,0
masters,business,"sales,business development,strategic selling,budget management,communication,persuasion,independence,team coordination,customer service,problem solving,networking,presentation skills",global,"career,development",high,0,16256.31,stable,0,1
bachelors,business,"phone etiquette,customer service,sales experience,communication,interpersonal skills,ability to work in a fast-paced environment,customer satisfaction focus,automotive industry knowledge",global,"career,development",low,0,18416.42,stable,1,0
bachelors,business,"sales,networking,prospecting,account management,marketing campaigns,staffing experience,self-motivated,problem solving,communication,relationship building,results oriented,adaptability",global,"career,development",low,6,20776.13,stable,1,1
bachelors,business,"communication,self-motivation,collaboration,growth mindset,ownership,adaptability,salesforce,outreach,saas,social selling,omni-channel prospecting,video prospecting",global,"career,development",medium,4,22113.73,stable,1,0
bachelors,business,"powerpoint,excel,word,salesforce,market research,crm systems,presentation production,contract drafting,communication,organization,detail-oriented,creativity",global,"career,development",medium,2,17675.1,stable,0,1
bachelors,business,"business development,sales,healthcare knowledge,digital advertising technology,consultative selling,market analysis,strategic partnerships,customer experience,leadership,strategic thinking,communication,problem solving",global,"career,development",medium,3,22391.74,stable,0,1
bachelors,business,"sales experience,computer skills,communication,analytical skills,organizational skills,attention to detail,willingness to learn,medical knowledge",global,"career,development",high,6,19699.31,stable,1,0
bachelors,computer science,"microsoft word,microsoft excel,microsoft powerpoint,contract analysis,communication,organizational skills,attention to detail,team collaboration,problem solving,adaptability,data analysis,data entry",global,"career,development",high,1,16020.74,stable,1,0
masters,business,"crm,market intelligence,sales negotiation,client proposal development,data analysis,communication,networking,self-motivation,presentation skills,client relationship management,team collaboration,problem solving",global,"career,development",low,5,19269.18,stable,0,1
bachelors,business,"business development,leadership,communication,team collaboration,problem solving,sales management,renewable energy,solar power generation,battery storage,crm management,food processing,cold storage",global,"career,development",high,1,20251.72,stable,1,0
bachelors,business,"sales analytics,market research,crm software,microsoft office,sales strategies,customer database analysis,sales pitches,communication,negotiation,collaboration,customer service,problem solving",global,"career,development",medium,6,16903.02,stable,1,1
bachelors,business,"sales,business development,project management,customer relationship management,communication,interpersonal skills,collaboration,problem solving,initiative,time management,decision making,adaptability",global,"career,development",low,5,22876.24,stable,1,1
bachelors,business,"sales,business development,relationship building,creativity,organization,communication,problem solving,market research,liquid sugar knowledge,sugar refining knowledge,food science knowledge,chemical knowledge",global,"career,development",medium,1,21572.97,stable,0,1
bachelors,business,"business development,sales,crm platforms,client success,communication,collaboration,emotional intelligence,proactivity,relationship building,strategic thinking,teamwork,intellectual curiosity",global,"career,development",medium,0,22606.72,stable,1,0
bachelors,business,"sales strategies,business development,stakeholder engagement,communication,collaboration,organizational skills,problem solving,facilitation,teamwork,strategic thinking,relationship building,proposal development",global,"career,development",medium,6,21451.62,stable,0,1
bachelors,business,"strategic leadership,data analysis,market research,brand enhancement,lead generation,presentation skills,organizational skills,communication,negotiation,team leadership,collaboration,problem solving",global,"career,development",high,0,16063.22,stable,0,1
masters,business,"sales,communication,proactive,self-motivated,team player,relationship building,enthusiasm,adaptability,crm,microsoft dynamics ax,microsoft word,microsoft excel",global,"career,development",medium,6,18106.88,stable,0,1
bachelors,business,"business development,customer relationship management (crm),healthcare knowledge,community outreach,account management,communication,relationship building,organizational skills,multitasking,professionalism,problem solving,self-motivation",global,"career,development",medium,2,15820.15,stable,1,1
bachelors,business,"communication,interpersonal skills,organizational skills,time management,adaptability,initiative,commitment,professionalism,teamwork,strategic sales approach,salesforce,linkedin sales navigator",global,"career,development",high,3,21191.39,stable,0,0
masters,business,"consultative selling,sales process deployment,crm tool usage,project management,data analysis,market research,relationship management,networking,communication,teamwork,organizational skills,problem solving",global,"career,development",high,1,21717.75,stable,1,0
masters,business,"sales,business development,salesforce,financial services,communication,interpersonal skills,relationship building,market research,healthcare industry,bilingual (spanish)",global,"career,development",low,1,19277.31,stable,1,0
masters,business,"sales experience,business development,medical terminology,inside sales,microsoft office,product knowledge,time management,customer service,communication,teamwork,adaptability,problem solving",global,"career,development",medium,0,20262.23,stable,0,0
bachelors,business,"b2b sales,sales strategy development,contract negotiation,customer acquisition,market analysis,client presentations,communication skills,interpersonal skills,teamwork,analytical thinking,attention to detail,proactive attitude",global,"career,development",high,6,17304.98,stable,1,1
bachelors,business,"market research,lead generation,data analysis,proposal development,crm software,communication,analytical skills,problem solving,teamwork,proactive,self-motivated,microsoft office suite",global,"career,development",medium,0,17097.75,stable,1,0
masters,business,"business development,strategy,partner management,executive communication,data analysis,project management,financial analysis,market analysis,presentation skills,leadership,team collaboration,problem solving",global,"career,development",high,4,21710.99,stable,1,0
masters,business,"sales,marketing,communication,training,self-motivation,initiative,positive attitude,relationship building,adaptability,personal development,remote work",global,"career,development",low,6,19430.19,stable,1,0
masters,business,"business development,relationship building,communication,problem solving,networking,leadership,market analysis,proposal writing,microsoft office suite,microsoft teams,deltek vision,strategic planning",global,"career,development",low,2,20215.04,stable,0,1
masters,business,"business development,legal marketing,project management,analytical skills,competitive intelligence,communication,teamwork,strategic thinking,independent judgment,interpersonal skills,time management,creativity",global,"career,development",medium,5,16957.66,stable,1,0
masters,business,"sales strategy,business development,microsoft office suite,presentation skills,communication,relationship building,team leadership,self-motivation,problem solving,adaptability,organizational skills,customer service orientation",global,"career,development",high,2,21982.0,stable,1,1
masters,business,"real estate,sales,crm management,customer service,business development,real estate license,relationship building,market analysis,communication,responsiveness,fast learning,self-direction",global,"career,development",low,3,21861.43,stable,0,0
bachelors,business,"salesforce,communication,teamwork,relationship building,goal-oriented,time management,self-motivation,problem solving,adaptability,loan applications,commercial lines of credit",global,"career,development",medium,7,15598.73,stable,0,0
masters,business,"business development,strategic planning,market analysis,sales targets achievement,client relationship management,negotiation,bachelor's degree in business administration,communication,team collaboration,results-oriented mindset,adaptability,problem solving",global,"career,development",medium,4,22160.86,stable,0,0
masters,business,"business development,sales enablement,project management,market analysis,strategic planning,financial performance monitoring,customer relationship management,data analysis,communication,teamwork,problem solving,leadership",global,"career,development",medium,1,22465.08,stable,0,1
bachelors,business,"ms office,data entry,budgeting,expense reporting,powerpoint,time management,communication,teamwork,event planning,logistical assistance,proofreading,editing",global,"career,development",medium,0,19567.78,stable,1,0
bachelors,business,"business development,financial analysis,communication,customer service,relationship building,problem solving,adaptability,teamwork,dedication,sales strategies,customer relationship management,engineering drawings",global,"career,development",medium,0,19936.95,stable,0,1
masters,business,"business development,sales,account management,negotiation,financial analysis,sales planning,b2b sales,presentation skills,customer relationship management,budget monitoring,marketing,communication",global,"career,development",low,1,16708.13,stable,1,1
masters,business,"business development,client account management,project management,recruitment,team management,business knowledge,leadership,relationship building,self-discipline,communication,problem solving,multidisciplinary teamwork",global,"career,development",low,6,20640.3,stable,0,1
bachelors,business,"sales,presentation skills,budget management,customer relationship management,marketing knowledge,communication,interpersonal skills,problem solving,teamwork,relationship building,adaptability,account management",global,"career,development",high,1,20669.22,stable,1,0
bachelors,business,"crm,sales calls,linkedin,communication,teamwork,problem solving,determination,focus,tenacity,resiliency,collaboration,creativity",global,"career,development",low,2,16101.78,stable,1,0
bachelors,business,"sales,customer service,presentation skills,technical aptitude,microsoft office,lead generation,mechanical aptitude,data analysis,self-motivation,communication,relationship building,teamwork",global,"career,development",medium,2,20562.34,stable,1,0
bachelors,business,"business development,strategic partnerships,negotiation,market analysis,financial analysis,project management,cross-functional collaboration,customer relationship management,data analysis,marketing,sales,strategic thinking",global,"career,development",medium,3,18585.33,stable,0,1
masters,business,"b2b sales,lead generation,consultative selling,market analysis,territory management,service-oriented solutions,financial management,communication,relationship building,results driven,personal effectiveness,ethical conduct",global,"career,development",low,2,16763.53,stable,1,1
bachelors,business,"sales,crm,financial analysis,marketing lead generation,customer experience,communication,relationship development,problem solving,teamwork,adaptability,time management,negotiation",global,"career,development",high,6,19633.95,stable,1,0
bachelors,business,"crm tools,salesforce.com,collaboration,communication,problem solving,adaptability,critical thinking,creativity,customer focus,judgment,social media campaigns,data analysis",global,"career,development",low,5,17224.31,stable,1,0
masters,business,"technical sales,sales process management,customer relationship management,engineering or technical discipline,strategic thinking,analytic capability,relationship building,organizational influencing,communication,problem solving,collaboration,adaptability",global,"career,development",medium,4,16999.93,stable,1,0
masters,business,"market analysis,performance analysis,business development,presentation skills,content development,communication,interpersonal skills,attention to detail,process-driven approach,cultural acumen,trust building,listening skills",global,"career,development",low,1,22502.74,stable,0,0
bachelors,business,"sales,lead generation,customer relationship management,crm software,business development,communication,interpersonal skills,negotiation,independent work,collaborative work,tobacco industry knowledge",global,"career,development",high,6,20385.43,stable,0,1
bachelors,business,"ms office suite,powerpoint,excel,reporting,communication,teamwork,problem solving,analytical thinking,strategic thinking,attention to detail,interpersonal skills,time management",global,"career,development",high,3,22132.17,stable,1,0
bachelors,business,"collaboration,communication,problem solving,creativity,critical thinking,customer focus,crm tools,salesforce.com,social media campaigns,data analysis,cybersecurity solutions,adaptability",global,"career,development",medium,5,20256.52,stable,0,1
bachelors,business,"salesforce,data analysis,lead generation,communication,team collaboration,client-centric approach,analytical skills,organizational skills,self-starter,multitasking,generative ai,semantic search",global,"career,development",medium,6,21553.52,stable,1,1
masters,business,"business development,sales,corporate strategy,performance metrics,technical platforms,proposal creation,market analysis,relationship management,strategic partnerships,communication,presentation skills,organization",global,"career,development",medium,3,21033.03,stable,0,1
bachelors,business,"strategic marketing,business development,team building,self-motivation,ambition,leadership,mentoring,training,personal growth commitment,independence,advertising,branding",global,"career,development",low,1,22071.46,stable,0,1
bachelors,computer science,"flutter,developer",india,"career,growth",medium,5,21008.78,increasing,0,1
bachelors,computer science,"django,developer,python,sql",india,"career,growth",medium,5,19476.51,increasing,1,1
bachelors,data science,"machine,learning,python,java,machine learning,data",india,"career,growth",medium,2,20783.87,stable,1,0
bachelors,computer science,"ios,developer,data",india,"career,growth",medium,3,15011.26,increasing,0,0
bachelors,computer science,"full,stack,developer,java,javascript,react",india,"career,growth",medium,1,20079.17,increasing,1,0
bachelors,computer science,"java,developer,sql,react,data",india,"career,growth",medium,0,24927.2,increasing,1,0
bachelors,computer science,"full,stack,developer,java,sql,javascript,react",india,"career,growth",medium,2,16972.69,increasing,0,0
bachelors,computer science,"javascript,developer,java,react",india,"career,growth",medium,4,20278.18,increasing,0,1
bachelors,computer science,"devops,engineer,python,java",india,"career,growth",medium,0,20123.1,increasing,0,0
bachelors,computer science,"software,engineer,python,data",india,"career,growth",medium,2,15771.3,increasing,0,1
bachelors,engineering,"database,administrator,sql,data",india,"career,growth",medium,2,15901.74,increasing,0,1
bachelors,data science,"machine,learning,python,machine learning,data",india,"career,growth",medium,1,16414.94,stable,1,1
bachelors,computer science,"software,engineer,java,javascript,machine learning,data",india,"career,growth",medium,4,20028.37,increasing,1,1
bachelors,computer science,"software,engineer,java,javascript,data",india,"career,growth",medium,4,20521.75,increasing,0,0
bachelors,computer science,"java,developer,javascript,react,data",india,"career,growth",medium,5,17139.88,increasing,0,1
bachelors,computer science,"wordpress,developer,java,sql,javascript,data",india,"career,growth",medium,0,20396.91,increasing,1,0
bachelors,computer science,"ios,developer,data",india,"career,growth",medium,0,17159.97,increasing,1,0
bachelors,engineering,"database,administrator,sql,data",india,"career,growth",medium,5,16773.98,increasing,1,0
bachelors,computer science,"devops,engineer,python,java,sql,data",india,"career,growth",medium,1,17155.86,increasing,1,0
bachelors,computer science,"wordpress,developer,java,javascript,data",india,"career,growth",medium,0,13832.25,increasing,1,0
bachelors,computer science,"javascript,developer,python,java,sql",india,"career,growth",medium,2,14923.09,increasing,1,0
bachelors,engineering,"database,administrator,sql,data",india,"career,growth",medium,4,15742.2,increasing,0,1
bachelors,computer science,"php,developer,python",india,"career,growth",medium,1,14880.58,increasing,0,1
bachelors,computer science,"ios,developer,data",india,"career,growth",medium,2,20369.72,increasing,0,0
bachelors,computer science,"java,developer,javascript,react",india,"career,growth",medium,5,20539.52,increasing,0,0
bachelors,computer science,"django,developer,python,data",india,"career,growth",medium,2,20083.02,increasing,0,1
bachelors,computer science,"devops,engineer",india,"career,growth",medium,1,15567.53,increasing,1,0
bachelors,computer science,"javascript,developer,java,sql,data",india,"career,growth",medium,5,19886.8,increasing,0,1
bachelors,data science,"machine,learning,python,java,sql,machine learning,data",india,"career,growth",medium,0,14253.2,stable,1,0
bachelors,computer science,"php,developer,java,javascript",india,"career,growth",medium,1,14488.95,increasing,1,1
bachelors,computer science,"php,developer,python,sql",india,"career,growth",medium,1,21732.09,increasing,1,1
bachelors,data science,"machine,learning,machine learning,data",india,"career,growth",medium,0,18098.61,stable,0,0
bachelors,computer science,"backend,developer,java,sql",india,"career,growth",medium,0,17950.06,increasing,0,0
bachelors,computer science,"devops,engineer,python,data",india,"career,growth",medium,0,16865.33,increasing,1,0
bachelors,engineering,"network,administrator",india,"career,growth",medium,3,15251.2,stable,0,0
bachelors,computer science,"wordpress,developer,react,data",india,"career,growth",medium,1,21127.66,increasing,0,1
bachelors,computer science,"php,developer,java,sql,javascript,data",india,"career,growth",medium,0,21792.82,increasing,1,0
bachelors,computer science,"software,engineer,python,java",india,"career,growth",medium,5,14043.5,increasing,1,0
bachelors,computer science,"software,engineer,python,sql,data",india,"career,growth",medium,2,15064.62,increasing,0,0
bachelors,computer science,"java,developer,sql",india,"career,growth",medium,4,15070.35,increasing,1,1
bachelors,computer science,"wordpress,developer,java,javascript",india,"career,growth",medium,4,18282.84,increasing,1,1
bachelors,computer science,"node,developer,java,sql,javascript,data",india,"career,growth",medium,3,22230.37,increasing,0,1
bachelors,computer science,"flutter,developer,java,javascript,react",india,"career,growth",medium,3,21334.54,increasing,0,0
bachelors,data science,"machine,learning,python,machine learning,data",india,"career,growth",medium,4,24754.28,stable,0,0
bachelors,computer science,"devops,engineer,sql,data",india,"career,growth",medium,2,16979.1,increasing,0,0
bachelors,computer science,"ios,developer,data",india,"career,growth",medium,1,15223.34,increasing,1,1
bachelors,computer science,"software,engineer,data",india,"career,growth",medium,4,14104.08,increasing,1,0
bachelors,computer science,"devops,engineer,java,machine learning,data",india,"career,growth",medium,1,19301.47,increasing,0,1
bachelors,computer science,"java,developer,sql,react,data",india,"career,growth",medium,3,15861.01,increasing,1,0
bachelors,computer science,"node,developer,sql,data",india,"career,growth",medium,2,16157.2,increasing,1,0
bachelors,computer science,"php,developer,python,java,sql,javascript,data",india,"career,growth",medium,5,19520.35,increasing,1,1
bachelors,computer science,"php,developer",india,"career,growth",medium,3,23976.87,increasing,0,0
bachelors,computer science,"devops,engineer,python",india,"career,growth",medium,2,17214.09,increasing,0,1
bachelors,computer science,"wordpress,developer,java,javascript",india,"career,growth",medium,5,15586.49,increasing,1,0
bachelors,computer science,"wordpress,developer,java,javascript,data",india,"career,growth",medium,2,19090.31,increasing,1,1
bachelors,data science,"machine,learning,python,sql,machine learning,data",india,"career,growth",medium,3,17135.69,stable,0,1
bachelors,computer science,"javascript,developer,java",india,"career,growth",medium,4,19780.42,increasing,0,0
bachelors,computer science,"devops,engineer,python,java",india,"career,growth",medium,1,23376.02,increasing,1,0
bachelors,computer science,"javascript,developer,java,data",india,"career,growth",medium,1,24006.51,increasing,0,1
bachelors,computer science,"flutter,developer,java,sql,javascript",india,"career,growth",medium,2,21206.07,increasing,1,0
bachelors,computer science,"node,developer,java,javascript",india,"career,growth",medium,1,14860.46,increasing,1,0
bachelors,computer science,"php,developer,java,sql,javascript,data",india,"career,growth",medium,4,24475.07,increasing,1,1
bachelors,computer science,"django,developer,python,sql,data",india,"career,growth",medium,0,14995.98,increasing,0,0
bachelors,computer science,"full,stack,developer,java,javascript",india,"career,growth",medium,5,14421.7,increasing,1,0
bachelors,computer science,"flutter,developer,java,data",india,"career,growth",medium,5,23558.65,increasing,0,1
bachelors,computer science,"devops,engineer,python,sql,data",india,"career,growth",medium,0,23404.3,increasing,0,1
bachelors,computer science,"devops,engineer,python,data",india,"career,growth",medium,3,23282.08,increasing,0,0
bachelors,computer science,"javascript,developer,java,react",india,"career,growth",medium,1,22952.38,increasing,0,0
bachelors,computer science,"wordpress,developer,java,javascript",india,"career,growth",medium,3,15660.21,increasing,0,0
bachelors,computer science,"full,stack,developer,data",india,"career,growth",medium,0,17030.95,increasing,0,1
bachelors,computer science,"full,stack,developer,java,javascript,data",india,"career,growth",medium,2,23046.59,increasing,1,0
bachelors,computer science,"node,developer,java,javascript,data",india,"career,growth",medium,3,14692.39,increasing,1,0
bachelors,computer science,"flutter,developer",india,"career,growth",medium,4,21625.09,increasing,0,0
bachelors,computer science,"full,stack,developer,java,javascript,react",india,"career,growth",medium,3,23630.68,increasing,0,1
bachelors,computer science,"software,engineer,java,data",india,"career,growth",medium,2,14294.08,increasing,0,1
bachelors,data science,"machine,learning,python,java,sql,machine learning,data",india,"career,growth",medium,2,20767.39,stable,1,0
bachelors,engineering,"database,administrator,data",india,"career,growth",medium,1,23448.25,increasing,1,1
bachelors,computer science,"java,developer,javascript",india,"career,growth",medium,5,18015.56,increasing,1,0
bachelors,engineering,"database,administrator,sql,data",india,"career,growth",medium,1,16033.52,increasing,1,0
bachelors,computer science,"devops,engineer,python",india,"career,growth",medium,0,17600.57,increasing,0,1
bachelors,data science,"machine,learning,python,sql,machine learning,data",india,"career,growth",medium,4,15409.16,stable,0,0
bachelors,computer science,"backend,developer,python,java,data",india,"career,growth",medium,0,14882.81,increasing,1,1
bachelors,data science,"machine,learning,data",india,"career,growth",medium,5,24825.64,stable,1,0
bachelors,computer science,"javascript,developer,java,react,data",india,"career,growth",medium,0,18687.13,increasing,1,1
bachelors,engineering,"database,administrator,data",india,"career,growth",medium,4,18269.93,increasing,0,0
bachelors,computer science,"full,stack,developer,java,data",india,"career,growth",medium,4,22918.55,increasing,1,1
bachelors,data science,"machine,learning,python,sql,machine learning,data",india,"career,growth",medium,0,20968.03,stable,0,0
bachelors,computer science,"wordpress,developer,java,sql,javascript",india,"career,growth",medium,1,16672.85,increasing,1,0
bachelors,computer science,"software,engineer,java,sql,data",india,"career,growth",medium,5,21107.22,increasing,1,0
bachelors,computer science,"node,developer",india,"career,growth",medium,4,24975.73,increasing,0,1
bachelors,computer science,"node,developer,java,javascript,data",india,"career,growth",medium,2,14692.43,increasing,1,1
bachelors,computer science,"java,developer,python,sql,javascript,react,data",india,"career,growth",medium,2,22170.4,increasing,1,0
bachelors,computer science,"javascript,developer,java",india,"career,growth",medium,0,21837.54,increasing,0,0
bachelors,computer science,"php,developer,sql",india,"career,growth",medium,2,17504.01,increasing,0,1
bachelors,data science,"machine,learning,python,sql,machine learning,data",india,"career,growth",medium,1,21687.06,stable,0,0
bachelors,computer science,"javascript,developer,java,react",india,"career,growth",medium,5,13886.07,increasing,1,1
bachelors,computer science,"backend,developer,sql,data",india,"career,growth",medium,1,16161.95,increasing,1,1
bachelors,computer science,"java,developer,react,data",india,"career,growth",medium,4,13924.96,increasing,1,1
bachelors,computer science,"java,developer,sql,javascript,react",india,"career,growth",medium,0,18697.94,increasing,0,0
bachelors,computer science,"java,developer,javascript,data",india,"career,growth",medium,1,21278.03,increasing,0,0
bachelors,computer science,"flutter,developer,java",india,"career,growth",medium,5,22405.27,increasing,0,1
bachelors,computer science,"javascript,developer,java,react,data",india,"career,growth",medium,1,22461.43,increasing,1,0
bachelors,computer science,"software,engineer,data",india,"career,growth",medium,1,22808.18,increasing,1,0
bachelors,computer science,"php,developer,sql,data",india,"career,growth",medium,5,22190.28,increasing,1,0
bachelors,computer science,"backend,developer,java,sql,javascript,react",india,"career,growth",medium,0,23714.1,increasing,1,1
bachelors,computer science,"javascript,developer,java,data",india,"career,growth",medium,4,14599.59,increasing,1,1
bachelors,computer science,"php,developer,java,sql,javascript,data",india,"career,growth",medium,3,23393.69,increasing,1,0
bachelors,computer science,"django,developer,python,java,javascript,data",india,"career,growth",medium,5,14882.71,increasing,1,1
bachelors,computer science,"javascript,developer,java,sql",india,"career,growth",medium,5,23032.9,increasing,1,0
bachelors,computer science,"node,developer,java,sql,javascript,react,data",india,"career,growth",medium,0,24463.63,increasing,1,1
bachelors,computer science,"backend,developer,java,sql,data",india,"career,growth",medium,2,14262.56,increasing,1,0
bachelors,computer science,"javascript,developer,java,sql,data",india,"career,growth",medium,3,14184.46,increasing,0,1
bachelors,computer science,"devops,engineer,python",india,"career,growth",medium,5,17827.81,increasing,0,1
bachelors,computer science,"software,engineer,java,sql,javascript,react,machine learning,data",india,"career,growth",medium,2,22805.85,increasing,0,1
bachelors,computer science,"javascript,developer,java,react,data",india,"career,growth",medium,5,14708.55,increasing,1,1
bachelors,computer science,"full,stack,developer,react,data",india,"career,growth",medium,0,16912.86,increasing,1,1
bachelors,computer science,"devops,engineer,python,java,sql,data",india,"career,growth",medium,5,21259.9,increasing,1,1
bachelors,engineering,"network,administrator",india,"career,growth",medium,2,21767.12,stable,0,1
bachelors,computer science,"backend,developer,java,sql",india,"career,growth",medium,1,13714.76,increasing,0,0
bachelors,computer science,"devops,engineer",india,"career,growth",medium,4,22960.44,increasing,1,0
bachelors,engineering,"network,administrator,data",india,"career,growth",medium,0,15460.17,stable,0,0
bachelors,computer science,"ios,developer",india,"career,growth",medium,3,23403.9,increasing,0,0
bachelors,computer science,"full,stack,developer,python,java,sql,javascript,react,machine learning,data",india,"career,growth",medium,1,19051.93,increasing,1,1
bachelors,computer science,"node,developer,java,react,machine learning",india,"career,growth",medium,1,22362.06,increasing,1,0
bachelors,computer science,"javascript,developer,java,data",india,"career,growth",medium,2,13641.1,increasing,0,0
bachelors,computer science,"php,developer,java,javascript,data",india,"career,growth",medium,3,15775.99,increasing,0,1
bachelors,computer science,"full,stack,developer,python,java,sql,data",india,"career,growth",medium,3,17829.97,increasing,1,1
bachelors,computer science,"php,developer,python,java,sql,javascript",india,"career,growth",medium,2,18619.98,increasing,1,1
bachelors,engineering,"network,administrator",india,"career,growth",medium,0,15718.86,stable,0,1
bachelors,data science,"machine,learning,python,machine learning,data",india,"career,growth",medium,0,22673.89,stable,1,0
bachelors,computer science,"flutter,developer,java,javascript",india,"career,growth",medium,4,15274.18,increasing,1,1
bachelors,computer science,"java,developer",india,"career,growth",medium,5,22635.63,increasing,0,0
bachelors,computer science,"full,stack,developer,python,react",india,"career,growth",medium,1,13934.82,increasing,0,0
bachelors,computer science,"wordpress,developer,java,sql,javascript",india,"career,growth",medium,2,16488.61,increasing,1,0
bachelors,computer science,"full,stack,developer,java,javascript,react,data",india,"career,growth",medium,4,13972.81,increasing,0,1
bachelors,computer science,"flutter,developer,data",india,"career,growth",medium,4,14812.76,increasing,0,1
bachelors,computer science,"django,developer,python,react",india,"career,growth",medium,0,22293.61,increasing,1,0
bachelors,engineering,"network,administrator",india,"career,growth",medium,5,20638.79,stable,0,1
bachelors,computer science,"wordpress,developer,java,javascript",india,"career,growth",medium,2,22345.05,increasing,0,0
bachelors,computer science,"full,stack,developer,java,javascript",india,"career,growth",medium,0,15161.54,increasing,0,0
bachelors,computer science,"full,stack,developer,python,java,javascript,machine learning,data",india,"career,growth",medium,1,22088.04,increasing,1,0
bachelors,computer science,"ios,developer,sql,data",india,"career,growth",medium,0,22810.5,increasing,0,0
bachelors,computer science,"flutter,developer,java,javascript",india,"career,growth",medium,5,17098.27,increasing,0,1
bachelors,computer science,"javascript,developer,java,react,machine learning,data",india,"career,growth",medium,1,15190.25,increasing,1,1
bachelors,computer science,"django,developer,python",india,"career,growth",medium,1,15746.75,increasing,0,1
bachelors,computer science,"php,developer,java,sql,javascript",india,"career,growth",medium,0,24250.65,increasing,1,0
bachelors,computer science,"software,engineer,java,sql,javascript,data",india,"career,growth",medium,3,22245.04,increasing,0,1
bachelors,computer science,"software,engineer,python,java,sql,data",india,"career,growth",medium,1,17843.49,increasing,0,0
bachelors,computer science,"backend,developer,sql,data",india,"career,growth",medium,3,17435.84,increasing,1,1
bachelors,computer science,"javascript,developer,java,react",india,"career,growth",medium,0,21445.04,increasing,0,1
bachelors,data science,"machine,learning,data",india,"career,growth",medium,4,14511.72,stable,0,1
bachelors,computer science,"backend,developer,java",india,"career,growth",medium,5,20063.23,increasing,1,1
bachelors,computer science,"php,developer,java,javascript,data",india,"career,growth",medium,4,22040.09,increasing,1,0
bachelors,computer science,"full,stack,developer,java,sql,javascript,react,data",india,"career,growth",medium,1,16736.35,increasing,0,0
bachelors,computer science,"javascript,developer,java,react",india,"career,growth",medium,3,15732.54,increasing,0,0
bachelors,data science,"machine,learning,python,machine learning",india,"career,growth",medium,0,17261.53,stable,1,0
bachelors,computer science,"java,developer,python,react",india,"career,growth",medium,3,14802.17,increasing,1,0
bachelors,computer science,"software,engineer",india,"career,growth",medium,2,21998.07,increasing,1,0
bachelors,computer science,"django,developer,python,java,sql,javascript",india,"career,growth",medium,2,17102.21,increasing,0,1
bachelors,computer science,"django,developer,python",india,"career,growth",medium,2,16096.6,increasing,1,1
bachelors,computer science,"node,developer,java,javascript,react",india,"career,growth",medium,1,19104.29,increasing,1,1
bachelors,computer science,"backend,developer,java,javascript,data",india,"career,growth",medium,1,24580.91,increasing,1,0
bachelors,computer science,"wordpress,developer",india,"career,growth",medium,0,20046.44,increasing,1,0
bachelors,computer science,"php,developer,java,sql,javascript,data",india,"career,growth",medium,5,22614.33,increasing,0,1
bachelors,computer science,"flutter,developer,java,sql",india,"career,growth",medium,4,22040.8,increasing,1,1
bachelors,computer science,"php,developer,java,javascript,data",india,"career,growth",medium,0,18625.79,increasing,1,1
bachelors,computer science,"django,developer,python,java,sql,javascript,react",india,"career,growth",medium,0,15628.15,increasing,1,0
bachelors,computer science,"django,developer,python,java,sql,javascript,react,data",india,"career,growth",medium,4,22121.43,increasing,1,0
bachelors,computer science,"javascript,developer,java,sql",india,"career,growth",medium,3,14700.75,increasing,0,1
bachelors,computer science,"javascript,developer,java,data",india,"career,growth",medium,5,24529.91,increasing,1,1
bachelors,computer science,"java,developer,python,sql,react,data",india,"career,growth",medium,5,21644.07,increasing,1,1
bachelors,computer science,"full,stack,developer,python,java,sql,javascript,react",india,"career,growth",medium,1,14096.18,increasing,0,0
bachelors,computer science,"flutter,developer,java",india,"career,growth",medium,0,16274.19,increasing,1,1
bachelors,computer science,"backend,developer",india,"career,growth",medium,3,24317.15,increasing,1,1
bachelors,computer science,"full,stack,developer,data",india,"career,growth",medium,5,23356.62,increasing,1,0
bachelors,computer science,"java,developer,javascript,data",india,"career,growth",medium,4,17420.95,increasing,1,1
bachelors,computer science,"wordpress,developer,java,sql,javascript",india,"career,growth",medium,3,19218.28,increasing,1,1
bachelors,computer science,"django,developer,python,sql,data",india,"career,growth",medium,2,17261.58,increasing,1,1
bachelors,computer science,"devops,engineer,python,data",india,"career,growth",medium,2,17238.27,increasing,1,1
bachelors,computer science,"backend,developer,python,sql,data",india,"career,growth",medium,2,23519.45,increasing,0,1
bachelors,computer science,"php,developer,python,java,sql,javascript,data",india,"career,growth",medium,4,17587.88,increasing,0,0
bachelors,computer science,"backend,developer,java,sql,javascript,react,data",india,"career,growth",medium,1,18445.5,increasing,0,0
bachelors,computer science,"django,developer,python,java,sql,javascript,data",india,"career,growth",medium,0,22588.21,increasing,0,0
bachelors,computer science,"full,stack,developer,java,sql,javascript,data",india,"career,growth",medium,0,15744.42,increasing,1,0
bachelors,engineering,"database,administrator,data",india,"career,growth",medium,0,22114.59,increasing,0,1
bachelors,computer science,"php,developer,python,java,javascript,react,data",india,"career,growth",medium,4,23384.15,increasing,0,0
bachelors,computer science,"java,developer,sql,javascript,data",india,"career,growth",medium,2,16972.05,increasing,0,1
bachelors,computer science,"flutter,developer",india,"career,growth",medium,1,14136.93,increasing,0,1
bachelors,computer science,"node,developer,sql,data",india,"career,growth",medium,1,22278.55,increasing,1,1
bachelors,computer science,"flutter,developer,java,javascript,react,data",india,"career,growth",medium,0,20433.52,increasing,1,1
bachelors,computer science,"wordpress,developer,java,sql,javascript,data",india,"career,growth",medium,3,16704.8,increasing,0,1
bachelors,engineering,"database,administrator,data",india,"career,growth",medium,3,15756.77,increasing,1,1
bachelors,engineering,"network,administrator",india,"career,growth",medium,1,22419.55,stable,1,0
bachelors,computer science,"software,engineer,sql",india,"career,growth",medium,3,22774.1,increasing,1,1
bachelors,computer science,"backend,developer",india,"career,growth",medium,0,24249.62,increasing,0,1
bachelors,computer science,"java,developer,sql,javascript,data",india,"career,growth",medium,5,21988.88,increasing,0,1
bachelors,computer science,"devops,engineer,sql",india,"career,growth",medium,1,17124.77,increasing,0,1
bachelors,computer science,"java,developer,python,sql,javascript,data",india,"career,growth",medium,0,13613.63,increasing,0,1
bachelors,computer science,"java,developer,sql,data",india,"career,growth",medium,2,14203.88,increasing,1,1
bachelors,data science,"machine,learning,python,machine learning,data",india,"career,growth",medium,5,24706.93,stable,0,0
bachelors,computer science,"devops,engineer,python,java,sql,javascript,react,data",india,"career,growth",medium,0,16207.84,increasing,0,1
bachelors,computer science,"flutter,developer,java,sql,javascript",india,"career,growth",medium,1,23242.46,increasing,0,1
bachelors,computer science,"php,developer,python,java,sql,javascript,data",india,"career,growth",medium,3,13896.13,increasing,1,1
bachelors,computer science,"node,developer",india,"career,growth",medium,0,17897.3,increasing,0,1
bachelors,computer science,"full,stack,developer,java,sql,javascript,react,data",india,"career,growth",medium,2,20598.03,increasing,1,0
bachelors,computer science,"wordpress,developer,java,javascript,data",india,"career,growth",medium,5,20068.98,increasing,1,1
bachelors,computer science,"wordpress,developer,java,sql,javascript,data",india,"career,growth",medium,5,20603.89,increasing,1,0
bachelors,computer science,"full,stack,developer,sql,data",india,"career,growth",medium,1,23506.83,increasing,1,0
bachelors,computer science,"javascript,developer,python,java,sql,data",india,"career,growth",medium,0,20414.15,increasing,1,1
bachelors,computer science,"java,developer,data",india,"career,growth",medium,4,20760.4,increasing,1,0
bachelors,computer science,"software,engineer,python,java,sql,javascript,machine learning,data",india,"career,growth",medium,2,15801.91,increasing,1,1
bachelors,computer science,"flutter,developer,java",india,"career,growth",medium,1,17148.36,increasing,0,0
bachelors,computer science,"java,developer,data",india,"career,growth",medium,0,19084.08,increasing,1,0
bachelors,computer science,"ios,developer,machine learning",india,"career,growth",medium,3,14657.34,increasing,1,0
bachelors,computer science,"full,stack,developer,react",india,"career,growth",medium,1,20442.11,increasing,0,0
bachelors,computer science,"node,developer,java,sql,react,data",india,"career,growth",medium,1,18026.74,increasing,1,1
bachelors,computer science,"php,developer,java,javascript",india,"career,growth",medium,5,14931.63,increasing,1,0
bachelors,computer science,"backend,developer,java,sql,javascript,react,data",india,"career,growth",medium,4,18169.11,increasing,0,0
bachelors,computer science,"full,stack,developer",india,"career,growth",medium,3,15692.09,increasing,0,0
bachelors,data science,"machine,learning,python,java,sql,machine learning,data",india,"career,growth",medium,1,14991.38,stable,0,1
bachelors,computer science,"node,developer,java,sql,javascript,react,data",india,"career,growth",medium,3,18976.52,increasing,1,0
bachelors,computer science,"ios,developer",india,"career,growth",medium,2,18951.52,increasing,1,1
bachelors,computer science,"devops,engineer,python,java",india,"career,growth",medium,4,24380.61,increasing,0,1
bachelors,computer science,"php,developer,java,javascript",india,"career,growth",medium,0,16391.73,increasing,0,0
bachelors,computer science,"ios,developer,sql,react,data",india,"career,growth",medium,1,22813.99,increasing,0,1
bachelors,computer science,"ios,developer,sql,data",india,"career,growth",medium,4,18624.29,increasing,1,1
bachelors,computer science,"ios,developer",india,"career,growth",medium,0,13906.94,increasing,1,0
bachelors,computer science,"software,engineer,python,java,machine learning",india,"career,growth",medium,5,24022.8,increasing,1,1
bachelors,computer science,"javascript,developer,java,data",india,"career,growth",medium,0,16657.8,increasing,0,1
bachelors,computer science,"php,developer,sql",india,"career,growth",medium,4,20722.25,increasing,1,0
bachelors,computer science,"software,engineer,java",india,"career,growth",medium,0,15840.47,increasing,0,1
bachelors,computer science,"software,engineer,python,java,sql,javascript",india,"career,growth",medium,4,17059.05,increasing,0,1
bachelors,computer science,"java,developer,react,data",india,"career,growth",medium,3,16740.94,increasing,1,1
bachelors,computer science,"devops,engineer,python",india,"career,growth",medium,3,24083.92,increasing,0,0
bachelors,engineering,"database,administrator,sql,data",india,"career,growth",medium,3,17831.68,increasing,0,0
bachelors,computer science,"backend,developer,sql,data",india,"career,growth",medium,4,20871.4,increasing,1,0
bachelors,computer science,"wordpress,developer,java,javascript",india,"career,growth",medium,0,24420.78,increasing,0,1
bachelors,computer science,"full,stack,developer,java,javascript,react,data",india,"career,growth",medium,1,15015.13,increasing,0,1
bachelors,data science,"machine,learning,python,machine learning,data",india,"career,growth",medium,3,16112.23,stable,1,0
bachelors,computer science,"node,developer,java,sql,javascript,data",india,"career,growth",medium,2,17572.91,increasing,0,1
bachelors,computer science,"php,developer,java,sql,javascript",india,"career,growth",medium,1,20212.2,increasing,1,0
bachelors,computer science,"django,developer,python,java,javascript",india,"career,growth",medium,5,13667.43,increasing,1,0
bachelors,computer science,"flutter,developer",india,"career,growth",medium,0,18318.32,increasing,0,0
bachelors,computer science,"wordpress,developer,java,sql,javascript,data",india,"career,growth",medium,1,20235.18,increasing,0,1
bachelors,computer science,"devops,engineer,sql",india,"career,growth",medium,5,14988.73,increasing,0,0
bachelors,engineering,"database,administrator,data",india,"career,growth",medium,2,17728.29,increasing,0,1
bachelors,computer science,"software,engineer,python,java,data",india,"career,growth",medium,0,23371.45,increasing,1,1
bachelors,computer science,"backend,developer,java,javascript",india,"career,growth",medium,4,20197.91,increasing,0,0
bachelors,computer science,"php,developer",india,"career,growth",medium,5,24640.46,increasing,0,1
bachelors,computer science,"full,stack,developer,java,sql,javascript,data",india,"career,growth",medium,1,23450.05,increasing,0,1
bachelors,computer science,"ios,developer,data",india,"career,growth",medium,4,14269.11,increasing,1,1
bachelors,computer science,"wordpress,developer",india,"career,growth",medium,3,19916.3,increasing,1,0
bachelors,computer science,"full,stack,developer,java,sql,javascript,data",india,"career,growth",medium,3,15504.01,increasing,1,1
bachelors,computer science,"django,developer,python,java,javascript,data",india,"career,growth",medium,4,22484.56,increasing,1,0
bachelors,computer science,"django,developer,python,java,sql,javascript,data",india,"career,growth",medium,4,24331.13,increasing,0,1
bachelors,computer science,"software,engineer,java,react,data",india,"career,growth",medium,1,23767.67,increasing,1,1
bachelors,computer science,"wordpress,developer",india,"career,growth",medium,2,17539.27,increasing,0,1
bachelors,computer science,"java,developer",india,"career,growth",medium,0,14914.68,increasing,0,1
bachelors,computer science,"backend,developer,python,sql,data",india,"career,growth",medium,4,15603.68,increasing,0,0
bachelors,computer science,"django,developer,python,java,sql,javascript,machine learning,data",india,"career,growth",medium,1,14018.52,increasing,0,1
bachelors,computer science,"backend,developer,java,sql",india,"career,growth",medium,2,20040.39,increasing,0,1
bachelors,computer science,"software,engineer,python",india,"career,growth",medium,1,18984.16,increasing,0,1
bachelors,data science,"machine,learning,machine learning,data",india,"career,growth",medium,1,23972.4,stable,0,0
bachelors,computer science,"flutter,developer,sql,data",india,"career,growth",medium,5,18705.13,increasing,0,1
bachelors,computer science,"full,stack,developer,sql,react,data",india,"career,growth",medium,4,16509.43,increasing,1,0
bachelors,data science,"machine,learning,java,sql,javascript,react,machine learning,data",india,"career,growth",medium,4,21663.97,stable,0,1
bachelors,computer science,"software,engineer,data",india,"career,growth",medium,5,23519.82,increasing,0,0
bachelors,computer science,"django,developer,python,react,data",india,"career,growth",medium,0,20068.36,increasing,0,0
bachelors,computer science,"javascript,developer,java,react",india,"career,growth",medium,2,22838.4,increasing,1,0
bachelors,computer science,"software,engineer,data",india,"career,growth",medium,0,19683.59,increasing,0,0
bachelors,computer science,"ios,developer,sql,react,data",india,"career,growth",medium,5,19644.31,increasing,1,0
bachelors,computer science,"backend,developer,python,java,javascript,data",india,"career,growth",medium,1,21943.0,increasing,0,1
bachelors,data science,"machine,learning,machine learning,data",india,"career,growth",medium,3,23330.81,stable,1,1
bachelors,computer science,"devops,engineer,python,machine learning,data",india,"career,growth",medium,2,22393.36,increasing,0,0
bachelors,computer science,"django,developer,python,java,javascript,data",india,"career,growth",medium,3,13849.09,increasing,0,0
bachelors,computer science,"java,developer,python,sql,javascript,data",india,"career,growth",medium,2,20133.45,increasing,0,1
bachelors,computer science,"flutter,developer",india,"career,growth",medium,2,19302.01,increasing,0,1
bachelors,computer science,"full,stack,developer,java,data",india,"career,growth",medium,2,23232.41,increasing,1,1
bachelors,computer science,"php,developer,data",india,"career,growth",medium,0,21032.7,increasing,0,1
bachelors,computer science,"devops,engineer,data",india,"career,growth",medium,5,23500.16,increasing,0,1
bachelors,computer science,"devops,engineer,sql",india,"career,growth",medium,2,16293.15,increasing,0,1
bachelors,computer science,"php,developer,java,javascript",india,"career,growth",medium,3,16335.15,increasing,1,1
bachelors,computer science,"django,developer,python",india,"career,growth",medium,0,23147.54,increasing,1,1
bachelors,computer science,"django,developer,python,machine learning,data",india,"career,growth",medium,5,15330.32,increasing,1,0
bachelors,engineering,"network,administrator,python",india,"career,growth",medium,3,16633.63,stable,0,1
bachelors,computer science,"django,developer,python,java,javascript,data",india,"career,growth",medium,0,14704.06,increasing,0,0
bachelors,computer science,"full,stack,developer,java,javascript,data",india,"career,growth",medium,3,17120.56,increasing,1,0
bachelors,engineering,"network,administrator,data",india,"career,growth",medium,1,21688.9,stable,1,1
bachelors,computer science,"devops,engineer,java,javascript",india,"career,growth",medium,3,19509.84,increasing,1,0
bachelors,computer science,"php,developer,java,javascript,data",india,"career,growth",medium,5,16265.49,increasing,0,0
bachelors,computer science,"flutter,developer,java,sql,data",india,"career,growth",medium,2,23291.88,increasing,0,0
bachelors,computer science,"full,stack,developer,java,sql,javascript,data",india,"career,growth",medium,5,21292.87,increasing,1,1
bachelors,computer science,"django,developer,python,sql,data",india,"career,growth",medium,5,23195.73,increasing,1,1
bachelors,computer science,"software,engineer,java,sql,javascript",india,"career,growth",medium,2,21296.02,increasing,0,0
bachelors,computer science,"java,developer,sql,javascript,data",india,"career,growth",medium,0,15774.53,increasing,0,0
bachelors,computer science,"node,developer,data",india,"career,growth",medium,3,19767.45,increasing,1,0
bachelors,computer science,"node,developer,java,sql,javascript,react,data",india,"career,growth",medium,1,18223.72,increasing,0,0
bachelors,computer science,"backend,developer,java,sql",india,"career,growth",medium,4,19355.51,increasing,1,1
bachelors,computer science,"node,developer,python,java,sql,javascript,react,data",india,"career,growth",medium,2,24753.07,increasing,0,0
bachelors,computer science,"node,developer,sql,data",india,"career,growth",medium,3,17135.24,increasing,0,1
bachelors,computer science,"devops,engineer,sql,data",india,"career,growth",medium,5,14531.68,increasing,1,0
bachelors,computer science,"javascript,developer,java,data",india,"career,growth",medium,3,13588.51,increasing,1,1
bachelors,computer science,"node,developer,java,javascript,react",india,"career,growth",medium,2,15508.09,increasing,1,1
bachelors,computer science,"full,stack,developer,java,javascript,react",india,"career,growth",medium,2,16987.29,increasing,0,1
bachelors,computer science,"full,stack,developer,python,java,javascript,data",india,"career,growth",medium,4,18630.07,increasing,1,0
bachelors,computer science,"java,developer,sql,react",india,"career,growth",medium,0,24879.11,increasing,0,0
bachelors,computer science,"wordpress,developer,data",india,"career,growth",medium,4,20046.76,increasing,1,1
bachelors,computer science,"javascript,developer,java",india,"career,growth",medium,5,15280.98,increasing,1,1
bachelors,computer science,"django,developer,python,java,sql,javascript,data",india,"career,growth",medium,2,16647.39,increasing,1,0
bachelors,data science,"machine,learning,python,machine learning",india,"career,growth",medium,5,19461.13,stable,0,0
bachelors,computer science,"javascript,developer,java",india,"career,growth",medium,1,20050.47,increasing,1,1
bachelors,computer science,"devops,engineer",india,"career,growth",medium,2,18610.45,increasing,0,0
bachelors,computer science,"java,developer,python,sql,javascript,data",india,"career,growth",medium,5,16898.94,increasing,0,0
bachelors,computer science,"backend,developer,java,sql,data",india,"career,growth",medium,3,18628.27,increasing,0,0
bachelors,engineering,"network,administrator,sql,data",india,"career,growth",medium,2,24190.46,stable,1,0
bachelors,computer science,"php,developer,java,sql,javascript",india,"career,growth",medium,5,22806.91,increasing,1,0
bachelors,computer science,"flutter,developer,java,javascript",india,"career,growth",medium,3,20143.43,increasing,0,1
bachelors,computer science,"php,developer,java,sql,javascript",india,"career,growth",medium,4,22793.23,increasing,0,1
bachelors,computer science,"ios,developer",india,"career,growth",medium,4,20855.02,increasing,0,1
bachelors,computer science,"software,engineer,java,sql,data",india,"career,growth",medium,1,19240.6,increasing,0,1
bachelors,computer science,"node,developer,java,javascript",india,"career,growth",medium,5,15361.74,increasing,1,0
bachelors,computer science,"java,developer,sql,data",india,"career,growth",medium,1,19117.67,increasing,1,0
bachelors,computer science,"backend,developer,java,sql,javascript,data",india,"career,growth",medium,2,18871.86,increasing,0,0
bachelors,computer science,"backend,developer,java,sql,javascript",india,"career,growth",medium,4,18507.01,increasing,1,1
bachelors,data science,"machine,learning,python,sql,machine learning,data",india,"career,growth",medium,5,20902.86,stable,1,0
bachelors,computer science,"node,developer,java,sql,javascript",india,"career,growth",medium,3,15445.44,increasing,1,0
bachelors,computer science,"wordpress,developer,java,javascript,react",india,"career,growth",medium,4,22589.06,increasing,1,0
bachelors,engineering,"database,administrator,data",india,"career,growth",medium,5,16050.76,increasing,1,1
bachelors,data science,"machine,learning,python,machine learning,data",india,"career,growth",medium,2,14228.95,stable,0,1
bachelors,computer science,"backend,developer,python,java,javascript",india,"career,growth",medium,4,18780.42,increasing,0,1
bachelors,engineering,"network,administrator,data",india,"career,growth",medium,5,18829.83,stable,0,0
bachelors,computer science,"django,developer,python,java,data",india,"career,growth",medium,4,24806.07,increasing,1,1
bachelors,computer science,"devops,engineer,python,data",india,"career,growth",medium,4,21358.01,increasing,1,1
bachelors,computer science,"flutter,developer,data",india,"career,growth",medium,1,17020.05,increasing,1,0
bachelors,computer science,"flutter,developer,data",india,"career,growth",medium,2,13612.65,increasing,1,0
bachelors,engineering,"database,administrator,python,sql,data",india,"career,growth",medium,2,23764.11,increasing,0,1
bachelors,computer science,"ios,developer,data",india,"career,growth",medium,5,21222.34,increasing,1,1
bachelors,engineering,"database,administrator,sql,data",india,"career,growth",medium,0,23605.74,increasing,0,0
bachelors,data science,"machine,learning,python,java,machine learning,data",india,"career,growth",medium,4,20763.62,stable,1,1
bachelors,computer science,"ios,developer,python,java,javascript,data",india,"career,growth",medium,1,14038.25,increasing,1,0
bachelors,engineering,"network,administrator,python",india,"career,growth",medium,4,20773.22,stable,1,0
bachelors,data science,"machine,learning,machine learning",india,"career,growth",medium,3,21877.08,stable,1,0
bachelors,computer science,"javascript,developer,java,sql,react,data",india,"career,growth",medium,5,15603.07,increasing,0,0
bachelors,computer science,"node,developer,java,sql,javascript,data",india,"career,growth",medium,4,18055.62,increasing,1,1
bachelors,computer science,"full,stack,developer,python,java,javascript,react,data",india,"career,growth",medium,5,14041.0,increasing,0,1
bachelors,computer science,"software,engineer,java,javascript,react,data",india,"career,growth",medium,0,25005.58,increasing,0,0
bachelors,computer science,"backend,developer,react,data",india,"career,growth",medium,2,21966.89,increasing,1,1
bachelors,computer science,"software,engineer,java,data",india,"career,growth",medium,4,21740.42,increasing,0,1
bachelors,computer science,"software,engineer,python,java,sql,machine learning,data",india,"career,growth",medium,0,23391.83,increasing,0,1
bachelors,computer science,"backend,developer",india,"career,growth",medium,1,22448.12,increasing,1,1
bachelors,computer science,"java,developer",india,"career,growth",medium,2,21701.14,increasing,1,1
bachelors,computer science,"devops,engineer,python",india,"career,growth",medium,4,20650.17,increasing,1,0
bachelors,computer science,"flutter,developer,java,javascript,data",india,"career,growth",medium,2,19257.16,increasing,0,0
bachelors,computer science,"backend,developer,python,sql,data",india,"career,growth",medium,0,16164.75,increasing,1,0
bachelors,computer science,"php,developer,java,sql,javascript",india,"career,growth",medium,2,18649.07,increasing,0,1
bachelors,data science,"machine,learning,machine learning,data",india,"career,growth",medium,2,17570.03,stable,0,0
bachelors,computer science,"java,developer,python,sql,javascript",india,"career,growth",medium,3,15424.06,increasing,1,1
bachelors,computer science,"django,developer,python,data",india,"career,growth",medium,3,21374.91,increasing,0,0
bachelors,computer science,"wordpress,developer,java,sql,javascript",india,"career,growth",medium,0,14549.35,increasing,0,0
bachelors,computer science,"node,developer,data",india,"career,growth",medium,2,19420.76,increasing,0,0
bachelors,computer science,"full,stack,developer,java,sql,javascript,data",india,"career,growth",medium,4,21948.57,increasing,0,1
bachelors,computer science,"django,developer,python",india,"career,growth",medium,3,16124.49,increasing,1,1
bachelors,computer science,"php,developer,java,javascript",india,"career,growth",medium,4,20736.88,increasing,1,1
bachelors,computer science,"full,stack,developer,python,java,javascript,data",india,"career,growth",medium,5,15593.54,increasing,1,0
bachelors,computer science,"php,developer,java,sql,javascript,data",india,"career,growth",medium,2,16057.73,increasing,0,1
bachelors,computer science,"full,stack,developer,java,javascript",india,"career,growth",medium,3,17896.73,increasing,0,0
bachelors,computer science,"ios,developer,react,data",india,"career,growth",medium,1,22277.6,increasing,1,1
bachelors,computer science,"wordpress,developer",india,"career,growth",medium,4,24337.74,increasing,0,1
bachelors,data science,"machine,learning,python,java,javascript,machine learning",india,"career,growth",medium,0,21992.33,stable,1,1
bachelors,computer science,"django,developer,python,java,sql,javascript,data",india,"career,growth",medium,1,17121.58,increasing,0,0
bachelors,computer science,"node,developer,java,sql,javascript,react",india,"career,growth",medium,2,14578.71,increasing,1,0
bachelors,computer science,"backend,developer,sql",india,"career,growth",medium,5,18155.03,increasing,1,1
bachelors,computer science,"php,developer,sql",india,"career,growth",medium,1,14008.57,increasing,1,1
bachelors,computer science,"ios,developer",india,"career,growth",medium,1,16589.23,increasing,1,0
bachelors,computer science,"java,developer,sql",india,"career,growth",medium,3,21131.03,increasing,1,0
bachelors,computer science,"flutter,developer,java,react",india,"career,growth",medium,4,15042.86,increasing,0,1
bachelors,computer science,"software,engineer,python",india,"career,growth",medium,5,15366.07,increasing,0,1
bachelors,computer science,"javascript,developer,java,sql,react,data",india,"career,growth",medium,2,18088.44,increasing,1,1
bachelors,computer science,"php,developer,sql,data",india,"career,growth",medium,0,15065.83,increasing,1,0
bachelors,data science,"machine,learning,python,java,machine learning,data",india,"career,growth",medium,3,15133.83,stable,1,0
bachelors,computer science,"backend,developer,java,sql,javascript,data",india,"career,growth",medium,1,20182.88,increasing,1,1
bachelors,computer science,"java,developer,python,javascript,react,data",india,"career,growth",medium,4,17008.09,increasing,1,1
bachelors,data science,"machine,learning,python,java,sql,javascript,machine learning,data",india,"career,growth",medium,3,17457.09,stable,1,0
bachelors,computer science,"django,developer,python,sql,react,data",india,"career,growth",medium,0,23715.18,increasing,1,1
bachelors,data science,"machine,learning,python,java,sql,javascript,machine learning,data",india,"career,growth",medium,0,15696.6,stable,0,0
bachelors,computer science,"django,developer,python,java,sql,machine learning,data",india,"career,growth",medium,2,17441.01,increasing,0,0
bachelors,computer science,"flutter,developer,java,sql,javascript",india,"career,growth",medium,0,18357.03,increasing,0,0
bachelors,computer science,"wordpress,developer",india,"career,growth",medium,1,23060.8,increasing,0,1
bachelors,computer science,"flutter,developer,java,javascript,react",india,"career,growth",medium,1,24974.7,increasing,1,0
bachelors,computer science,"javascript,developer,python,java,sql,data",india,"career,growth",medium,5,24041.43,increasing,1,1
bachelors,data science,"machine,learning,data",india,"career,growth",medium,3,19097.87,stable,0,1
bachelors,computer science,"backend,developer,python,sql,data",india,"career,growth",medium,1,19745.96,increasing,0,0
bachelors,computer science,"devops,engineer,sql,data",india,"career,growth",medium,3,16021.43,increasing,1,0
bachelors,computer science,"software,engineer,java,sql",india,"career,growth",medium,2,24177.06,increasing,1,1
bachelors,computer science,"php,developer,sql,data",india,"career,growth",medium,3,24630.41,increasing,1,0
bachelors,computer science,"wordpress,developer,java,sql,javascript,react,data",india,"career,growth",medium,0,24614.84,increasing,1,1
bachelors,computer science,"software,engineer,sql,machine learning,data",india,"career,growth",medium,3,18241.43,increasing,0,0
bachelors,computer science,"full,stack,developer,python,java,sql,javascript,react,machine learning,data",india,"career,growth",medium,4,17297.07,increasing,1,1
bachelors,computer science,"node,developer,java,javascript,react",india,"career,growth",medium,5,16024.07,increasing,1,0
bachelors,computer science,"java,developer,sql,javascript,react,data",india,"career,growth",medium,3,20812.31,increasing,0,1
bachelors,computer science,"devops,engineer,data",india,"career,growth",medium,1,24159.5,increasing,0,1
bachelors,computer science,"full,stack,developer,react,data",india,"career,growth",medium,2,21587.78,increasing,1,1
bachelors,computer science,"full,stack,developer,java,javascript,react",india,"career,growth",medium,5,13556.91,increasing,0,0
bachelors,computer science,"software,engineer,java",india,"career,growth",medium,4,18186.68,increasing,0,1
bachelors,computer science,"backend,developer,python",india,"career,growth",medium,5,14879.54,increasing,1,1
bachelors,computer science,"full,stack,developer,java",india,"career,growth",medium,4,17733.78,increasing,0,0
bachelors,computer science,"software,engineer,java,sql,data",india,"career,growth",medium,3,19483.68,increasing,1,1
bachelors,computer science,"java,developer,sql,data",india,"career,growth",medium,0,23294.03,increasing,0,0
bachelors,computer science,"software,engineer,data",india,"career,growth",medium,2,15587.41,increasing,0,1
bachelors,computer science,"full,stack,developer,python,java,react,machine learning,data",india,"career,growth",medium,2,20022.21,increasing,1,0
bachelors,computer science,"flutter,developer,react",india,"career,growth",medium,1,20397.59,increasing,0,1
bachelors,engineering,"network,administrator,sql,data",india,"career,growth",medium,4,19735.28,stable,1,0
bachelors,computer science,"software,engineer,sql",india,"career,growth",medium,2,15290.7,increasing,0,1
bachelors,computer science,"backend,developer,java,sql,javascript",india,"career,growth",medium,5,16399.45,increasing,0,1
bachelors,engineering,"network,administrator,python,data",india,"career,growth",medium,1,22177.64,stable,1,1
bachelors,computer science,"java,developer,data",india,"career,growth",medium,3,22888.43,increasing,1,0
bachelors,computer science,"java,developer,python,sql",india,"career,growth",medium,0,23330.44,increasing,1,1
bachelors,computer science,"devops,engineer,python,data",india,"career,growth",medium,1,21790.96,increasing,0,1
bachelors,engineering,"network,administrator",india,"career,growth",medium,4,14591.2,stable,1,1
bachelors,computer science,"software,engineer,python,java,javascript,react",india,"career,growth",medium,1,21717.78,increasing,0,1
bachelors,data science,"machine,learning,python,sql,data",india,"career,growth",medium,2,16814.53,stable,1,1
bachelors,computer science,"django,developer,python,java,javascript,react",india,"career,growth",medium,2,21861.01,increasing,0,1
bachelors,computer science,"software,engineer,python,java,javascript,data",india,"career,growth",medium,4,22645.18,increasing,1,1
bachelors,computer science,"node,developer,java,javascript,react,data",india,"career,growth",medium,2,13881.09,increasing,1,1
bachelors,computer science,"flutter,developer,sql,data",india,"career,growth",medium,2,21240.78,increasing,1,1
bachelors,computer science,"node,developer,java,sql,javascript,react",india,"career,growth",medium,0,16457.52,increasing,1,1
bachelors,computer science,"devops,engineer,python,java,sql,data",india,"career,growth",medium,4,21667.37,increasing,1,0
bachelors,computer science,"java,developer",india,"career,growth",medium,1,14078.82,increasing,0,1
bachelors,computer science,"devops,engineer,python,java,react,machine learning,data",india,"career,growth",medium,5,21367.42,increasing,0,1
bachelors,computer science,"full,stack,developer,sql,data",india,"career,growth",medium,2,18428.61,increasing,0,0
bachelors,computer science,"java,developer,sql,javascript,data",india,"career,growth",medium,1,16181.97,increasing,1,1
bachelors,computer science,"django,developer,python,java,sql,javascript",india,"career,growth",medium,3,18713.77,increasing,1,1
bachelors,computer science,"devops,engineer",india,"career,growth",medium,5,19574.19,increasing,0,1
bachelors,computer science,"java,developer,sql,react,machine learning,data",india,"career,growth",medium,2,13520.26,increasing,0,0
bachelors,computer science,"backend,developer,data",india,"career,growth",medium,3,22561.65,increasing,1,0
bachelors,computer science,"devops,engineer,python,sql,data",india,"career,growth",medium,1,22210.38,increasing,0,1
bachelors,computer science,"devops,engineer,python,sql,data",india,"career,growth",medium,3,17095.66,increasing,0,1
bachelors,computer science,"java,developer,react,data",india,"career,growth",medium,1,18216.26,increasing,1,0
bachelors,computer science,"devops,engineer,python,java,sql,data",india,"career,growth",medium,2,23286.31,increasing,0,1
bachelors,computer science,"wordpress,developer,sql",india,"career,growth",medium,5,19391.61,increasing,1,0
bachelors,computer science,"java,developer",india,"career,growth",medium,4,19714.51,increasing,0,1
bachelors,computer science,"javascript,developer,java,sql,react",india,"career,growth",medium,2,22060.73,increasing,0,0
bachelors,computer science,"flutter,developer,react",india,"career,growth",medium,4,21163.26,increasing,1,1
bachelors,computer science,"javascript,developer,python,java",india,"career,growth",medium,0,20703.47,increasing,0,0
bachelors,computer science,"java,developer",india,"career,growth",medium,3,23666.83,increasing,0,1
bachelors,computer science,"flutter,developer,sql",india,"career,growth",medium,3,14818.63,increasing,1,1
bachelors,computer science,"devops,engineer,python,sql,data",india,"career,growth",medium,5,16259.29,increasing,1,0
bachelors,computer science,"django,developer,python,sql",india,"career,growth",medium,2,14512.45,increasing,1,1
bachelors,computer science,"flutter,developer,react",india,"career,growth",medium,5,21530.34,increasing,1,1
bachelors,computer science,"javascript,developer,java",india,"career,growth",medium,2,24302.91,increasing,1,1
bachelors,computer science,"devops,engineer,java",india,"career,growth",medium,1,15106.36,increasing,1,1
bachelors,computer science,"software,engineer,sql,data",india,"career,growth",medium,3,15892.49,increasing,1,1
bachelors,engineering,"network,administrator,data",india,"career,growth",medium,4,13489.65,stable,1,0
bachelors,computer science,"django,developer,python,java,javascript",india,"career,growth",medium,1,18121.11,increasing,1,0
bachelors,computer science,"software,engineer,python,sql,machine learning,data",india,"career,growth",medium,3,21473.54,increasing,0,1
bachelors,computer science,"software,engineer,java,sql,javascript,data",india,"career,growth",medium,1,19483.25,increasing,0,0
bachelors,engineering,"network,administrator,data",india,"career,growth",medium,3,22697.14,stable,0,1
bachelors,computer science,"php,developer,java,javascript,data",india,"career,growth",medium,1,19874.85,increasing,1,1
bachelors,computer science,"node,developer,java,data",india,"career,growth",medium,3,15313.29,increasing,0,1
bachelors,computer science,"full,stack,developer,python,java",india,"career,growth",medium,0,15640.94,increasing,1,1
bachelors,computer science,"php,developer,java,javascript",india,"career,growth",medium,2,18098.81,increasing,0,0
bachelors,data science,"machine,learning,machine learning",india,"career,growth",medium,1,15963.6,stable,0,1
bachelors,computer science,"ios,developer,java,javascript,data",india,"career,growth",medium,2,23449.08,increasing,1,1
bachelors,data science,"machine,learning,python,machine learning",india,"career,growth",medium,3,14196.23,stable,0,1
bachelors,computer science,"flutter,developer,java,react,data",india,"career,growth",medium,2,15124.17,increasing,1,0
bachelors,computer science,"backend,developer",india,"career,growth",medium,5,21766.41,increasing,1,1
bachelors,computer science,"full,stack,developer,python,java,javascript,react,machine learning,data",india,"career,growth",medium,3,23653.45,increasing,1,0
bachelors,computer science,"django,developer,python,data",india,"career,growth",medium,1,21584.91,increasing,1,1
bachelors,computer science,"software,engineer,python,java,sql,data",india,"career,growth",medium,2,22517.77,increasing,0,0
bachelors,computer science,"java,developer,machine learning",india,"career,growth",medium,1,13631.08,increasing,1,0
bachelors,computer science,"php,developer,python,java,sql,javascript",india,"career,growth",medium,0,18583.97,increasing,0,0
bachelors,computer science,"node,developer,java,javascript,react",india,"career,growth",medium,4,19689.99,increasing,1,1
bachelors,computer science,"flutter,developer,machine learning,data",india,"career,growth",medium,3,14690.29,increasing,0,1
bachelors,computer science,"backend,developer,sql,react",india,"career,growth",medium,4,23502.75,increasing,0,1
bachelors,computer science,"django,developer,python,sql",india,"career,growth",medium,4,20361.79,increasing,1,0
bachelors,engineering,"database,administrator,java,data",india,"career,growth",medium,2,15500.11,increasing,0,0
bachelors,computer science,"full,stack,developer,python,java,sql,javascript,react,data",india,"career,growth",medium,1,24109.9,increasing,1,0
bachelors,computer science,"flutter,developer,java,sql,data",india,"career,growth",medium,4,18767.27,increasing,0,0
bachelors,computer science,"java,developer,sql",india,"career,growth",medium,0,15889.62,increasing,1,1
bachelors,computer science,"javascript,developer,react",india,"career,growth",medium,4,16249.83,increasing,0,0
bachelors,computer science,"node,developer",india,"career,growth",medium,3,16442.36,increasing,0,0
bachelors,computer science,"node,developer,java,javascript,data",india,"career,growth",medium,0,15372.32,increasing,1,1
bachelors,computer science,"flutter,developer,java,sql,javascript,react,data",india,"career,growth",medium,0,21144.34,increasing,0,1
bachelors,computer science,"javascript,developer,java,react,data",india,"career,growth",medium,3,20411.18,increasing,0,0
bachelors,computer science,"backend,developer,java,javascript,data",india,"career,growth",medium,0,18404.43,increasing,1,0
bachelors,computer science,"php,developer,sql",india,"career,growth",medium,0,20794.86,increasing,1,1
bachelors,computer science,"django,developer,java,javascript,react",india,"career,growth",medium,5,16684.64,increasing,0,1
bachelors,computer science,"django,developer,python,java,sql,javascript,react",india,"career,growth",medium,2,21377.61,increasing,1,0
bachelors,computer science,"backend,developer,data",india,"career,growth",medium,0,20209.43,increasing,1,0
bachelors,computer science,"full,stack,developer,python,java,sql,javascript,data",india,"career,growth",medium,3,16931.32,increasing,1,0
bachelors,computer science,"node,developer,java,javascript,data",india,"career,growth",medium,1,22425.42,increasing,0,1
bachelors,computer science,"django,developer,python,sql,data",india,"career,growth",medium,4,19143.86,increasing,1,1
bachelors,computer science,"devops,engineer,python,java,data",india,"career,growth",medium,4,19967.77,increasing,0,0
bachelors,computer science,"backend,developer,python",india,"career,growth",medium,1,19847.0,increasing,1,0
bachelors,computer science,"ios,developer,java,javascript,data",india,"career,growth",medium,5,14568.57,increasing,1,0
bachelors,computer science,"django,developer,python,java,sql,data",india,"career,growth",medium,5,23946.85,increasing,0,0
bachelors,computer science,"node,developer,java,javascript,data",india,"career,growth",medium,5,18161.0,increasing,1,1
bachelors,computer science,"node,developer,java,javascript",india,"career,growth",medium,3,14114.41,increasing,0,0
bachelors,computer science,"full,stack,developer,java,javascript,react",india,"career,growth",medium,0,16494.14,increasing,1,0
bachelors,computer science,"backend,developer,java,sql,javascript,react",india,"career,growth",medium,4,24154.81,increasing,0,1
bachelors,computer science,"ios,developer,react,data",india,"career,growth",medium,3,19712.92,increasing,0,1
bachelors,computer science,"django,developer,java,sql,javascript,data",india,"career,growth",medium,5,18162.13,increasing,1,1
bachelors,computer science,"ios,developer,java,sql,javascript,data",india,"career,growth",medium,5,14234.97,increasing,0,0
bachelors,computer science,"django,developer,python,java,javascript,data",india,"career,growth",medium,2,13890.4,increasing,0,1
bachelors,computer science,"ios,developer,python",india,"career,growth",medium,1,19678.31,increasing,0,1
bachelors,engineering,"database,administrator,python,sql,data",india,"career,growth",medium,4,17626.82,increasing,1,0
bachelors,computer science,"django,developer,python,data",india,"career,growth",medium,5,17360.35,increasing,0,0
bachelors,computer science,"php,developer",india,"career,growth",medium,0,14469.64,increasing,0,1
bachelors,computer science,"java,developer,sql,data",india,"career,growth",medium,4,17139.69,increasing,1,0
bachelors,computer science,"full,stack,developer,python,java,sql,javascript,react,data",india,"career,growth",medium,4,22194.47,increasing,1,0
bachelors,computer science,"backend,developer,java,javascript,react",india,"career,growth",medium,4,20138.61,increasing,1,1
bachelors,computer science,"software,engineer,python,java,javascript,react,data",india,"career,growth",medium,4,22931.53,increasing,0,1
bachelors,computer science,"php,developer,java,sql,javascript,react,data",india,"career,growth",medium,0,19824.78,increasing,1,1
bachelors,computer science,"node,developer,python,java,sql,javascript,react,data",india,"career,growth",medium,3,23010.72,increasing,0,1
bachelors,computer science,"software,engineer,java,sql,data",india,"career,growth",medium,2,24165.48,increasing,0,0
bachelors,computer science,"software,engineer,python,data",india,"career,growth",medium,5,24354.01,increasing,1,1
bachelors,data science,"machine,learning,python,sql,machine learning,data",india,"career,growth",medium,2,22358.19,stable,0,1
bachelors,computer science,"flutter,developer,data",india,"career,growth",medium,0,19636.7,increasing,0,1
bachelors,computer science,"flutter,developer,react",india,"career,growth",medium,2,14823.44,increasing,1,1
bachelors,computer science,"node,developer,java,javascript,react",india,"career,growth",medium,0,21889.1,increasing,0,0
bachelors,computer science,"node,developer,java,sql,javascript,react",india,"career,growth",medium,3,19721.55,increasing,1,1
bachelors,computer science,"node,developer,java",india,"career,growth",medium,1,23853.79,increasing,1,0
bachelors,computer science,"php,developer,python,java,javascript,data",india,"career,growth",medium,3,18429.01,increasing,1,0
bachelors,computer science,"software,engineer,java,sql,javascript,react,data",india,"career,growth",medium,5,16376.27,increasing,1,1
bachelors,computer science,"ios,developer,java,javascript,react",india,"career,growth",medium,1,18578.41,increasing,0,1
bachelors,data science,"machine,learning,machine learning,data",india,"career,growth",medium,4,22668.4,stable,1,1
bachelors,computer science,"java,developer,python,javascript,react",india,"career,growth",medium,5,17309.61,increasing,1,1
bachelors,computer science,"flutter,developer,sql",india,"career,growth",medium,4,22803.96,increasing,0,1
bachelors,computer science,"node,developer,java,sql,javascript,react",india,"career,growth",medium,5,19517.47,increasing,1,1
bachelors,computer science,"devops,engineer,python,data",india,"career,growth",medium,5,19568.54,increasing,0,0
bachelors,computer science,"wordpress,developer,java,javascript",india,"career,growth",medium,1,18271.27,increasing,1,1
bachelors,computer science,"software,engineer,java,data",india,"career,growth",medium,3,16992.24,increasing,0,0
bachelors,computer science,"backend,developer,python,java,sql,data",india,"career,growth",medium,5,18168.99,increasing,0,0
bachelors,computer science,"full,stack,developer,java,javascript,data",india,"career,growth",medium,4,24215.6,increasing,0,1
bachelors,computer science,"wordpress,developer,java,sql,javascript,react",india,"career,growth",medium,5,16155.51,increasing,1,1
bachelors,computer science,"software,engineer,java,javascript",india,"career,growth",medium,1,13881.06,increasing,1,1
bachelors,computer science,"software,engineer,python,java,javascript,data",india,"career,growth",medium,3,22798.87,increasing,1,1
bachelors,engineering,"network,administrator,sql",india,"career,growth",medium,1,13602.2,stable,1,1
bachelors,computer science,"django,developer,python",india,"career,growth",medium,4,15529.51,increasing,0,1
bachelors,data science,"machine,learning,python,java,machine learning,data",india,"career,growth",medium,0,18985.62,stable,1,0
bachelors,computer science,"ios,developer,sql,data",india,"career,growth",medium,2,18486.41,increasing,0,0
bachelors,computer science,"software,engineer,data",india,"career,growth",medium,3,20258.87,increasing,0,0
bachelors,computer science,"full,stack,developer,python,data",india,"career,growth",medium,4,22632.3,increasing,1,1
bachelors,computer science,"devops,engineer,python,sql",india,"career,growth",medium,4,17266.35,increasing,1,1
bachelors,computer science,"flutter,developer,sql",india,"career,growth",medium,5,20822.02,increasing,1,1
bachelors,computer science,"django,developer,python,react",india,"career,growth",medium,5,22793.29,increasing,1,0
bachelors,computer science,"full,stack,developer,python,java,sql,javascript,react,data",india,"career,growth",medium,0,15072.17,increasing,0,0
bachelors,computer science,"full,stack,developer,python,sql,data",india,"career,growth",medium,3,19286.19,increasing,1,0
bachelors,computer science,"backend,developer,python,data",india,"career,growth",medium,0,18095.34,increasing,1,1
bachelors,computer science,"devops,engineer,data",india,"career,growth",medium,0,23429.72,increasing,1,0
bachelors,computer science,"django,developer,python,java,react",india,"career,growth",medium,4,16773.44,increasing,0,0
bachelors,computer science,"node,developer,java,sql,data",india,"career,growth",medium,4,18398.98,increasing,0,0
bachelors,computer science,"devops,engineer,data",india,"career,growth",medium,3,13623.09,increasing,1,0
bachelors,computer science,"backend,developer,sql,data",india,"career,growth",medium,0,19350.3,increasing,1,1
bachelors,computer science,"ios,developer,java,javascript,react,data",india,"career,growth",medium,3,22823.89,increasing,1,1
bachelors,computer science,"software,engineer,java,sql,javascript,react",india,"career,growth",medium,5,24739.07,increasing,1,1
bachelors,computer science,"software,engineer",india,"career,growth",medium,5,16178.89,increasing,1,1
bachelors,computer science,"devops,engineer,sql",india,"career,growth",medium,3,15941.36,increasing,0,0
bachelors,computer science,"django,developer,python,java,sql,javascript,react,machine learning,data",india,"career,growth",medium,1,16823.63,increasing,0,0
bachelors,data science,"machine,learning,python",india,"career,growth",medium,3,15316.01,stable,1,0
bachelors,computer science,"node,developer,java,sql,javascript,data",india,"career,growth",medium,5,20433.19,increasing,0,0
bachelors,computer science,"php,developer,java,sql,javascript,data",india,"career,growth",medium,1,20741.65,increasing,1,1
bachelors,computer science,"flutter,developer,java,javascript",india,"career,growth",medium,1,23556.19,increasing,1,0
bachelors,computer science,"software,engineer,python,sql,data",india,"career,growth",medium,1,17359.36,increasing,1,0
bachelors,computer science,"django,developer,python,machine learning",india,"career,growth",medium,1,18495.53,increasing,1,1
bachelors,computer science,"backend,developer,java,sql,javascript,react,data",india,"career,growth",medium,2,23199.91,increasing,1,0
bachelors,computer science,"ios,developer,java,javascript,react",india,"career,growth",medium,5,23118.09,increasing,1,0
bachelors,computer science,"php,developer,java,sql,data",india,"career,growth",medium,1,22732.78,increasing,1,0
bachelors,data science,"machine,learning,python,java,javascript,machine learning,data",india,"career,growth",medium,2,16128.22,stable,1,1
bachelors,computer science,"backend,developer,java",india,"career,growth",medium,2,20738.48,increasing,0,1
bachelors,computer science,"django,developer,python,sql,machine learning,data",india,"career,growth",medium,0,14079.61,increasing,1,0
bachelors,computer science,"ios,developer,java,javascript,data",india,"career,growth",medium,0,22728.44,increasing,1,1
bachelors,computer science,"node,developer,sql,data",india,"career,growth",medium,4,24181.9,increasing,0,1
bachelors,computer science,"backend,developer,java,sql,react,data",india,"career,growth",medium,3,15470.35,increasing,0,1
bachelors,computer science,"full,stack,developer,java,react,data",india,"career,growth",medium,5,20582.27,increasing,1,1
bachelors,computer science,"full,stack,developer,sql,data",india,"career,growth",medium,4,14034.76,increasing,1,1
bachelors,computer science,"software,engineer,java,sql,javascript",india,"career,growth",medium,1,21813.91,increasing,1,1
bachelors,computer science,"php,developer,python,sql,data",india,"career,growth",medium,3,14555.16,increasing,1,0
bachelors,computer science,"java,developer,sql,javascript,data",india,"career,growth",medium,4,17139.34,increasing,1,1
bachelors,computer science,"full,stack,developer,react,data",india,"career,growth",medium,4,23490.61,increasing,1,1
bachelors,computer science,"software,engineer",india,"career,growth",medium,0,14311.1,increasing,0,1
bachelors,computer science,"javascript,developer,java,react,data",india,"career,growth",medium,4,15051.61,increasing,1,0
bachelors,engineering,"network,administrator,java",india,"career,growth",medium,1,24252.05,stable,0,1
bachelors,computer science,"java,developer,sql,react,data",india,"career,growth",medium,5,14935.66,increasing,1,0
bachelors,computer science,"wordpress,developer,java,sql,javascript,react",india,"career,growth",medium,3,23297.46,increasing,1,1
bachelors,computer science,"software,engineer,react",india,"career,growth",medium,5,20140.09,increasing,1,0
bachelors,computer science,"software,engineer,java",india,"career,growth",medium,2,19788.4,increasing,0,0
bachelors,computer science,"backend,developer,java,sql,javascript",india,"career,growth",medium,3,17852.52,increasing,1,1
bachelors,computer science,"devops,engineer,python,java,data",india,"career,growth",medium,1,18146.87,increasing,0,1
bachelors,computer science,"django,developer,java,javascript,react,machine learning,data",india,"career,growth",medium,0,17466.91,increasing,0,0
bachelors,computer science,"full,stack,developer",india,"career,growth",medium,4,21444.8,increasing,0,0
bachelors,computer science,"php,developer,data",india,"career,growth",medium,3,23129.51,increasing,1,1
bachelors,computer science,"node,developer,java,sql,javascript,react",india,"career,growth",medium,1,22022.21,increasing,0,0
bachelors,computer science,"backend,developer,java,sql,data",india,"career,growth",medium,0,20240.74,increasing,0,1
bachelors,computer science,"java,developer,data",india,"career,growth",medium,5,20936.84,increasing,1,1
bachelors,computer science,"javascript,developer,java,sql,react,data",india,"career,growth",medium,4,18644.43,increasing,0,0
bachelors,computer science,"full,stack,developer,python",india,"career,growth",medium,1,19895.78,increasing,1,0
bachelors,computer science,"backend,developer,python,java,sql",india,"career,growth",medium,1,24370.23,increasing,0,1
bachelors,computer science,"django,developer,python,sql,react",india,"career,growth",medium,3,17691.3,increasing,0,1
bachelors,computer science,"java,developer,python,machine learning,data",india,"career,growth",medium,3,19067.33,increasing,0,1
bachelors,engineering,"network,administrator,data",india,"career,growth",medium,2,20290.97,stable,0,1
bachelors,computer science,"django,developer,python,java,sql,javascript,react,data",india,"career,growth",medium,3,19041.94,increasing,0,0
bachelors,computer science,"ios,developer",india,"career,growth",medium,5,16656.22,increasing,1,1
bachelors,computer science,"django,developer,python,sql,machine learning,data",india,"career,growth",medium,4,19573.95,increasing,0,1
bachelors,computer science,"node,developer,react",india,"career,growth",medium,3,15684.25,increasing,0,1
bachelors,computer science,"backend,developer,java,javascript",india,"career,growth",medium,5,19042.04,increasing,0,0
bachelors,computer science,"software,engineer,java,javascript,react",india,"career,growth",medium,2,17223.05,increasing,1,0
bachelors,computer science,"backend,developer,react,data",india,"career,growth",medium,5,16597.53,increasing,0,0
bachelors,engineering,"network,administrator,python",india,"career,growth",medium,1,20185.19,stable,1,1
bachelors,computer science,"backend,developer,java,sql",india,"career,growth",medium,5,15000.01,increasing,1,1
bachelors,computer science,"php,developer,java,sql,javascript,react,data",india,"career,growth",medium,4,17474.37,increasing,0,1
bachelors,computer science,"node,developer,java,sql,javascript,data",india,"career,growth",medium,1,14593.26,increasing,0,1
bachelors,computer science,"software,engineer,java",india,"career,growth",medium,1,21012.55,increasing,1,1
bachelors,computer science,"node,developer,sql,react,data",india,"career,growth",medium,2,15031.33,increasing,0,1
bachelors,computer science,"node,developer,java,sql,javascript,react,data",india,"career,growth",medium,2,24037.78,increasing,0,1
bachelors,computer science,"backend,developer,java,sql,javascript,react",india,"career,growth",medium,1,22653.36,increasing,0,0
bachelors,computer science,"devops,engineer,python,sql,data",india,"career,growth",medium,2,14643.44,increasing,0,0
bachelors,computer science,"javascript,developer,java,sql,react,data",india,"career,growth",medium,1,23390.33,increasing,1,0
bachelors,computer science,"devops,engineer,python",india,"career,growth",medium,1,24417.79,increasing,0,1
bachelors,computer science,"php,developer,java,sql,javascript",india,"career,growth",medium,3,14319.8,increasing,1,0
bachelors,computer science,"node,developer,python,java,sql,javascript,data",india,"career,growth",medium,5,18488.26,increasing,1,1
bachelors,computer science,"node,developer,java,sql,react,data",india,"career,growth",medium,5,23009.04,increasing,0,0
bachelors,computer science,"flutter,developer,java",india,"career,growth",medium,2,14390.33,increasing,1,1
bachelors,computer science,"devops,engineer,python,java,data",india,"career,growth",medium,0,19567.58,increasing,1,0
bachelors,computer science,"software,engineer",india,"career,growth",medium,4,23205.46,increasing,1,1
bachelors,computer science,"ios,developer,java,sql,javascript,data",india,"career,growth",medium,1,15331.24,increasing,0,0
bachelors,computer science,"django,developer,sql,data",india,"career,growth",medium,1,14306.38,increasing,0,0
bachelors,computer science,"ios,developer,java",india,"career,growth",medium,1,15953.22,increasing,0,0
bachelors,computer science,"wordpress,developer,sql",india,"career,growth",medium,0,14605.25,increasing,0,0
bachelors,engineering,"network,administrator,python,java,sql,javascript,data",india,"career,growth",medium,4,14124.65,stable,1,0
bachelors,computer science,"backend,developer,java,data",india,"career,growth",medium,5,18052.0,increasing,0,0
bachelors,computer science,"node,developer",india,"career,growth",medium,2,18381.77,increasing,1,0
bachelors,computer science,"java,developer,sql",india,"career,growth",medium,5,18729.68,increasing,0,0
bachelors,computer science,"java,developer,python,sql",india,"career,growth",medium,3,13962.42,increasing,1,1
bachelors,computer science,"django,developer,python,java,javascript",india,"career,growth",medium,0,24850.77,increasing,1,0
bachelors,computer science,"devops,engineer,sql,data",india,"career,growth",medium,4,21925.9,increasing,0,0
bachelors,computer science,"devops,engineer,python,sql,data",india,"career,growth",medium,4,20163.95,increasing,1,1
bachelors,computer science,"full,stack,developer,java,sql,javascript",india,"career,growth",medium,1,21491.54,increasing,1,1
bachelors,computer science,"ios,developer,java",india,"career,growth",medium,0,16373.9,increasing,0,0
bachelors,computer science,"backend,developer,python,java,sql,javascript,react,machine learning,data",india,"career,growth",medium,5,19271.25,increasing,1,0
bachelors,computer science,"django,developer,data",india,"career,growth",medium,4,16781.29,increasing,1,1
bachelors,computer science,"devops,engineer,java,data",india,"career,growth",medium,0,15504.51,increasing,0,1
bachelors,computer science,"php,developer",india,"career,growth",medium,2,17398.08,increasing,0,0
bachelors,computer science,"ios,developer,sql,data",india,"career,growth",medium,5,24571.26,increasing,0,1
bachelors,computer science,"software,engineer,java,javascript",india,"career,growth",medium,5,19012.7,increasing,0,0
bachelors,computer science,"software,engineer,python,sql,data",india,"career,growth",medium,3,13938.44,increasing,1,0
bachelors,computer science,"ios,developer,sql",india,"career,growth",medium,3,21546.53,increasing,1,1
bachelors,computer science,"node,developer,python,react",india,"career,growth",medium,4,14411.24,increasing,1,0
bachelors,computer science,"node,developer,java,javascript",india,"career,growth",medium,0,21313.52,increasing,1,0
bachelors,computer science,"full,stack,developer,python,sql,react,machine learning,data",india,"career,growth",medium,3,15933.42,increasing,1,1
bachelors,computer science,"flutter,developer,java,sql,javascript,data",india,"career,growth",medium,0,24696.01,increasing,0,1
bachelors,computer science,"flutter,developer,java,data",india,"career,growth",medium,1,16404.26,increasing,0,0
bachelors,computer science,"java,developer,javascript",india,"career,growth",medium,1,24552.75,increasing,1,0
bachelors,computer science,"node,developer,java,javascript,react,data",india,"career,growth",medium,5,14182.05,increasing,1,1
bachelors,computer science,"software,engineer,java,data",india,"career,growth",medium,0,18667.87,increasing,0,0
bachelors,computer science,"javascript,developer,java,sql,data",india,"career,growth",medium,1,16166.67,increasing,1,1
bachelors,computer science,"javascript,developer,python,data",india,"career,growth",medium,5,13571.5,increasing,1,0
bachelors,computer science,"php,developer,java,sql,data",india,"career,growth",medium,2,24245.79,increasing,1,0
bachelors,computer science,"node,developer,react",india,"career,growth",medium,2,21623.49,increasing,0,1
bachelors,computer science,"backend,developer,java,sql,javascript,react,data",india,"career,growth",medium,0,13489.84,increasing,0,0
bachelors,computer science,"software,engineer,python,sql,data",india,"career,growth",medium,0,18607.27,increasing,0,0
bachelors,data science,"machine,learning,python,java,sql,javascript,machine learning,data",india,"career,growth",medium,1,21847.74,stable,0,1
bachelors,computer science,"full,stack,developer,python,java,sql,javascript,data",india,"career,growth",medium,2,16992.85,increasing,1,1
bachelors,data science,"machine,learning,python,java,sql,data",india,"career,growth",medium,0,20176.64,stable,0,1
bachelors,engineering,"database,administrator,java,sql,javascript,data",india,"career,growth",medium,5,23184.31,increasing,0,0
bachelors,computer science,"wordpress,developer,java,sql,javascript",india,"career,growth",medium,4,23419.94,increasing,1,0
bachelors,computer science,"full,stack,developer,python,java,sql,data",india,"career,growth",medium,5,13981.43,increasing,1,0
bachelors,computer science,"devops,engineer,python,sql",india,"career,growth",medium,5,17131.71,increasing,0,0
bachelors,computer science,"wordpress,developer",india,"career,growth",medium,5,19958.66,increasing,1,0
bachelors,computer science,"javascript,developer,java",india,"career,growth",medium,3,24867.09,increasing,1,1
bachelors,computer science,"wordpress,developer,java,sql,javascript,react,data",india,"career,growth",medium,2,16557.69,increasing,0,0
bachelors,data science,"machine,learning,sql,machine learning,data",india,"career,growth",medium,0,20201.67,stable,0,0
bachelors,computer science,"full,stack,developer,python,react,data",india,"career,growth",medium,1,18261.66,increasing,1,1
bachelors,computer science,"ios,developer,java,sql",india,"career,growth",medium,2,22146.63,increasing,0,1
bachelors,engineering,"network,administrator,java,javascript,react",india,"career,growth",medium,3,21500.26,stable,0,0
bachelors,computer science,"backend,developer,python,sql",india,"career,growth",medium,1,21505.23,increasing,0,0
bachelors,computer science,"ios,developer,sql",india,"career,growth",medium,1,24857.8,increasing,1,0
bachelors,computer science,"node,developer,sql,react,data",india,"career,growth",medium,3,19567.12,increasing,0,1
bachelors,computer science,"java,developer,python,sql,javascript,data",india,"career,growth",medium,1,17923.63,increasing,1,0
bachelors,computer science,"django,developer,python,java,javascript",india,"career,growth",medium,4,20795.97,increasing,1,0
bachelors,computer science,"flutter,developer,java,react",india,"career,growth",medium,5,21871.59,increasing,1,1
bachelors,computer science,"full,stack,developer,java,javascript,react,data",india,"career,growth",medium,0,21422.76,increasing,0,1
bachelors,computer science,"javascript,developer,java,sql,react",india,"career,growth",medium,4,19936.94,increasing,0,0
bachelors,computer science,"backend,developer,java,sql,data",india,"career,growth",medium,5,19571.48,increasing,0,0
bachelors,computer science,"backend,developer,python,data",india,"career,growth",medium,5,14664.03,increasing,1,0
bachelors,computer science,"wordpress,developer,java,javascript,data",india,"career,growth",medium,1,17335.19,increasing,0,0
bachelors,computer science,"software,engineer,python,java,data",india,"career,growth",medium,5,24247.0,increasing,1,1
bachelors,computer science,"devops,engineer,java,data",india,"career,growth",medium,3,23629.81,increasing,0,1
bachelors,computer science,"javascript,developer,java,sql,data",india,"career,growth",medium,4,19253.44,increasing,0,0
bachelors,computer science,"software,engineer,java,data",india,"career,growth",medium,5,21339.59,increasing,0,1
bachelors,computer science,"javascript,developer,java,react,data",india,"career,growth",medium,2,18270.72,increasing,1,1
bachelors,computer science,"php,developer,python",india,"career,growth",medium,4,18458.92,increasing,0,1
bachelors,computer science,"javascript,developer,python,java,react,data",india,"career,growth",medium,3,18155.23,increasing,1,0
bachelors,computer science,"full,stack,developer,java,javascript",india,"career,growth",medium,2,21119.7,increasing,0,1
bachelors,engineering,"database,administrator,java,sql,data",india,"career,growth",medium,0,21466.03,increasing,1,1
bachelors,computer science,"flutter,developer,react,data",india,"career,growth",medium,2,23205.38,increasing,1,1
bachelors,computer science,"wordpress,developer,java,sql,javascript,data",india,"career,growth",medium,4,13859.88,increasing,1,0
bachelors,computer science,"javascript,developer,python,java,sql,react,data",india,"career,growth",medium,2,23137.18,increasing,0,0
bachelors,computer science,"full,stack,developer,data",india,"career,growth",medium,1,23660.98,increasing,0,1
bachelors,computer science,"flutter,developer,sql",india,"career,growth",medium,0,17469.32,increasing,0,1
bachelors,engineering,"network,administrator,python,data",india,"career,growth",medium,2,23167.85,stable,0,0
bachelors,computer science,"software,engineer,java,javascript",india,"career,growth",medium,0,17272.34,increasing,1,0
bachelors,computer science,"javascript,developer,python,java,sql",india,"career,growth",medium,1,19753.53,increasing,1,1
bachelors,computer science,"flutter,developer,sql",india,"career,growth",medium,2,19291.23,increasing,1,0
bachelors,computer science,"backend,developer,java,sql,javascript,data",india,"career,growth",medium,4,22503.49,increasing,0,1
bachelors,computer science,"php,developer,data",india,"career,growth",medium,5,23646.51,increasing,0,0
bachelors,computer science,"java,developer,sql,javascript",india,"career,growth",medium,0,18467.06,increasing,0,1
bachelors,computer science,"software,engineer,java",india,"career,growth",medium,3,14788.95,increasing,1,0
bachelors,computer science,"django,developer,python,sql,react,machine learning,data",india,"career,growth",medium,3,17218.76,increasing,1,0
bachelors,computer science,"ios,developer,sql,data",india,"career,growth",medium,1,14033.15,increasing,1,0
bachelors,computer science,"devops,engineer,python,java",india,"career,growth",medium,5,15102.03,increasing,1,1
bachelors,computer science,"devops,engineer,java,machine learning,data",india,"career,growth",medium,2,14134.88,increasing,1,0
bachelors,computer science,"java,developer,sql,machine learning,data",india,"career,growth",medium,5,16293.94,increasing,0,1
bachelors,computer science,"java,developer,sql,javascript",india,"career,growth",medium,5,16650.04,increasing,0,1
bachelors,computer science,"node,developer,data",india,"career,growth",medium,4,13889.56,increasing,0,0
bachelors,computer science,"full,stack,developer,java,javascript,react",india,"career,growth",medium,4,21666.04,increasing,0,0
bachelors,computer science,"flutter,developer,data",india,"career,growth",medium,3,21424.78,increasing,1,1
bachelors,computer science,"backend,developer,python,java,sql,javascript,react,data",india,"career,growth",medium,2,20721.43,increasing,1,0
bachelors,computer science,"javascript,developer,python,java,react,data",india,"career,growth",medium,2,16980.38,increasing,0,0
bachelors,computer science,"javascript,developer",india,"career,growth",medium,3,14196.27,increasing,0,1
bachelors,computer science,"javascript,developer,python,java,data",india,"career,growth",medium,2,21485.04,increasing,1,0
bachelors,data science,"machine,learning,python,machine learning",india,"career,growth",medium,4,18745.56,stable,1,1
bachelors,engineering,"database,administrator,python,data",india,"career,growth",medium,2,18723.58,increasing,1,1
bachelors,computer science,"devops,engineer,python,machine learning,data",india,"career,growth",medium,4,23017.81,increasing,0,1
bachelors,computer science,"devops,engineer,java,sql",india,"career,growth",medium,2,22965.05,increasing,1,1
bachelors,computer science,"django,developer,python,sql,react,data",india,"career,growth",medium,5,18683.89,increasing,0,0
bachelors,computer science,"software,engineer,java,sql,react,data",india,"career,growth",medium,0,15076.44,increasing,0,0
bachelors,computer science,"backend,developer,java,data",india,"career,growth",medium,2,24431.95,increasing,0,0
bachelors,computer science,"php,developer,python,sql",india,"career,growth",medium,4,21937.96,increasing,0,0
bachelors,computer science,"devops,engineer,sql,data",india,"career,growth",medium,1,16737.86,increasing,1,1
bachelors,computer science,"software,engineer,react,data",india,"career,growth",medium,0,22008.16,increasing,1,1
bachelors,computer science,"backend,developer,java,sql,javascript,data",india,"career,growth",medium,3,17778.59,increasing,1,0
bachelors,computer science,"flutter,developer,java,sql",india,"career,growth",medium,5,21136.84,increasing,1,0
bachelors,computer science,"django,developer",india,"career,growth",medium,0,22025.5,increasing,1,0
bachelors,computer science,"full,stack,developer,java,sql",india,"career,growth",medium,0,15458.25,increasing,1,1
bachelors,computer science,"backend,developer,python,java,sql",india,"career,growth",medium,4,24901.88,increasing,0,0
bachelors,computer science,"java,developer,javascript",india,"career,growth",medium,0,21039.57,increasing,0,1
bachelors,computer science,"backend,developer,python",india,"career,growth",medium,2,14720.71,increasing,1,0
bachelors,computer science,"javascript,developer",india,"career,growth",medium,5,20025.34,increasing,0,1
bachelors,computer science,"software,engineer,java,javascript,data",india,"career,growth",medium,1,24458.37,increasing,1,0
bachelors,computer science,"full,stack,developer,java,sql,javascript",india,"career,growth",medium,2,16388.52,increasing,1,0
bachelors,computer science,"flutter,developer,java",india,"career,growth",medium,3,22658.09,increasing,0,1
bachelors,computer science,"flutter,developer,java,sql,data",india,"career,growth",medium,5,23522.69,increasing,0,1
bachelors,computer science,"java,developer,javascript,react,data",india,"career,growth",medium,4,22522.0,increasing,0,1
bachelors,computer science,"javascript,developer,data",india,"career,growth",medium,2,21392.97,increasing,0,0
bachelors,computer science,"django,developer,python,react,data",india,"career,growth",medium,3,20628.47,increasing,1,1
bachelors,computer science,"software,engineer,python,data",india,"career,growth",medium,0,24821.61,increasing,0,0
bachelors,computer science,"java,developer,sql,javascript",india,"career,growth",medium,3,24976.52,increasing,0,1
bachelors,computer science,"backend,developer",india,"career,growth",medium,2,14602.5,increasing,0,0
bachelors,computer science,"ios,developer,java,data",india,"career,growth",medium,0,15418.41,increasing,1,0
bachelors,computer science,"devops,engineer,java,javascript,data",india,"career,growth",medium,5,17220.1,increasing,1,1
bachelors,computer science,"django,developer,python,java,sql,javascript,react,data",india,"career,growth",medium,2,21188.16,increasing,0,0
bachelors,computer science,"full,stack,developer,python,java,sql,javascript,data",india,"career,growth",medium,1,18243.3,increasing,1,1
bachelors,computer science,"django,developer,python,java,javascript",india,"career,growth",medium,3,20366.4,increasing,1,0
bachelors,computer science,"flutter,developer,python,java",india,"career,growth",medium,3,20537.77,increasing,1,1
bachelors,computer science,"java,developer,sql",india,"career,growth",medium,1,19488.57,increasing,0,1
bachelors,computer science,"devops,engineer,java,javascript,react",india,"career,growth",medium,0,15545.87,increasing,0,1
bachelors,computer science,"node,developer",india,"career,growth",medium,5,21824.85,increasing,1,0
bachelors,computer science,"devops,engineer,python,java,javascript",india,"career,growth",medium,3,21239.82,increasing,0,0
bachelors,computer science,"devops,engineer,java",india,"career,growth",medium,2,23193.63,increasing,0,1
bachelors,computer science,"full,stack,developer,java,sql,javascript,react,data",india,"career,growth",medium,5,15798.13,increasing,0,0
bachelors,computer science,"java,developer,data",india,"career,growth",medium,1,18981.51,increasing,1,0
bachelors,computer science,"ios,developer,react,data",india,"career,growth",medium,2,23410.93,increasing,1,1
bachelors,computer science,"php,developer,react",india,"career,growth",medium,2,23382.19,increasing,1,0
bachelors,computer science,"java,developer,sql,machine learning",india,"career,growth",medium,2,14225.76,increasing,0,1
bachelors,computer science,"flutter,developer,java,data",india,"career,growth",medium,4,21609.19,increasing,1,1
bachelors,computer science,"php,developer,python,java,javascript",india,"career,growth",medium,5,22171.99,increasing,1,1
bachelors,computer science,"software,engineer,java,javascript",india,"career,growth",medium,3,19809.03,increasing,1,1
bachelors,computer science,"ios,developer,sql,data",india,"career,growth",medium,3,23215.15,increasing,1,1
bachelors,computer science,"software,engineer,python",india,"career,growth",medium,3,18641.69,increasing,0,1
bachelors,computer science,"django,developer,python,react",india,"career,growth",medium,2,18659.01,increasing,0,0
bachelors,computer science,"wordpress,developer,java,javascript,react,data",india,"career,growth",medium,2,15447.28,increasing,1,0
bachelors,computer science,"django,developer,python,java,javascript,react,data",india,"career,growth",medium,2,15329.97,increasing,1,0
bachelors,computer science,"software,engineer,java,sql,data",india,"career,growth",medium,4,18671.49,increasing,0,1
bachelors,computer science,"node,developer,java,javascript",india,"career,growth",medium,4,13517.96,increasing,1,0
bachelors,computer science,"wordpress,developer,data",india,"career,growth",medium,2,17150.07,increasing,1,0
bachelors,computer science,"backend,developer",india,"career,growth",medium,4,15205.92,increasing,1,1
bachelors,computer science,"backend,developer,java,javascript,data",india,"career,growth",medium,3,14214.7,increasing,1,0
bachelors,computer science,"php,developer,java,javascript,data",india,"career,growth",medium,2,18673.6,increasing,1,0
bachelors,computer science,"php,developer,java,sql",india,"career,growth",medium,0,20262.82,increasing,1,1
bachelors,computer science,"java,developer,python,sql,javascript",india,"career,growth",medium,4,24526.21,increasing,0,0
bachelors,computer science,"java,developer,react",india,"career,growth",medium,0,23887.16,increasing,1,0
bachelors,computer science,"django,developer,python,sql,react",india,"career,growth",medium,4,20852.29,increasing,1,0
bachelors,computer science,"software,engineer,java,sql,javascript,react,data",india,"career,growth",medium,2,18519.78,increasing,0,1
bachelors,computer science,"full,stack,developer,java,sql,javascript,react",india,"career,growth",medium,0,24609.83,increasing,1,1
bachelors,computer science,"django,developer,python,sql",india,"career,growth",medium,3,14118.91,increasing,0,1
bachelors,computer science,"java,developer,sql,javascript,data",india,"career,growth",medium,3,14750.23,increasing,0,0
bachelors,computer science,"software,engineer,python,java,sql,javascript,react,data",india,"career,growth",medium,4,22319.57,increasing,0,1
bachelors,computer science,"django,developer,python,java,javascript,react,data",india,"career,growth",medium,0,18401.6,increasing,0,0
bachelors,computer science,"backend,developer,python,java,sql,javascript,data",india,"career,growth",medium,1,20505.75,increasing,1,0
bachelors,computer science,"node,developer,python,java,javascript,react",india,"career,growth",medium,5,20360.91,increasing,1,0
bachelors,computer science,"full,stack,developer",india,"career,growth",medium,2,24134.84,increasing,1,0
bachelors,computer science,"backend,developer,java,sql,data",india,"career,growth",medium,4,15190.38,increasing,0,0
bachelors,computer science,"software,engineer,sql,data",india,"career,growth",medium,1,24515.3,increasing,1,0
bachelors,data science,"machine,learning,python,java,sql,machine learning,data",india,"career,growth",medium,5,22750.18,stable,0,1
bachelors,computer science,"node,developer,java,javascript,react,data",india,"career,growth",medium,1,24942.2,increasing,0,1
bachelors,computer science,"wordpress,developer,java,sql,javascript,data",india,"career,growth",medium,2,23660.42,increasing,0,0
bachelors,computer science,"php,developer",india,"career,growth",medium,4,16570.53,increasing,1,1
bachelors,computer science,"software,engineer,java,sql,javascript,react",india,"career,growth",medium,0,16033.64,increasing,0,0
bachelors,data science,"machine,learning",india,"career,growth",medium,2,19401.04,stable,0,1
bachelors,engineering,"database,administrator,python,sql,data",india,"career,growth",medium,0,19592.39,increasing,0,1
bachelors,computer science,"backend,developer,java,javascript,data",india,"career,growth",medium,4,17744.38,increasing,0,0
bachelors,computer science,"software,engineer,sql,data",india,"career,growth",medium,2,20077.4,increasing,1,1
bachelors,data science,"machine,learning,python,java,machine learning,data",india,"career,growth",medium,5,19382.61,stable,0,0
bachelors,computer science,"java,developer,sql,javascript",india,"career,growth",medium,4,16247.98,increasing,0,1
bachelors,computer science,"backend,developer,sql",india,"career,growth",medium,2,15189.04,increasing,0,0
bachelors,computer science,"javascript,developer,react",india,"career,growth",medium,0,23658.34,increasing,1,1
bachelors,engineering,"network,administrator,sql,data",india,"career,growth",medium,1,13614.41,stable,1,0
bachelors,computer science,"ios,developer,react",india,"career,growth",medium,3,17820.13,increasing,1,1
bachelors,computer science,"backend,developer,python,java,javascript,react",india,"career,growth",medium,0,18276.1,increasing,1,0
bachelors,computer science,"ios,developer,java",india,"career,growth",medium,4,21758.88,increasing,0,1
bachelors,computer science,"php,developer,python,java,sql,javascript",india,"career,growth",medium,3,17962.53,increasing,1,1
bachelors,computer science,"devops,engineer",india,"career,growth",medium,3,18396.63,increasing,0,0
bachelors,computer science,"java,developer,sql",india,"career,growth",medium,2,14674.34,increasing,0,0
bachelors,engineering,"database,administrator,react,data",india,"career,growth",medium,5,16379.02,increasing,1,0
bachelors,computer science,"node,developer,react,data",india,"career,growth",medium,2,17647.63,increasing,1,1
bachelors,computer science,"software,engineer,python,java,machine learning,data",india,"career,growth",medium,0,19517.48,increasing,1,1
bachelors,computer science,"javascript,developer,java,react,machine learning,data",india,"career,growth",medium,4,17165.47,increasing,0,0
bachelors,computer science,"backend,developer,python,java,sql,data",india,"career,growth",medium,0,23821.63,increasing,1,1
bachelors,computer science,"ios,developer,java,javascript,data",india,"career,growth",medium,3,20723.27,increasing,1,1
bachelors,computer science,"devops,engineer,python,java,sql,javascript,data",india,"career,growth",medium,5,19165.39,increasing,1,0
bachelors,computer science,"node,developer,java,sql,javascript,react,data",india,"career,growth",medium,5,16732.09,increasing,0,0
bachelors,computer science,"full,stack,developer,java",india,"career,growth",medium,2,20466.72,increasing,1,1
bachelors,computer science,"node,developer,java",india,"career,growth",medium,3,20245.41,increasing,0,1
bachelors,computer science,"full,stack,developer,python,java,javascript,react",india,"career,growth",medium,4,18783.37,increasing,1,1
bachelors,computer science,"wordpress,developer,sql",india,"career,growth",medium,2,18218.59,increasing,1,1
bachelors,computer science,"java,developer,sql,javascript,react,machine learning,data",india,"career,growth",medium,5,23334.43,increasing,0,0
bachelors,engineering,"network,administrator,sql,data",india,"career,growth",medium,3,14429.8,stable,1,0
bachelors,computer science,"full,stack,developer,java,javascript,data",india,"career,growth",medium,0,18906.92,increasing,0,1
bachelors,computer science,"django,developer,python,java,sql,javascript,machine learning,data",india,"career,growth",medium,5,19040.22,increasing,1,0
bachelors,computer science,"devops,engineer,java,data",india,"career,growth",medium,4,20007.19,increasing,0,0
bachelors,computer science,"java,developer,data",india,"career,growth",medium,2,14611.92,increasing,1,0
bachelors,computer science,"software,engineer,java,sql",india,"career,growth",medium,0,18590.66,increasing,0,1
bachelors,computer science,"django,developer,sql,data",india,"career,growth",medium,5,21932.96,increasing,1,1
bachelors,computer science,"wordpress,developer,java,javascript,react",india,"career,growth",medium,3,17707.58,increasing,0,1
bachelors,computer science,"node,developer,java,sql,javascript",india,"career,growth",medium,2,17980.26,increasing,1,1
bachelors,computer science,"java,developer,sql,data",india,"career,growth",medium,5,20138.88,increasing,0,0
bachelors,computer science,"flutter,developer,data",india,"career,growth",medium,5,13536.49,increasing,0,0
bachelors,computer science,"software,engineer,python,sql,machine learning,data",india,"career,growth",medium,1,17202.0,increasing,1,0
bachelors,engineering,"network,administrator,python,data",india,"career,growth",medium,0,22756.99,stable,0,1
bachelors,computer science,"django,developer,python,sql",india,"career,growth",medium,1,20967.43,increasing,0,0
bachelors,computer science,"javascript,developer,sql,react,machine learning,data",india,"career,growth",medium,3,17793.87,increasing,1,1
bachelors,computer science,"devops,engineer,python,java,sql,data",india,"career,growth",medium,0,19228.4,increasing,1,1
bachelors,computer science,"node,developer,data",india,"career,growth",medium,5,22807.0,increasing,0,1
bachelors,computer science,"java,developer,python,react,machine learning,data",india,"career,growth",medium,5,15920.33,increasing,1,0
bachelors,computer science,"node,developer,java,sql,react,data",india,"career,growth",medium,3,22031.01,increasing,0,0
bachelors,computer science,"software,engineer,python,java,javascript,data",india,"career,growth",medium,0,21821.17,increasing,0,0
bachelors,computer science,"java,developer,sql,javascript,react,data",india,"career,growth",medium,1,22194.56,increasing,0,0
bachelors,computer science,"software,engineer,java,react,data",india,"career,growth",medium,2,22622.64,increasing,0,1
bachelors,computer science,"backend,developer,java,sql,data",india,"career,growth",medium,1,21761.01,increasing,0,1
bachelors,computer science,"full,stack,developer",india,"career,growth",medium,5,18068.77,increasing,0,0
bachelors,computer science,"ios,developer,react",india,"career,growth",medium,5,22092.81,increasing,1,1
bachelors,computer science,"javascript,developer,python,java,react,data",india,"career,growth",medium,5,20785.39,increasing,0,0
bachelors,computer science,"flutter,developer,java,javascript,data",india,"career,growth",medium,1,15615.84,increasing,1,1
bachelors,computer science,"java,developer,python,sql",india,"career,growth",medium,1,16247.8,increasing,0,1
bachelors,computer science,"devops,engineer,python,java,react,machine learning,data",india,"career,growth",medium,2,23338.1,increasing,1,0
bachelors,computer science,"wordpress,developer,sql",india,"career,growth",medium,3,23354.96,increasing,1,0
bachelors,computer science,"full,stack,developer,java,sql,data",india,"career,growth",medium,3,20657.07,increasing,0,0
bachelors,data science,"machine,learning,python,sql,data",india,"career,growth",medium,4,21888.84,stable,0,0
bachelors,computer science,"backend,developer,java",india,"career,growth",medium,3,24397.02,increasing,1,1
bachelors,computer science,"php,developer,python,java,sql,javascript,data",india,"career,growth",medium,2,18976.71,increasing,0,0
bachelors,data science,"machine,learning,data",india,"career,growth",medium,2,15345.72,stable,1,1
bachelors,computer science,"software,engineer,java,sql,javascript,react,data",india,"career,growth",medium,3,22621.52,increasing,1,0
bachelors,computer science,"django,developer,python,java,sql,data",india,"career,growth",medium,2,14118.02,increasing,1,1
bachelors,computer science,"php,developer,python,java,sql,javascript",india,"career,growth",medium,5,21544.24,increasing,1,0
bachelors,computer science,"php,developer,python,java,sql,javascript,react,data",india,"career,growth",medium,5,16577.32,increasing,0,0
bachelors,computer science,"node,developer,java,javascript,react,data",india,"career,growth",medium,3,13963.96,increasing,0,0
bachelors,data science,"machine,learning,python,react,machine learning,data",india,"career,growth",medium,3,17254.4,stable,1,0
bachelors,computer science,"backend,developer,data",india,"career,growth",medium,2,22394.59,increasing,0,1
bachelors,computer science,"software,engineer,java,sql,javascript,data",india,"career,growth",medium,0,20789.42,increasing,1,0
bachelors,computer science,"software,engineer,java,sql",india,"career,growth",medium,5,18302.55,increasing,0,1
bachelors,computer science,"devops,engineer,python,java,javascript",india,"career,growth",medium,5,14333.53,increasing,0,0
bachelors,computer science,"javascript,developer,java,sql",india,"career,growth",medium,1,22273.13,increasing,1,0
bachelors,computer science,"devops,engineer,python,sql",india,"career,growth",medium,0,20453.57,increasing,0,0
bachelors,computer science,"backend,developer,sql,data",india,"career,growth",medium,2,18051.52,increasing,1,0
bachelors,computer science,"backend,developer,python,java,sql,javascript,data",india,"career,growth",medium,3,21667.38,increasing,1,0
bachelors,computer science,"java,developer,sql,data",india,"career,growth",medium,3,19169.49,increasing,0,0
bachelors,computer science,"devops,engineer,python,java,javascript",india,"career,growth",medium,0,25009.03,increasing,0,1
bachelors,computer science,"ios,developer,sql",india,"career,growth",medium,4,19651.95,increasing,0,1
bachelors,engineering,"database,administrator,python,sql,machine learning,data",india,"career,growth",medium,1,18469.18,increasing,0,1
bachelors,computer science,"software,engineer,python,java,sql,javascript,data",india,"career,growth",medium,2,24154.85,increasing,0,0
bachelors,computer science,"django,developer,python,java,sql,javascript,data",india,"career,growth",medium,3,20128.73,increasing,1,1
bachelors,computer science,"backend,developer,java,sql,javascript,data",india,"career,growth",medium,5,15030.97,increasing,1,0
bachelors,engineering,"network,administrator,java,sql,javascript,data",india,"career,growth",medium,3,15657.14,stable,0,1
bachelors,computer science,"node,developer,react",india,"career,growth",medium,1,24911.53,increasing,1,1
bachelors,computer science,"full,stack,developer,python,react",india,"career,growth",medium,3,24167.86,increasing,0,0
bachelors,computer science,"full,stack,developer,java,javascript,data",india,"career,growth",medium,5,23122.79,increasing,0,1
bachelors,computer science,"backend,developer,java,sql,javascript,data",india,"career,growth",medium,0,14872.55,increasing,0,1
bachelors,computer science,"backend,developer,python,java,sql,data",india,"career,growth",medium,4,18471.55,increasing,1,1
bachelors,data science,"machine,learning,python,java,sql,javascript,machine learning,data",india,"career,growth",medium,4,19265.6,stable,0,1
bachelors,computer science,"devops,engineer,python,java",india,"career,growth",medium,2,15326.57,increasing,0,1
bachelors,computer science,"django,developer,python,sql,machine learning,data",india,"career,growth",medium,1,15658.15,increasing,0,1
bachelors,computer science,"full,stack,developer,java,sql,javascript,react,data",india,"career,growth",medium,3,17198.01,increasing,0,0
bachelors,computer science,"devops,engineer,python,java",india,"career,growth",medium,3,18795.91,increasing,1,1
bachelors,computer science,"javascript,developer,java,sql",india,"career,growth",medium,0,15466.11,increasing,0,1
bachelors,computer science,"javascript,developer",india,"career,growth",medium,2,20434.17,increasing,0,0
bachelors,computer science,"software,engineer,java,javascript,react",india,"career,growth",medium,0,14606.96,increasing,0,0
bachelors,computer science,"node,developer,java,sql,javascript,react,data",india,"career,growth",medium,4,19304.91,increasing,1,0
bachelors,computer science,"full,stack,developer,python,java,javascript,react",india,"career,growth",medium,2,16388.71,increasing,1,1
bachelors,computer science,"ios,developer,java",india,"career,growth",medium,2,22763.54,increasing,1,1
bachelors,computer science,"node,developer",india,"career,growth",medium,1,14951.66,increasing,0,1
bachelors,computer science,"full,stack,developer,java",india,"career,growth",medium,5,16511.78,increasing,1,1
bachelors,data science,"machine,learning,java,sql,machine learning,data",india,"career,growth",medium,0,18077.7,stable,1,0
bachelors,computer science,"django,developer,python,machine learning",india,"career,growth",medium,2,18143.74,increasing,0,0
bachelors,computer science,"php,developer,sql,data",india,"career,growth",medium,4,24523.39,increasing,1,0
bachelors,engineering,"network,administrator,java,sql,javascript,data",india,"career,growth",medium,4,16880.7,stable,0,1
bachelors,computer science,"software,engineer,python,java,javascript,react,data",india,"career,growth",medium,1,20439.69,increasing,0,1
bachelors,computer science,"software,engineer,python,java,sql,javascript,react,data",india,"career,growth",medium,5,15344.89,increasing,1,1
bachelors,data science,"machine,learning,python,sql,data",india,"career,growth",medium,0,16507.46,stable,1,1
bachelors,computer science,"devops,engineer,python,java,data",india,"career,growth",medium,5,20147.85,increasing,0,0
bachelors,computer science,"php,developer",india,"career,growth",medium,1,18383.7,increasing,0,1
bachelors,computer science,"backend,developer,python",india,"career,growth",medium,0,16436.93,increasing,1,1
bachelors,computer science,"django,developer,react,data",india,"career,growth",medium,3,19850.81,increasing,1,0
bachelors,data science,"machine,learning,python,data",india,"career,growth",medium,2,19323.57,stable,0,0
bachelors,computer science,"flutter,developer,java,javascript",india,"career,growth",medium,0,15991.8,increasing,1,1
bachelors,computer science,"node,developer,java,sql",india,"career,growth",medium,3,22116.27,increasing,1,1
bachelors,computer science,"node,developer,java,sql,javascript,data",india,"career,growth",medium,0,23314.31,increasing,0,1
bachelors,computer science,"software,engineer,python,java,javascript",india,"career,growth",medium,1,16587.61,increasing,1,0
bachelors,computer science,"software,engineer,java,sql,data",india,"career,growth",medium,0,14282.25,increasing,0,0
bachelors,computer science,"software,engineer,java,sql,react,data",india,"career,growth",medium,1,22643.8,increasing,1,1
bachelors,data science,"machine,learning,machine learning",india,"career,growth",medium,4,24969.09,stable,1,0
bachelors,computer science,"django,developer,python,java,sql,javascript",india,"career,growth",medium,0,13915.27,increasing,1,1
bachelors,computer science,"flutter,developer,java,sql,react,data",india,"career,growth",medium,0,20094.87,increasing,1,0
bachelors,computer science,"php,developer,python,java",india,"career,growth",medium,1,22595.73,increasing,0,1
bachelors,computer science,"java,developer,sql,javascript",india,"career,growth",medium,1,22381.62,increasing,1,0
bachelors,computer science,"django,developer,python,sql",india,"career,growth",medium,0,23817.02,increasing,0,1
bachelors,computer science,"java,developer,javascript,react,data",india,"career,growth",medium,1,18195.96,increasing,0,0
bachelors,computer science,"java,developer,sql,javascript,react",india,"career,growth",medium,5,14118.75,increasing,0,0
bachelors,computer science,"django,developer,python",india,"career,growth",medium,5,19034.97,increasing,1,1
bachelors,data science,"machine,learning,python,java,javascript,machine learning,data",india,"career,growth",medium,5,17355.46,stable,0,0
bachelors,computer science,"django,developer,python,java,sql,javascript",india,"career,growth",medium,4,17345.32,increasing,0,1
bachelors,computer science,"php,developer,python,sql,data",india,"career,growth",medium,0,14502.14,increasing,1,1
bachelors,computer science,"django,developer,python,java,data",india,"career,growth",medium,5,22972.27,increasing,0,1
bachelors,engineering,"database,administrator,python,sql,data",india,"career,growth",medium,3,23769.31,increasing,0,0
bachelors,computer science,"software,engineer,python,machine learning",india,"career,growth",medium,3,21326.9,increasing,0,0
bachelors,computer science,"backend,developer,python",india,"career,growth",medium,4,15193.5,increasing,1,0
bachelors,computer science,"backend,developer,data",india,"career,growth",medium,5,22186.37,increasing,0,1
bachelors,computer science,"software,engineer,python,data",india,"career,growth",medium,1,21994.32,increasing,0,1
bachelors,computer science,"full,stack,developer,java,react,data",india,"career,growth",medium,4,22133.18,increasing,1,0
bachelors,computer science,"software,engineer,python,java,data",india,"career,growth",medium,2,24454.57,increasing,1,1
bachelors,computer science,"full,stack,developer,java,sql,react,data",india,"career,growth",medium,3,20443.41,increasing,1,0
bachelors,computer science,"software,engineer,java,sql,javascript,react,machine learning,data",india,"career,growth",medium,5,23119.52,increasing,1,0
bachelors,computer science,"devops,engineer,data",india,"career,growth",medium,2,24036.84,increasing,0,0
bachelors,computer science,"backend,developer,python,data",india,"career,growth",medium,1,19133.27,increasing,0,0
bachelors,computer science,"devops,engineer,sql,data",india,"career,growth",medium,0,23813.48,increasing,1,1
bachelors,computer science,"wordpress,developer,java,sql,javascript,react",india,"career,growth",medium,2,16156.15,increasing,0,1
bachelors,computer science,"java,developer,python,javascript,data",india,"career,growth",medium,0,17133.08,increasing,1,1
bachelors,computer science,"javascript,developer,java,sql,data",india,"career,growth",medium,0,13670.31,increasing,1,1
bachelors,computer science,"php,developer,java,javascript,react,data",india,"career,growth",medium,0,20279.32,increasing,0,0
bachelors,computer science,"java,developer,sql,machine learning",india,"career,growth",medium,1,16579.42,increasing,1,0
bachelors,computer science,"full,stack,developer,java,sql,javascript",india,"career,growth",medium,0,16491.86,increasing,0,0
bachelors,computer science,"full,stack,developer,python,java,sql,javascript,react,data",india,"career,growth",medium,2,13887.89,increasing,0,1
bachelors,data science,"machine,learning,python,data",india,"career,growth",medium,0,15793.86,stable,0,1
bachelors,computer science,"ios,developer,python,java,javascript",india,"career,growth",medium,3,14852.09,increasing,1,1
bachelors,computer science,"software,engineer,java,javascript,data",india,"career,growth",medium,0,13719.77,increasing,0,0
bachelors,computer science,"php,developer,java,sql,javascript,react,data",india,"career,growth",medium,1,22283.64,increasing,0,1
bachelors,computer science,"flutter,developer,java,sql,react,data",india,"career,growth",medium,4,21761.37,increasing,0,0
bachelors,computer science,"flutter,developer,java,javascript,data",india,"career,growth",medium,3,18411.52,increasing,0,1
bachelors,engineering,"network,administrator,python,data",india,"career,growth",medium,5,24747.61,stable,0,1
bachelors,computer science,"wordpress,developer,sql",india,"career,growth",medium,4,15395.9,increasing,1,0
bachelors,engineering,"database,administrator,react,data",india,"career,growth",medium,2,19319.72,increasing,1,0
bachelors,computer science,"node,developer,java",india,"career,growth",medium,0,18916.01,increasing,1,1
bachelors,computer science,"django,developer,python,sql,data",india,"career,growth",medium,1,20679.22,increasing,0,0
bachelors,computer science,"wordpress,developer,java,sql,javascript,react",india,"career,growth",medium,0,14733.95,increasing,1,0
bachelors,computer science,"java,developer,sql,javascript,react,data",india,"career,growth",medium,2,23999.76,increasing,1,1
bachelors,computer science,"node,developer,java,sql,javascript",india,"career,growth",medium,4,14371.65,increasing,1,0
bachelors,computer science,"java,developer,python,sql,react,data",india,"career,growth",medium,3,20928.44,increasing,1,1
bachelors,computer science,"flutter,developer,java",india,"career,growth",medium,4,16723.55,increasing,1,0
bachelors,computer science,"wordpress,developer,java,sql,javascript",india,"career,growth",medium,5,15678.85,increasing,0,0
bachelors,computer science,"django,developer,python,sql,react",india,"career,growth",medium,0,16406.36,increasing,1,1
bachelors,computer science,"php,developer,python,java,sql,javascript,data",india,"career,growth",medium,1,19112.47,increasing,1,1
bachelors,computer science,"software,engineer,java,sql,react,data",india,"career,growth",medium,5,21014.38,increasing,1,1
bachelors,engineering,"network,administrator,python,java,sql,data",india,"career,growth",medium,2,20505.3,stable,0,0
bachelors,computer science,"django,developer,python,java,javascript,data",india,"career,growth",medium,1,24712.89,increasing,0,1
bachelors,computer science,"software,engineer,python,sql",india,"career,growth",medium,3,23465.68,increasing,0,0
bachelors,computer science,"django,developer,java,javascript,react,data",india,"career,growth",medium,3,14311.48,increasing,1,1
bachelors,computer science,"java,developer,python,sql",india,"career,growth",medium,5,20561.25,increasing,0,0
bachelors,computer science,"django,developer,python,java,javascript,react",india,"career,growth",medium,1,24953.08,increasing,1,0
bachelors,computer science,"ios,developer,java,data",india,"career,growth",medium,5,16821.47,increasing,0,1
bachelors,computer science,"django,developer,python,java,sql,javascript,data",india,"career,growth",medium,5,14076.62,increasing,1,1
bachelors,computer science,"node,developer,java,javascript",india,"career,growth",medium,2,21720.71,increasing,1,0
bachelors,computer science,"full,stack,developer,python,java,machine learning",india,"career,growth",medium,2,17580.29,increasing,0,0
bachelors,computer science,"full,stack,developer,sql,react",india,"career,growth",medium,5,21781.89,increasing,0,0
bachelors,computer science,"backend,developer,java,data",india,"career,growth",medium,0,21710.51,increasing,1,0
bachelors,computer science,"node,developer,sql,data",india,"career,growth",medium,0,17251.59,increasing,0,0
bachelors,computer science,"backend,developer,sql,data",india,"career,growth",medium,5,24346.53,increasing,0,1
bachelors,data science,"machine,learning",india,"career,growth",medium,5,21722.52,stable,0,1
bachelors,computer science,"full,stack,developer,sql,react,data",india,"career,growth",medium,5,22118.98,increasing,1,0
