career_name,top_skills,avg_salary,salary_p25,salary_p75,salary_range,demand_score,locations,postings_count,skills_count
/,,318000.0,318000.0,318000.0,318000-318000,0.0,hyderabad telangana,0,0
100 remote business development manager - b2b sales commission-based with high earning potential,b2b sales negotiation communication client engagement self-motivated team player initiative adaptability problem solving procurement solutions,223500.0,223500.0,223500.0,0-0,0.0293,,1,1
2024 finance summer internship,financial analysis accounting finance reporting systems analytical support expense control reporting attention to detail problem solving tenacity ability to work under pressure communication teamwork invoice processing vendor management curiosity,223500.0,223500.0,223500.0,0-0,0.0293,,1,1
2024 summer - information technology it internship - st petersburg fl,software applications data management information security business analysis project management communication teamwork customer service organization problem solving adaptability office equipment operation,223500.0,223500.0,223500.0,0-0,0.0293,,1,1
2024 summer audit information technology intern detroit mi,database software audit program tests internal controls financial audits operational audits information technology audits word processing spreadsheet software project coordination oral communication written communication interpersonal communication organization skills prioritization active listening relationship building diplomacy tact,223500.0,223500.0,223500.0,0-0,0.0293,,1,1
3d computer vision researcher,,450109.0,450109.0,450109.0,450109-450109,0.0,in,0,0
3d modeling artist,,240000.0,240000.0,240000.0,240000-240000,0.0,kazhakoottam thiruvananthapuram kerala,0,0
a/p contract analyst - information technology,ms excel budgeting research skills data analysis communication interpersonal skills prioritization problem solving teamwork adaptability oracle google workspace contract management purchase order processing accounts payable documentation management customer service,223500.0,223500.0,223500.0,0-0,0.0293,,1,1
academic advisor - female,,276000.0,276000.0,276000.0,276000-276000,0.0,kochi kerala,0,0
academic advisor work from home,,222000.0,222000.0,222000.0,222000-222000,0.0,perumbavoor kerala,0,0
academic consultant,,192000.0,192000.0,192000.0,192000-192000,0.0,kochi kerala,0,0
accademic counsellor,,192000.0,192000.0,192000.0,192000-192000,0.0,thrissur kerala,0,0
accessories incharge,,192000.0,192000.0,192000.0,192000-192000,0.0,alleppey kerala,0,0
account director - leisure sales miami or new york,"mexico attention to detail stress management judgment,sales strategies client relationship management business development communication problem solving multi-tasking initiative professionalism interpersonal skills negotiation microsoft office presentation skills leisure sales experience bilingual spanish market analysis industry knowledge caribbean",223500.0,223500.0,223500.0,0-0,0.0543,,1,2
account executive,,432000.0,432000.0,432000.0,432000-432000,0.0,muvattupuzha kerala,0,0
account executive finance cloud,revenue forecasting analytical skills quantitative skills communication collaboration adaptability problem solving sales methodologies prospecting negotiating closing product demonstrations consultative sales customer feedback incorporation,223500.0,223500.0,223500.0,0-0,0.0293,,1,1
account executive new business development heor market access,sales performance tracking presentation skills communication collaboration organization problem solving client relationship management teamwork adaptability heor rwe market access salesforce ms365 crm platforms data analytics lead generation research services prioritization,223500.0,223500.0,223500.0,0-0,0.0293,,1,1
accountant,,162000.0,162000.0,162000.0,162000-162000,0.0,devanhalli karnataka,0,0
accountant tally,,270000.0,270000.0,270000.0,270000-270000,0.0,mysuru karnataka,0,0
accountant trainee,,225000.0,202500.0,247500.0,202500-247500,0.0,"kochi kerala,thrissur kerala",0,0
accounting and finance consulting manager fund services plus location flexible,financial reporting private equity microsoft office suite analytical skills graduate degree compliance communication teamwork problem solving work ethic organizational skills influencing skills adaptability client service orientation fund accounting fund accounting software allvue cpa limited partnership agreements cash management quality control audit coordination carried interest calculations onboarding processes positive attitude,223500.0,223500.0,223500.0,0-0,0.0293,,1,1
accounting and finance intern,accounting finance financial reporting data analysis reconciliation forecasting communication teamwork adaptability problem solving initiative collaboration microsoft office suite netsuite oracle fusion bill com,223500.0,223500.0,223500.0,0-0,0.0293,,1,1
accounting faculty,,138000.0,138000.0,138000.0,138000-138000,0.0,tiruvalla kerala,0,0
accounting finance recruiting associate,accounting finance negotiation customer service data management communication interpersonal skills motivation detail-oriented teamwork recruitment job sourcing candidate screening networking,223500.0,223500.0,223500.0,0-0,0.0293,,1,1
accounts and hr executive female only,,144000.0,144000.0,144000.0,144000-144000,0.0,santacruz west mumbai maharashtra,0,0
accounts assistant,,174000.0,171000.0,180000.0,171000-180000,0.0,"borivali east mumbai maharashtra,kollam kerala,pollachi tamil nadu",0,0
adjunct faculty information technology software design and programming,software design programming project management information analysis communication critical thinking organizational skills teamwork adaptability commitment to diversity engagement feedback provision independent work java python net programming object-oriented programming web enabled information systems ios application development android application development learning management system lms ed-tech tools inclusive teaching,223500.0,223500.0,223500.0,0-0,0.0293,,1,1
admin,,240000.0,240000.0,240000.0,240000-240000,0.0,mysuru karnataka,0,0
administration/office manager,,240000.0,240000.0,240000.0,240000-240000,0.0,thrissur kerala,0,0
administrative assistant - human resources,computer skills administrative support data entry problem-solving critical thinking multi-tasking communication teamwork organization customer service confidentiality microsoft suite,223500.0,223500.0,223500.0,0-0,0.0293,,1,1
admission counselor/ telecaler executive,,180000.0,180000.0,180000.0,180000-180000,0.0,chandigarh chandigarh,0,0
adonis manufacturing pvt ltd freshers hiring permanent,,210000.0,210000.0,210000.0,210000-210000,0.0,sriperumpudur chennai tamil nadu,0,0
aesthetic surgeon,,570000.0,570000.0,570000.0,570000-570000,0.0,"t nagar chennai tamil nadu,visakhapatnam andhra pradesh",0,0
aftermarket sales rep,communication interpersonal skills organizational skills problem solving time management customer engagement follow-up skills salesforce sales strategies product demonstrations quotations preparation territory management business-to-business sales customer relationship management computer skills,223500.0,223500.0,223500.0,0-0,0.0293,,1,1
air conditioning technician,,600000.0,600000.0,600000.0,600000-600000,0.0,ambawadi ahmedabad gujarat,0,0
alt-text writer - general,,270000.0,270000.0,270000.0,270000-270000,0.0,remote,0,0
amazon advertising executive,,189000.0,189000.0,189000.0,189000-189000,0.0,thrissur kerala,0,0
analyst - information technology,hardware inventory management organizational skills decision making communication teamwork problem solving machine learning statistical modeling data visualization mainframe operating systems storage hardware network hardware pc hardware server operating systems network services software installation system upgrades workstation setup server configuration software inventory management analytical skills adaptability to new technology,223500.0,223500.0,223500.0,0-0,0.0293,,1,1
analyst finance change management,project management financial analysis data management microsoft excel microsoft powerpoint microsoft word communication relationship management teamwork proactive self-starter prioritization collaboration presentation skills,223500.0,223500.0,223500.0,0-0,0.0293,,1,1
analyst/senior analyst division finance,sap forecasting techniques variance analysis microsoft office software data analysis adaptability teamwork ownership influence change prioritization communication project management advanced excel modeling hyperion discounted cash flow analysis,223500.0,223500.0,223500.0,0-0,0.0293,,1,1
anchor,,240000.0,240000.0,240000.0,240000-240000,0.0,kochi kerala,0,0
answerclub knowledge contributor,,37200.0,37200.0,37200.0,37200-37200,0.0,remote,0,0
aoc human resources project manager,project management human resources administration performance management recruitment interviewing techniques records management employment law classification and compensation employee relations mediation conflict resolution audit procedures training techniques investigative procedures communication teamwork problem solving organizational skills analytical skills leadership interpersonal skills adaptability attention to detail time management statistical data collection budget processes,223500.0,223500.0,223500.0,0-0,0.0293,,1,1
apparel sales outfitter-1,customer service merchandising product knowledge point of sale system mathematical calculations inventory management communication teamwork problem solving relationship building adaptability attention to detail,223500.0,223500.0,223500.0,0-0,0.0293,,1,1
application analyst i day shift information technology,troubleshooting ticketing system application support system testing change management computer science information technology enhancement requests communication teamwork problem solving customer service adaptability documentation service level agreements,223500.0,223500.0,223500.0,0-0,0.0293,,1,1
application developer,,226440.0,226440.0,226440.0,226440-226440,0.0,perungudi chennai tamil nadu,0,0
applied data scientist,,4513208.0,4513208.0,4513208.0,4513208-4513208,0.0,ca,0,0
applied machine learning scientist,,35109000.0,35109000.0,35109000.0,35109000-35109000,0.0,us,0,0
ar caller trainee,,600000.0,600000.0,600000.0,600000-600000,0.0,coimbatore tamil nadu,0,0
architect,,318000.0,318000.0,318000.0,318000-318000,0.0,ahmedabad gujarat,0,0
architectural draftsperson,,198000.0,198000.0,198000.0,198000-198000,0.0,nikol ahmedabad gujarat,0,0
area director business development,business development account management sales market analysis customer relationship management microsoft office healthcare sales presentation skills communication problem solving teamwork organizational skills time management flexibility leadership discretion judgment mentoring budget management data analysis,223500.0,223500.0,223500.0,0-0,0.0293,,1,1
area finance manager,financial management budgeting data analysis financial reporting accounting forecasting project management communication problem solving analytical skills organizational skills relationship building teamwork entrepreneurial spirit compliance,223500.0,223500.0,223500.0,0-0,0.0293,,1,1
area sales manager,sales communication relationship building problem solving teamwork customer engagement crm sales tools business development product training sales reporting capital equipment sales market knowledge pipeline management travel management adaptability strategic planning negotiation,223500.0,223500.0,223500.0,0-0,0.0293,,1,1
area sales manager - south,sales management data analysis marketing customer relationship management technical product knowledge communication self-motivation organization team collaboration problem-solving creativity relationship development flexibility curiosity commitment to excellence territory management presentation skills valid driver s license extensive travel experience in distribution or manufacturing,223500.0,223500.0,223500.0,0-0,0.0293,,1,1
area sales manager chattanooga market,sales customer service credit management communication teamwork problem solving time management customer satisfaction adaptability relationship building account management market analysis pricing strategy product knowledge territory management delivery logistics sales presentations,223500.0,223500.0,223500.0,0-0,0.0293,,1,1
art gallery sales marketing associate,sales marketing event management communication interpersonal skills organization multitasking detail-oriented charisma flexibility social media management mailchimp canva adobe creative suite art selling techniques website management shipping and operations writing passion for contemporary art,223500.0,223500.0,223500.0,0-0,0.0293,,1,1
artificial intelligence developer/intern,,540000.0,540000.0,540000.0,540000-540000,0.0,belgachia kolkata west bengal,0,0
artificial intelligence scientist,,2373766.8,996000.0,3809368.0,996000-3809368,0.0,"as,dk,es,us",0,0
assembly line operator,,168000.0,168000.0,168000.0,168000-168000,0.0,chennai tamil nadu,0,0
assembly technician cum winding technician,,162000.0,162000.0,162000.0,162000-162000,0.0,karur tamil nadu,0,0
assisstant resource manager construction projects,,216000.0,216000.0,216000.0,216000-216000,0.0,bengaluru karnataka,0,0
assistant director of finance-kimpton george hotel,accounting finance management microsoft office suite excel budget preparation financial reporting cost efficiency analysis tax management communication organization detail-oriented leadership problem solving teamwork adaptability peoplesoft bank reconciliations inventory record keeping,223500.0,223500.0,223500.0,0-0,0.0293,,1,1
assistant director of information technology,"3 system configuration third party timekeeping systems performance evaluation professional growth development,payroll modules configuration project management business process analysis payroll tax reporting multistate taxation bsi tax software testing upgrades data modeling integration with adp query development r,team leadership communication problem solving collaboration resource allocation planning adaptability meeting facilitation sap payroll api timekeeping hr",223500.0,223500.0,223500.0,0-0,0.0793,,1,3
assistant finance director,accounting finance budget preparation financial reporting supervisory skills revenue collection accounts payable payroll functions planning organizing management communication problem solving teamwork customer service utility billing fixed assets management public administration government financial officer certification,223500.0,223500.0,223500.0,0-0,0.0293,,1,1
assistant professor,,360000.0,360000.0,360000.0,360000-360000,0.0,champa chhattisgarh,0,0
assistant professor of finance,ph d in finance cfa charter college level teaching experience research in finance advising students curriculum development teaching excellence student development mentoring collaboration communication diversity and inclusion,223500.0,223500.0,223500.0,0-0,0.0293,,1,1
assistant store keeper,,177000.0,177000.0,177000.0,177000-177000,0.0,aluva kerala,0,0
assistant supervisor,,220500.0,210000.0,226500.0,210000-226500,0.0,"greater noida uttar pradesh,kolkata west bengal,rajender nagar delhi delhi,remote",0,0
assistant vice president finance,insurance management attention to detail organizational skills multitasking communication skills interpersonal skills collaboration us payroll processing tax regulations compliance financial planning and analysis financial reporting adp software financial software excel 401 k administration invoice processing contract administration confidentiality,223500.0,223500.0,223500.0,0-0,0.0293,,1,1
assistant/associate /professors,,780000.0,780000.0,780000.0,780000-780000,0.0,pollachi tamil nadu,0,0
associate / associate director of asset management finance and investor relations,financial analysis financial reporting budgeting risk assessment market research business writing cash flow projections variance analysis strategic planning presentation skills leadership communication analytical thinking attention to detail initiative integrity teamwork self-starter asset management real estate financial modeling investor relations property management,223500.0,223500.0,223500.0,0-0,0.0293,,1,1
associate corporate business development,market research analytical skills negotiation skills presentation skills saas knowledge collaboration communication entrepreneurial mindset adaptability relationship building problem solving financial modeling business valuation m a modeling business case development due diligence,223500.0,223500.0,223500.0,0-0,0.0293,,1,1
associate director finance and controlling,financial analysis financial modeling ifrs management accounting cost controlling variance analysis business modeling kpi tracking capital expenditure evaluation communication teamwork problem solving organizational skills adaptability attention to detail independence,223500.0,223500.0,223500.0,0-0,0.0293,,1,1
associate director sales development smb,sales development team management customer acquisition sales metrics tracking hiring and training leadership communication problem solving adaptability collaboration cultural fit data analytics gtm strategy outbound methodology coaching engagement,223500.0,223500.0,223500.0,0-0,0.0293,,1,1
associate part time sales,customer service sales communication technical training self-motivated passionate caring teamwork adaptability bluetooth technology iot platforms competitive knowledge-seeker,223500.0,223500.0,223500.0,0-0,0.0293,,1,1
associate partner human resources nasc,microsoft office hris payroll systems data analysis microsoft excel communication problem solving interpersonal skills confidentiality flexibility attention to detail customer service time management teamwork pivot tables vlookups,223500.0,223500.0,223500.0,0-0,0.0293,,1,1
associate sales manager,,240000.0,240000.0,240000.0,240000-240000,0.0,vashi navi mumbai maharashtra,0,0
associate strategic finance,financial analysis financial statement analysis analytical skills communication skills organizational skills collaboration adaptability financial modeling capital raising debt capital transactions business forecasting m a support intellectual curiosity,223500.0,223500.0,223500.0,0-0,0.0293,,1,1
associate supply chain team,,260000.0,260000.0,260000.0,260000-260000,0.0,bengaluru karnataka,0,0
asst purchase manager,,240000.0,240000.0,240000.0,240000-240000,0.0,calicut kerala,0,0
atm service engineer,,252000.0,252000.0,252000.0,252000-252000,0.0,salem tamil nadu,0,0
audit director - information technology,project management microsoft office suite communication critical thinking teamwork leadership initiative organizational skills interpersonal skills problem solving it audit risk assessment internal controls data analytics application security compliance audit techniques sdlc agile development data governance business continuity owasp top 10 financial regulations technical environment understanding professional skepticism continuous learning,223500.0,223500.0,223500.0,0-0,0.0293,,1,1
auditor accounting/finance,accounting systems excel microsoft products communication organizational skills interpersonal skills analytical thinking time management problem solving attention to detail collaboration gaap compliance external auditing budget analysis statistical analysis cost allocation methods grant accounting omb circulars 2 cfr 200 independence,223500.0,223500.0,223500.0,0-0,0.0293,,1,1
australian accounting - fresher,,390000.0,390000.0,390000.0,390000-390000,0.0,ahmedabad gujarat,0,0
auto finance insurance manager - city auto group,customer service computer proficiency time management communication attention to detail work ethic relationship building prioritization automotive finance insurance management deal structuring leasing state law compliance decision-making,223500.0,223500.0,223500.0,0-0,0.0293,,1,1
autocad draftsman,,180000.0,180000.0,180000.0,180000-180000,0.0,gundavali mumbai maharashtra,0,0
avp financial analyst - commercial transportation finance,financial analysis data analysis financial modeling risk assessment reporting capital structure evaluation negotiation communication collaboration problem solving influence independent work relationship building strategic thinking teamwork credit assessment lending processes troubleshooting customer service,223500.0,223500.0,223500.0,0-0,0.0293,,1,1
avp health plan finance texas,financial analysis accounting financial forecasting financial reporting budgeting data analysis leadership team development communication project management problem solving cross-functional collaboration analytical thinking adaptability coaching stakeholder engagement healthcare analytics m a integration business intelligence tools contract pricing negotiation regulatory reporting managed care finance,223500.0,223500.0,223500.0,0-0,0.0293,,1,1
back office assistant,,298101.0,261151.5,335050.5,261151-335050,0.0,"pimpri-chinchwad maharashtra,remote",0,0
back office executive,,318000.0,318000.0,318000.0,318000-318000,0.0,pimpri-chinchwad maharashtra,0,0
back office executive operations insurance,,183000.0,183000.0,183000.0,183000-183000,0.0,ujjain madhya pradesh,0,0
backend developer,,223500.0,223500.0,223500.0,0-0,0.6227,,145,0
badminton coach,,240000.0,240000.0,240000.0,240000-240000,0.0,bengaluru karnataka,0,0
bank follow up officer sme,,180000.0,180000.0,180000.0,180000-180000,0.0,kochi kerala,0,0
bca fresher,,300000.0,300000.0,300000.0,300000-300000,0.0,bellandur bengaluru karnataka,0,0
be/ me freshers,,156000.0,156000.0,156000.0,156000-156000,0.0,nagercoil tamil nadu,0,0
beauty and massage therapist,,240000.0,240000.0,240000.0,240000-240000,0.0,chennai tamil nadu,0,0
behavioural trainer- fresher,,228000.0,228000.0,228000.0,228000-228000,0.0,bengaluru karnataka,0,0
bell boy/girl,,156000.0,156000.0,156000.0,156000-156000,0.0,kodaikanal tamil nadu,0,0
bi data analyst,,6540466.4,3048756.0,8300000.0,3048756-8300000,0.0,"ke,us",0,0
big data architect,,8296348.0,8296348.0,8296348.0,8296348-8296348,0.0,ca,0,0
big data engineer,,3955102.1666666665,1386369.75,7257167.25,1386369-7257167,0.0,"ch,gb,in,md",0,0
bilingual sales assistant manager,sales customer service retail experience product handling merchandising communication teamwork problem solving determination adaptability customer empathy valid driver s license,223500.0,223500.0,223500.0,0-0,0.0293,,1,1
billing analyst - finance,"accounting principles general ledger reconciliation financial reporting billing systems microsoft office analytical skills communication problem solving teamwork attention to detail organizational skills independent work interpersonal skills critical thinking gaap deltek,costpoint software financial systems government regulations",223500.0,223500.0,223500.0,0-0,0.0543,,1,2
billing clerk,,120000.0,120000.0,120000.0,120000-120000,0.0,ganapathi coimbatore tamil nadu,0,0
billing executive,,172000.0,150000.0,189000.0,150000-189000,0.0,"gopichettipalaiyam tamil nadu,idukki kerala,nilambur kerala",0,0
billing manager,,90000.0,90000.0,90000.0,90000-90000,0.0,ramanathapuram tamil nadu,0,0
block coordinator,,222000.0,222000.0,222000.0,222000-222000,0.0,kidwaipuri patna bihar,0,0
bouncer,,360000.0,360000.0,360000.0,360000-360000,0.0,mumbai maharashtra,0,0
branch accountant,,180000.0,180000.0,180000.0,180000-180000,0.0,kochi kerala,0,0
branch sales specialist full time,sales computer applications communication teamwork multitasking problem solving adaptability customer service order entry warehouse operations powered industrial equipment operation lifting up to 50 pounds leadership customer loyalty,223500.0,223500.0,223500.0,0-0,0.0293,,1,1
brand collaborator,,210000.0,210000.0,210000.0,210000-210000,0.0,"bengaluru karnataka,hyderabad telangana",0,0
brand face,,240000.0,240000.0,240000.0,240000-240000,0.0,gurugram haryana,0,0
brand promoter,,150000.0,150000.0,150000.0,150000-150000,0.0,edapalli kerala,0,0
business analyst fresher,,180000.0,180000.0,180000.0,180000-180000,0.0,goregaon mumbai maharashtra,0,0
business associate,,264000.0,264000.0,264000.0,264000-264000,0.0,sahibganj jharkhand,0,0
business data analyst,,8150627.666666667,6623441.5,9752500.0,6623441-9752500,0.0,"lu,us",0,0
business development,microsoft office suite marketing data analysis documentation report generation community engagement relationship management problem solving communication adaptability independent thinking detail oriented decision making team collaboration,373341.33,366670.66500000004,380011.995,366670-380011,0.0293,"remote,thane maharashtra",1,1
business development - refined sugars/liquid sugar/beverage only,sales business development relationship building creativity organization communication problem solving market research liquid sugar knowledge sugar refining knowledge food science knowledge chemical knowledge,223500.0,223500.0,223500.0,0-0,0.0293,,1,1
business development 1+ years sales exp req,sales crm microsoft office suite prospecting account management presentations customer service project management communication client nurturing time management adaptability relationship building problem solving teamwork self-motivation sales proposals,223500.0,223500.0,223500.0,0-0,0.0293,,1,1
business development and teaming coach,business development teaming data analysis client relationship management training technology integration communication initiative relationship building collaboration influence professionalism problem solving financial planning coaching succession planning investment advisory finra series 7 finra series 66 coaching certifications,223500.0,223500.0,223500.0,0-0,0.0293,,1,1
business development assistant,"ms office data entry budgeting expense reporting powerpoint time management communication teamwork event planning logistical assistance proofreading editing client engagement crm management software adobe photoshop chrome river microsoft sharepoint transaction,private fund platforms research",223500.0,223500.0,223500.0,0-0,0.0543,,1,2
business development assistant - grocery,vendor negotiation communication customer service collaboration organization time management problem solving adaptability decision making interpersonal skills ability to work under pressure ability to manage multiple priorities data entry merchandising software systems ms excel ecommerce basic analysis product information data flow,223500.0,223500.0,223500.0,0-0,0.0293,,1,1
business development associate,"lead generation data analysis sales techniques market research communication tools team collaboration adaptability problem solving time management interpersonal skills customer engagement crm software presentation skills enthusiasm,lead generation sales closing account management presentation skills coaching industry knowledge communication teamwork problem solving networking relationship building adaptability crm proficiency time management salesforce,business development client relationship management data analysis financial strategy marketing communication team collaboration problem solving motivation adaptability strategic thinking customer service insurance licensing investment licensing,sales analytics market research crm software microsoft office sales strategies customer database analysis sales pitches communication negotiation collaboration customer service problem solving relationship building positive attitude decision making,sales strategies business development stakeholder engagement communication collaboration organizational skills problem solving facilitation teamwork strategic thinking relationship building proposal development grant writing project management fundraising methods content development",330456.59750000003,297176.82,366312.765,297176-366312,0.1465,"bengaluru karnataka,chinchwad pune maharashtra,coimbatore tamil nadu,goregaon mumbai maharashtra,kochi kerala,pune maharashtra,remote",5,5
business development associate / physician liaison,sales traveling communication time management teamwork adaptability problem solving self-motivation field marketing referral generation event planning marketing healthcare knowledge relationship building reporting,223500.0,223500.0,223500.0,0-0,0.0293,,1,1
business development associate acquisitions,sales lead generation communication interpersonal skills relationship building motivation time management team collaboration adaptability prospecting crm research methods m a knowledge salesforce,223500.0,223500.0,223500.0,0-0,0.0293,,1,1
business development associate bda,,222000.0,222000.0,222000.0,222000-222000,0.0,peelamedu coimbatore tamil nadu,0,0
business development center representative,"customer service communication teamwork problem solving adaptability,phone etiquette customer service sales experience communication interpersonal skills ability to work in a fast-paced environment customer satisfaction focus automotive industry knowledge",223500.0,223500.0,223500.0,0-0,0.0586,,2,2
business development community relations manager,crm systems sales strategy development market analysis business development project management communication tools phone email linkedin relationship building results-oriented networking problem solving adaptability team collaboration,223500.0,223500.0,223500.0,0-0,0.0293,,1,1
business development consultant,sales crm financial analysis marketing lead generation customer experience communication relationship development problem solving teamwork adaptability time management negotiation salesforce com territory growth planning,223500.0,223500.0,223500.0,0-0,0.0293,,1,1
business development coordinator,communication marketing proposal creation project management attention to detail team collaboration adaptability initiative time management client relations problem solving writing data management brand compliance,223500.0,223500.0,223500.0,0-0,0.0293,,1,1
business development director,"marketing business development data analysis financial metrics healthcare knowledge customer service strategies leadership communication team management problem solving motivation strategic planning collaboration accountability adaptability crm software admission processes reimbursement systems staff training,market research strategic planning client relationship management communication negotiation business acumen analytical skills sales marketing relationship building team collaboration results-oriented mindset interpersonal skills influencing skills problem solving adaptability proposal development",223500.0,223500.0,223500.0,0-0,0.0586,,2,2
business development executive,"new business development lead generation account management bachelor s degree in business or related field business acumen communication relationship building sales growth healthcare industry experience,new business development lead generation account management business acumen bachelor s degree in business or marketing communication interpersonal skills self-motivated goal-oriented independent work collaborative work relationship building multi-tasking enthusiasm negotiation video production experience,sales business development customer relationship management project management market analysis presentation skills analytical skills communication interpersonal skills organizational skills problem solving persuasion adaptability elevator industry knowledge cold calling positive attitude,sales business development market strategy client relationship management competitive analysis communication relationship building motivation problem solving teamwork cold calling document management solutions it service capabilities product knowledge research,business development sales relationship building strategic planning logistics knowledge market analysis communication critical thinking interpersonal skills goal-oriented focus,sales business development project management customer relationship management communication interpersonal skills collaboration problem solving initiative time management decision making adaptability persuasiveness market research structural steel knowledge microsoft word microsoft excel microsoft powerpoint contract negotiation estimating attention to detail",192000.0,150000.0,234000.0,150000-234000,0.1758,"remote,vadodara gujarat",6,6
business development executive - omaha,sales experience lead development communication relationship building time management problem solving digital marketing prospecting closing leads negotiation,223500.0,223500.0,223500.0,0-0,0.0293,,1,1
business development executive bde,,276000.0,234000.0,330000.0,234000-330000,0.0,"bopal ahmedabad gujarat,dwarka delhi delhi,kochi kerala",0,0
business development executive bpo - hi tech/new age,business development sales management negotiation automation tools contractual constructs market analysis customer relationship management marketing collateral development presentation skills industry knowledge interpersonal skills relationship building communication leadership teamwork problem solving adaptability bpo program management consulting delivery strategies compliance requirements data management financial analysis risk management project management performance management flexibility responsiveness trustworthiness stewardship,223500.0,223500.0,223500.0,0-0,0.0293,,1,1
business development executive delaware maryland,business process improvement relationship management sales strategy development customer acquisition data analysis communication interpersonal skills resilience multi-tasking independence problem solving organizational skills market analytics territory management,223500.0,223500.0,223500.0,0-0,0.0293,,1,1
business development executive- carlisle pa,digital marketing sales prospecting lead generation account management communication negotiation relationship building time management problem solving,223500.0,223500.0,223500.0,0-0,0.0293,,1,1
business development growth,sales pipeline management negotiations customer service business development relationship building communication teamwork problem solving leadership motivation coaching adaptability resilience listening growth mindset,223500.0,223500.0,223500.0,0-0,0.0293,,1,1
business development intern,"lead generation market research customer service microsoft office suite communication analytical skills teamwork problem solving time management independence blockchain decentralized finance defi event organization attention to detail,market research lead generation data analysis proposal development crm software communication analytical skills problem solving teamwork proactive self-motivated microsoft office suite",223500.0,223500.0,223500.0,0-0,0.0586,,2,2
business development intern remote,communication presentation skills relationship management market research proactivity teamwork adaptability networking customer service cryptocurrency trading influencer marketing affiliate marketing,223500.0,223500.0,223500.0,0-0,0.0293,,1,1
business development manager,"business development sales strategies lead generation negotiation presentation skills customer relationship management market analysis communication team collaboration problem solving flexibility influence listening adaptability time management customer focus creativity iot market trends embedded,edge technologies pipeline management,crm microsoft word microsoft excel microsoft powerpoint project management marketing data analysis communication organization attention to detail networking collaboration problem solving adaptability business intelligence tools,account management client relationship management revenue target accountability business development it services project management target oriented self-motivated multi-tasking independent work communication can-do attitude articulate it staffing technical recruitment sourcing placing contractor staffing aggressive energetic,business development sales presentation skills communication relationship building self-motivation initiative teamwork problem solving attention to detail emotional intelligence adaptability entrepreneurial spirit automation software software platforms pipeline management market research consultative selling hubspot salesintel task management software forecasting,business development sales account management cold calling sales planning b2b sales presentation skills customer relationship management budget monitoring communication interpersonal skills problem solving teamwork independence adaptability entrepreneurial mindset relationship building passion for selling negotiation financial analysis marketing knowledge,b2b sales client account management networking communication problem solving sales mindset time management team collaboration payroll outsourcing sales property,casualty license 220 life,health license 215 commercial insurance sales human resources knowledge workers compensation knowledge health benefits knowledge sales presentations consulting skills 401k knowledge community engagement,business development client relationship management strategic planning staffing industry knowledge communication interpersonal skills collaboration adaptability problem solving autonomy time management sales market analysis light industrial sector knowledge lead generation,business development market analysis sales forecasting crm systems project management networking customer relationship management contract negotiation trade exhibitions promotional material preparation data reporting communication decision making commercial awareness customer focus relationship building team collaboration adaptability continuous improvement mindset technical product knowledge oil and gas industry knowledge salesforce presentation skills,b2b sales lead generation consultative selling market analysis financial management communication relationship building results driven personal effectiveness collaboration networking problem solving trust building urgency sales pipeline development crm tools salesforce territory management service-oriented solutions staffing solutions ethical conduct",223500.0,223500.0,223500.0,0-0,0.5276,,53,12
business development manager - audio north america,sales experience presentation skills negotiation business strategy customer relationship management forecasting market analysis communication problem solving teamwork influencing autonomy customer focus adaptability leadership time management audio engineering lighting systems technical support windows applications product knowledge project management technical documentation integrity,223500.0,223500.0,223500.0,0-0,0.0293,,1,1
business development manager - automotive f i,sales processes data analysis income development reporting tools negotiating skills performance metrics communication team building leadership problem solving customer service relationship management strategic thinking finance and insurance customer loyalty programs automotive compliance training and development accountability adaptability time management,223500.0,223500.0,223500.0,0-0,0.0293,,1,1
business development manager - dallas/fort worth,sales business development strategic selling budget management communication persuasion independence team coordination customer service problem solving networking presentation skills crm salesforce market analysis analytical thinking mechanical aptitude b2b sales product knowledge swimming pool equipment forecasting cold calling automated control systems basic electricity plumbing hydraulics water chemistry electronic chlorine generation solar heaters gas heaters electric heaters time management adaptability,223500.0,223500.0,223500.0,0-0,0.0293,,1,1
business development manager - defense segment,business acumen market evaluation higher math knowledge communication relationship building collaboration problem solving personal drive empathy strategic thinking influence defense sales experience us dod contract bidding negotiation sales funnel management chemistry knowledge physics knowledge,223500.0,223500.0,223500.0,0-0,0.0293,,1,1
business development manager - litigation,business development legal marketing project management analytical skills competitive intelligence communication teamwork strategic thinking independent judgment interpersonal skills time management creativity resilience consultative working style crm software marketing databases budget management event management,223500.0,223500.0,223500.0,0-0,0.0293,,1,1
business development manager - new york,sales relationship management negotiation marketing planning customer relationship management software data analysis budget management communication problem solving time management independence creativity teamwork adaptability credibility microsoft outlook microsoft word microsoft excel microsoft powerpoint travel planning,223500.0,223500.0,223500.0,0-0,0.0293,,1,1
business development manager - power generation,business development sales enablement project management market analysis strategic planning financial performance monitoring customer relationship management data analysis communication teamwork problem solving leadership negotiation adaptability strategic thinking relationship building collaboration initiative channel management commercial business models demand creation campaigns oil and gas industry knowledge,223500.0,223500.0,223500.0,0-0,0.0293,,1,1
business development manager - private equity,consultative selling sales process deployment crm tool usage project management data analysis market research relationship management networking communication teamwork organizational skills problem solving strategic thinking attention to detail time management multi-tasking leadership collaboration private equity knowledge presentation skills,223500.0,223500.0,223500.0,0-0,0.0293,,1,1
business development manager - us,crm software sales strategies market research project management communication problem solving teamwork adaptability interpersonal skills attention to detail proactivity integrity carbon markets renewable energy,223500.0,223500.0,223500.0,0-0,0.0293,,1,1
business development manager - utility billing software - remote,business development sales marketing finance ms office suite databases customer relationship management prospecting presentation skills closing sales communication organization multi-tasking independence relationship building problem solving utility billing software engineering,223500.0,223500.0,223500.0,0-0,0.0293,,1,1
business development manager - vms/msp,business development proposal development communication negotiation relationship building stakeholder management self-motivation results-oriented team collaboration msp vms crm software market analysis competitive intelligence,223500.0,223500.0,223500.0,0-0,0.0293,,1,1
business development manager - work remotely,sales marketing communication training self-motivation initiative positive attitude relationship building adaptability personal development remote work,223500.0,223500.0,223500.0,0-0,0.0293,,1,1
business development manager 75k- 120k+,business development sales customer service crm software computer literacy revenue target setting relationship management interpersonal skills communication problem solving proactivity teamwork work ethic customer focus negotiation,223500.0,223500.0,223500.0,0-0,0.0293,,1,1
business development manager caribbean and latin america spanish speaking,technology sales sales strategy development pipeline management data analysis relationship building account management self-motivation results-driven collaboration time management communication problem solving analytical thinking adaptability saas sales public speaking hospitality industry knowledge humility passion for food,223500.0,223500.0,223500.0,0-0,0.0293,,1,1
business development manager facial- allergan aesthetics sugar land tx,marketing principles analytical skills product knowledge business development communication interpersonal skills problem solving strategic thinking team collaboration adaptability time management customer focus leadership medical sales consultative selling contract negotiation financial management excel word powerpoint conflict resolution,223500.0,223500.0,223500.0,0-0,0.0293,,1,1
business development manager grasslands,google earth ms word excel powerpoint communication interpersonal skills networking time management flexibility attention to detail self-starter independent work pressure management entrepreneurial mindset land trust network agriculture natural resource conservation voluntary carbon markets ecological concepts arc gis mapping software adobe products,223500.0,223500.0,223500.0,0-0,0.0293,,1,1
business development manager health life sciences,business development strategies analytical skills communication skills leadership skills collaboration time management problem solving independence adaptability microsoft office suite client relationship management crm software budget management event planning salesforce confidentiality,223500.0,223500.0,223500.0,0-0,0.0293,,1,1
business development manager healthcare,professional network administrative support solutions communication interpersonal skills networking sales skills self-motivation healthcare industry experience,223500.0,223500.0,223500.0,0-0,0.0293,,1,1
business development manager industrial - toronto ontario - canada,sales strategy business development microsoft office suite presentation skills communication relationship building team leadership self-motivation problem solving adaptability organizational skills customer service orientation strategic thinking positive attitude technical specifications crm software sap salesforce data analysis market analysis,223500.0,223500.0,223500.0,0-0,0.0293,,1,1
business development manager remote,crm systems seo digital marketing web development sales growth techniques financial techniques sales contracts review business development relationship building project management people management organizational skills problem-solving communication negotiation networking enthusiasm,223500.0,223500.0,223500.0,0-0,0.0293,,1,1
business development manager seattle or portland,sales communication proactive self-motivated team player relationship building enthusiasm adaptability crm microsoft dynamics ax microsoft word microsoft excel market analysis proposal development technical experience,223500.0,223500.0,223500.0,0-0,0.0293,,1,1
business development manager stability storage,b2b sales opportunity management lead generation tools consultative selling c-level presentation business case development sales forecasting account management relationship management communication independent judgment problem solving teamwork negotiation adaptability customer focus time management crm systems pharmaceutical industry knowledge,223500.0,223500.0,223500.0,0-0,0.0293,,1,1
business development officer,,246151.62000000002,246151.62000000002,246151.62000000002,246151-246151,0.0,bengaluru karnataka,0,0
business development officer ny/nj,b2b sales client acquisition consultative sales lead generation market research networking cold calling communication self-motivation team collaboration initiative problem solving adaptability financial solutions insurance solutions sales analysis,223500.0,223500.0,223500.0,0-0,0.0293,,1,1
business development representative,"lead generation client prospecting outbound prospecting inbound lead management market understanding communication interpersonal skills organizational skills self-starter teamwork adaptability crm tools hubspot outreach io linkedin sales navigator zoominfo product led growth selling technical understanding of software products,email marketing sales performance metrics microsoft word microsoft excel microsoft outlook communication attention to detail organizational skills multi-tasking relationship building creative thinking adaptability research skills positive outlook,business development customer relationship management self-motivation team collaboration communication sales negotiation market analysis packaging industry knowledge pressure management,outbound sales pipeline management b2b sales communication ambition adaptability teamwork problem solving time management crm tools amazon sales e-commerce experience hubspot presentation skills,microsoft office communication collaboration problem solving time management customer relationship management entrepreneurial spirit listening skills sales techniques strategic thinking salesforce zoominfo linkedin google apps machine learning ai crm applications,business development data analytics prospecting client management communication persuasion time management self-motivation trust-building entrepreneurial spirit team collaboration learning mindset salesforce salesloft zoominfo 6sense,presentation skills teamwork self-motivation integrity communication collaboration problem solving adaptability crm saas email communication telephone communication social media communication outbound campaign tools linkedin sales navigator apollo io salesloft expandi reply,sales skills client presentations negotiation solution selling market analysis reporting communication interpersonal skills teamwork problem solving customer relationship management presentation skills adaptability professionalism crm proposal preparation commercial building knowledge manufacturing sector knowledge time management,b2b sales outbound prospecting lead generation sales strategy communication relationship building time management influencing skills collaboration supply chain management crm software,business development marketing client contact computer skills software knowledge project management communication mentoring teamwork problem solving career development technical leadership cpsm,sales techniques event planning communication interpersonal skills customer service creativity proactivity results-oriented negotiation teamwork time management multitasking crm software social media platforms market research data tracking and reporting,sales outbound prospecting email communication network development pipeline growth client relationship management meeting scheduling resilience strategic thinking enthusiasm persistence drive coachability telemarketing social media outreach credentialing",223500.0,223500.0,223500.0,0-0,0.4417,,33,12
business development representative - first aid safety,sales experience data analysis prospecting presentation skills customer service teamwork communication independence goal-oriented relationship building strategic thinking microsoft office cold calling valid driver s license,223500.0,223500.0,223500.0,0-0,0.0293,,1,1
business development representative - pca skin eltamd - hudson valley,sales business development microsoft office data analysis customer service product training marketing business acumen competitive drive communication relationship building resilience creativity teamwork multi-tasking crm tools presentation skills territory management entrepreneurial mindset,223500.0,223500.0,223500.0,0-0,0.0293,,1,1
business development representative / phila pa area,business development customer relationship management crm healthcare knowledge community outreach account management communication relationship building organizational skills multitasking professionalism problem solving self-motivation team collaboration adaptability confidentiality marketing data analysis report preparation flexible hours automobile operation,223500.0,223500.0,223500.0,0-0,0.0293,,1,1
business development representative bdr - lead finder,lead generation data analysis proposal preparation adaptability communication creativity problem solving team collaboration proactive mindset strategic thinking email marketing cold calling digital tools proficiency automation tools zapier make,223500.0,223500.0,223500.0,0-0,0.0293,,1,1
business development representative legal,outbound sales crm software lead qualification email outreach communication relationship building problem solving teamwork initiative legal sales digital media marketing social media advertising cold calling strategy sessions content marketing adaptability creativity,223500.0,223500.0,223500.0,0-0,0.0293,,1,1
business development sales manager,"biology,engineering,crm communication negotiation networking client relationship management self-motivation presentation skills team collaboration market intelligence sales data analysis proposal development cgmp api manufacturing bachelor s degree in chemistry,crm market intelligence sales negotiation client proposal development data analysis communication networking self-motivation presentation skills client relationship management team collaboration problem solving cgmp api manufacturing knowledge bachelor s degree in chemistry",223500.0,223500.0,223500.0,0-0,0.1086,,2,4
business development sales representative,sales business development customer relationship management networking sales presentations lead generation appointment scheduling b2b sales self-motivated communication professionalism problem solving time management adaptability travel planning,223500.0,223500.0,223500.0,0-0,0.0293,,1,1
business development senior associate- remote/south africa,"arabic,business development analytical skills organizational skills project management staffing and management communication collaboration leadership problem solving proposal management graphic design fluency in spanish,french",223500.0,223500.0,223500.0,0-0,0.0793,,1,3
business development specialist,"business operations insurance knowledge microsoft office suite transactional support data analysis communication teamwork problem-solving interpersonal skills flexibility organizational skills relationship development guidewire platform keyboard entry 50 wpm,b2b sales customer service sales generation market knowledge organizational skills communication skills follow-up skills self-motivation relationship building engaging personality attention to detail professionalism travel management,market analysis english language proficiency relationship building communication networking adaptability strategic thinking collaboration problem solving kol marketing strategy user growth strategies crypto market understanding data tracking and analysis mandarin chinese proficiency,lead generation market research data assimilation sales experience event organization analytical skills communication skills relationship building organizational skills creativity independent work collaborative work people skills bilingual english,spanish,business development strategic partnerships project management sales data analysis communication problem solving analytical skills relationship building organizational skills time management judgment and discretion multi-tasking follow through microsoft office,cold calling email communication scheduling positive outlook flexibility typing remote work,business development financial analysis communication customer service relationship building problem solving adaptability teamwork dedication sales strategies customer relationship management engineering drawings automation market analysis negotiation project delivery strategy networking independence research ownership",223500.0,223500.0,223500.0,0-0,0.2301,,7,8
business development specialist intellectual property,business development ms office suite crm systems data analysis budget management networking relationship management communication teamwork leadership attention to detail project management strategic thinking independence marketing document management systems online research event planning legal concepts,223500.0,223500.0,223500.0,0-0,0.0293,,1,1
business development specialist pr-1258349 mas,sales customer support communication relationship building teamwork driven competitive nature collaboration feedback implementation brand awareness hospitality experience listening,223500.0,223500.0,223500.0,0-0,0.0293,,1,1
business development staffing executive,sales communication sense of urgency decisiveness self-starter team collaboration results-oriented adaptability account management recruiting client relationship management sourcing offer negotiation staffing industry knowledge creative thinking,223500.0,223500.0,223500.0,0-0,0.0293,,1,1
business development vice president - healthcare / pharma vertical remote,sales strategy healthcare knowledge leadership market analysis sales planning collaboration reporting and analysis negotiation business development communication relationship building teamwork problem solving presentation skills adaptability data-driven solutions data analytics social impact awareness,223500.0,223500.0,223500.0,0-0,0.0293,,1,1
bussiness development executive,,138000.0,138000.0,138000.0,138000-138000,0.0,ashok nagar ranchi jharkhand,0,0
cad designer,,198000.0,198000.0,198000.0,198000-198000,0.0,ambattur chennai tamil nadu,0,0
caf all rounder/barista/tea house chef,,144000.0,144000.0,144000.0,144000-144000,0.0,tiruchchirappalli tamil nadu,0,0
calibration engineer fresher,,420000.0,420000.0,420000.0,420000-420000,0.0,ambli ahmedabad gujarat,0,0
call center sales retention rep bilingual spanish - 18 per hour plus commission incentives,customer service order processing communication problem solving customer satisfaction professionalism adaptability teamwork time management bilingual spanish phone sales cable communications products billing system product knowledge competitor analysis,223500.0,223500.0,223500.0,0-0,0.0293,,1,1
call coordinator,,300000.0,300000.0,300000.0,300000-300000,0.0,bengaluru karnataka,0,0
call quality analyst,,450000.0,450000.0,450000.0,450000-450000,0.0,bengaluru karnataka,0,0
cardiology business development representative,sales account development project management business development cross-functional collaboration communication relationship building problem solving self-motivation work ethic teamwork customer focus adaptability clinical proficiency customer education medical technology explanation crm software salesforce com cardiac patient pathways knowledge,223500.0,223500.0,223500.0,0-0,0.0293,,1,1
cashier,,162000.0,153000.0,171000.0,153000-171000,0.0,"kazhakoottam thiruvananthapuram kerala,kollam kerala,perambalur tamil nadu",0,0
cast member,,3000.0,3000.0,3000.0,3000-3000,0.0,tenkasi tamil nadu,0,0
casual sales ambassador - woodland hills mall,customer service sales techniques inventory management consultation-based service bilingual spanish french communication problem solving active listening customer engagement product knowledge visual merchandising teamwork flexibility adaptability inclusivity,223500.0,223500.0,223500.0,0-0,0.0293,,1,1
category head - mobile,,270000.0,270000.0,270000.0,270000-270000,0.0,chinnamanur tamil nadu,0,0
chartered accountant/semi qualified / icwa cma /cs,,600000.0,600000.0,600000.0,600000-600000,0.0,ram nagar nagpur maharashtra,0,0
chat support representative- mohali,,390000.0,390000.0,390000.0,390000-390000,0.0,mohali punjab,0,0
chief human resource officer,"hr management employee relations compliance talent acquisition training program design performance management regulatory compliance employee orientation professional development communication leadership interpersonal skills problem solving time management teamwork integrity approachability adaptability professionalism attention to detail delegation budget management hr policies development compensation planning hris data analysis conflict resolution safety training background checks employee benefits administration workplace culture improvement organizational strategy development payroll management hr audits analytical skills negotiation conflict management,human resources management compensation and benefits planning talent acquisition training and development strategic planning policy development leadership communication problem solving conflict management teamwork decision-making employment law succession planning ethical standards visionary thinking",223500.0,223500.0,223500.0,0-0,0.0586,,2,2
chief human resources officer,talent management organizational development hr compliance hr technology systems data-driven hr analytics compensation and benefits strategies strategic hr planning workforce planning employee development performance management leadership communication collaboration creativity inclusivity change management employee engagement problem solving,223500.0,223500.0,223500.0,0-0,0.0293,,1,1
cinematography,,939847.175,939847.175,939847.175,939847-939847,0.0,koramangala vi bk bengaluru karnataka,0,0
client finance analyst i,accounting finance microsoft excel budget preparation general ledger reconciliation client service communication time management problem solving analytical skills attention to detail interpersonal skills self-starting attitude critical thinking teamwork project accounting revenue recognition invoicing salesforce,223500.0,223500.0,223500.0,0-0,0.0293,,1,1
client sales consultant,b2b sales sales cycle management ms office word excel powerpoint lead generation negotiation time management communication active listening customer service persuasion problem solving self-motivation relationship building adaptability crm software product demonstration,223500.0,223500.0,223500.0,0-0,0.0293,,1,1
client sales intake coordinator,"english proficiency in word proficiency in adobe,sales customer service lead management communication teamwork adaptability attention to detail positive attitude problem solving time management typing document management software bilingual spanish",223500.0,223500.0,223500.0,0-0,0.0543,,1,2
cloud data engineer,,10354831.0,8892246.5,11817415.5,8892246-11817415,0.0,"sg,us",0,0
collection executive,,261000.0,261000.0,261000.0,261000-261000,0.0,muvattupuzha kerala,0,0
college student,,210000.0,210000.0,210000.0,210000-210000,0.0,remote,0,0
commercial lending and finance partner,finance communication negotiation relationship building problem solving commercial lending business development portfolio management,223500.0,223500.0,223500.0,0-0,0.0293,,1,1
commercial sales manager,business planning customer relationship management market analysis pricing strategy negotiation communication teamwork problem solving competitive drive resourcefulness adaptability customer focus relationship building motivation strategic thinking sales strategy development ebitda assessment rfq generation product engineering collaboration cross-functional project participation oem knowledge presentation skills,223500.0,223500.0,223500.0,0-0,0.0293,,1,1
commis 3,,120000.0,120000.0,120000.0,120000-120000,0.0,vasai maharashtra,0,0
commis chef,,198711.0,198711.0,198711.0,198711-198711,0.0,andheri west mumbai maharashtra,0,0
community associate social worker,,222000.0,222000.0,222000.0,222000-222000,0.0,kochi kerala,0,0
community manager,,270000.0,270000.0,270000.0,270000-270000,0.0,noida uttar pradesh,0,0
community outreach business development manager,sales community outreach lead generation data analysis marketing hipaa knowledge presentation skills business development communication relationship building critical thinking problem solving team collaboration decision making creativity adaptability ms office crm systems,223500.0,223500.0,223500.0,0-0,0.0293,,1,1
computer faculty,,120000.0,120000.0,120000.0,120000-120000,0.0,remote,0,0
computer hardware networking engineer,,69000.0,69000.0,69000.0,69000-69000,0.0,kochi kerala,0,0
computer operator,,201000.0,181500.0,220500.0,181500-220500,0.0,"mandvi gujarat,morbi gujarat",0,0
computer staff - female for kollam,,108000.0,108000.0,108000.0,108000-108000,0.0,kollam kerala,0,0
computer vision engineer,,2985288.6666666665,1987933.0,3687275.0,1987933-3687275,0.0,"br,dk,us",0,0
computer vision software engineer,,6911991.0,6360995.5,7462986.5,6360995-7462986,0.0,us,0,0
consultant - cybersecurity and information technology health segment - campus 2024,cybersecurity information technology project management federal laws and regulations compliance data analytics operating systems windows unix configuration management tools health information technology technical writing business development problem solving teamwork communication self-motivation attention to detail adaptability client service curiosity passion for public sector vulnerability management tools e g nessus,223500.0,223500.0,223500.0,0-0,0.0293,,1,1
consultant doctor,,270000.0,270000.0,270000.0,270000-270000,0.0,"salem tamil nadu,tirupati andhra pradesh",0,0
consultant financial services consumer finance l forensic and litigation consulting,compliance financial analysis risk assessment report writing data analysis project management business development communication teamwork problem solving leadership adaptability client relationship management organizational skills collaboration banking regulatory knowledge consumer protection regulations,223500.0,223500.0,223500.0,0-0,0.0293,,1,1
content creator,,450000.0,300000.0,645000.0,300000-645000,0.0,"andheri west mumbai maharashtra,remote",0,0
content creator intern,,90000.0,90000.0,90000.0,90000-90000,0.0,remote,0,0
content strategist writer,,60.0,60.0,60.0,60-60,0.0,remote,0,0
content writer-remote,,250000.0,250000.0,250000.0,250000-250000,0.0,calicut kerala,0,0
coordinator - business development ny,powerpoint excel word salesforce market research crm systems presentation production contract drafting communication organization detail-oriented creativity initiative collaboration assertiveness resourcefulness teamwork bloomberg compliance checks,223500.0,223500.0,223500.0,0-0,0.0293,,1,1
coordinator finance,accounting finance excel budgeting invoicing data entry fixed asset inventory attention to detail organizational skills communication problem solving time management teamwork discretion independence professionalism office 365 adobe pdf,223500.0,223500.0,223500.0,0-0,0.0293,,1,1
corporate director of finance,financial reporting budgeting accounting standards accounts reconciliation financial analysis internal controls team management auditing financial statements analysis communication teamwork problem solving leadership organizational skills proactivity independence trustworthiness project management forecasting cash flow forecasting contract management creativity,223500.0,223500.0,223500.0,0-0,0.0293,,1,1
corporate finance associate,financial analysis financial reporting financial statement analysis budget control critical thinking analytical problem-solving attention to detail learning agility initiative relationship building self-starter project management communication team collaboration financial modeling data visualization excel quantitative analysis kpi delivery powerpoint,223500.0,223500.0,223500.0,0-0,0.0293,,1,1
corporate information technology manager hotels,budget management data security project management database management leadership communication interpersonal skills strategic thinking team management decision-making problem-solving adaptability it management hospitality industry knowledge property management systems it infrastructure design system administration network management vendor management technology solutions identification system audits it policy development telecommunications systems hardware and software testing training and development stakeholder engagement,223500.0,223500.0,223500.0,0-0,0.0293,,1,1
corporate relationship manager,,420000.0,420000.0,420000.0,420000-420000,0.0,delhi delhi,0,0
counter sales,customer service computer skills communication teamwork problem solving adaptability time management attention to detail hvac knowledge invoicing product procurement stock management,223500.0,223500.0,223500.0,0-0,0.0293,,1,1
counter sales representative,cash handling general math skills customer service communication decision making ability to learn teamwork order management system microsoft office lifting and loading merchandise,223500.0,223500.0,223500.0,0-0,0.0293,,1,1
cre and agency leader,,550000.0,550000.0,550000.0,550000-550000,0.0,tiruppur tamil nadu,0,0
cs management trainee financial planning investment job location - vadodara gujarat only,,222000.0,222000.0,222000.0,222000-222000,0.0,vadodara gujarat,0,0
customer care executive - hindi must,,180000.0,180000.0,180000.0,180000-180000,0.0,chennai tamil nadu,0,0
customer relationship executive - b2b,,204000.0,204000.0,204000.0,204000-204000,0.0,thiruvananthapuram kerala,0,0
customer relationship executive for rajkot candidate only,,210000.0,210000.0,210000.0,210000-210000,0.0,rajkot gujarat,0,0
customer service executive,,223500.0,177750.0,269250.0,177750-269250,0.0,"dharmsala himachal pradesh,whitefield bengaluru karnataka",0,0
customer service officer,,153600.0,153600.0,153600.0,153600-153600,0.0,remote,0,0
customer service representative,,150000.0,150000.0,150000.0,150000-150000,0.0,indore madhya pradesh,0,0
customer success associate,,180000.0,180000.0,180000.0,180000-180000,0.0,remote,0,0
customer support - trainee,,450000.0,450000.0,450000.0,450000-450000,0.0,remote,0,0
cyber security trainee,,240000.0,240000.0,240000.0,240000-240000,0.0,india,0,0
cyber security trainer,,600000.0,600000.0,600000.0,600000-600000,0.0,laxmi nagar delhi delhi,0,0
d365 f o finance consultant,training accounting finance business administration problem solving attention to detail critical thinking client relationship management teamwork time management communication adaptability d365 finance erp systems business requirements system design software configuration testing deployment quality assurance isv solutions,223500.0,223500.0,223500.0,0-0,0.0293,,1,1
d365 finance business analyst,finance business analysis documentation project management communication analytical skills problem solving collaboration microsoft dynamics 365 f sc power bi integration methodologies reporting tools microsoft office 365 suite d365 f sc modules gl ap ar cash management fixed assets project management accounting testing and validation configuration of flows and workflows time management detail-oriented independence adaptability to new technologies,223500.0,223500.0,223500.0,0-0,0.0293,,1,1
data analyst,,5047625.608695652,2355498.5,6640000.0,2355498-6640000,0.0,"ca,chennai tamil nadu,de,fr,gb,in,ng,pk,saidapet chennai tamil nadu,tambaram chennai tamil nadu,us",0,0
data analytics engineer,,6636292.666666667,5389439.0,7879439.0,5389439-7879439,0.0,"de,gb,us",0,0
data analytics manager,,10513333.333333334,9960000.0,10790000.0,9960000-10790000,0.0,us,0,0
data architect,,14940000.0,14940000.0,14940000.0,14940000-14940000,0.0,us,0,0
data digitization executive,,144000.0,144000.0,144000.0,144000-144000,0.0,poojappura thiruvananthapuram kerala,0,0
data engineer,,6820734.684210527,2951106.5,9291331.25,2951106-9291331,0.0,"at,de,fr,gb,gr,in,ir,jp,mt,mx,nl,pl,tr,us",0,0
data engineer - enterprise data and analytics human resources stream,data security data management data analysis collaboration problem solving communication adaptability customer focus etl sql python cloud technologies data warehousing test automation data visualization innovation,223500.0,223500.0,223500.0,0-0,0.0293,,1,1
data engineering manager,,11255713.0,9662569.5,13570500.0,9662569-13570500,0.0,"es,us",0,0
data entry executive,,273092.7,273092.7,273092.7,273092-273092,0.0,remote,0,0
data entry executive delhi only,,150000.0,150000.0,150000.0,150000-150000,0.0,delhi delhi,0,0
data entry fresher apply now,,276532.74,276532.74,276532.74,276532-276532,0.0,noida uttar pradesh,0,0
data entry fresher tiruppur,,144000.0,144000.0,144000.0,144000-144000,0.0,tiruppur tamil nadu,0,0
data entry intern,,36000.0,36000.0,36000.0,36000-36000,0.0,remote,0,0
data entry officer,,271136.82,271136.82,271136.82,271136-271136,0.0,pimpri-chinchwad maharashtra,0,0
data entry operater,,240000.0,240000.0,240000.0,240000-240000,0.0,vadapalani chennai tamil nadu,0,0
data entry operator,,200000.0,200000.0,200000.0,200000-200000,0.0,nagercoil tamil nadu,0,0
data entry operator - production,,210000.0,210000.0,210000.0,210000-210000,0.0,silvassa dadra and nagar haveli,0,0
data entry operator deo,,194552.63999999998,194552.63999999998,194552.63999999998,194552-194552,0.0,inderlok delhi delhi,0,0
data entry operator fresher,,216000.0,216000.0,216000.0,216000-216000,0.0,udyog bhawan delhi delhi,0,0
data entry operator/computer operator,,180000.0,180000.0,180000.0,180000-180000,0.0,"raigarh chhattisgarh,thiruvananthapuram kerala",0,0
data entry work from office - female- fresher,,150000.0,150000.0,150000.0,150000-150000,0.0,chennai tamil nadu,0,0
data mining freshers from nagpur location only,,123000.0,123000.0,123000.0,123000-123000,0.0,nagpur maharashtra,0,0
data processing,,120000.0,120000.0,120000.0,120000-120000,0.0,shastripuram agra uttar pradesh,0,0
data processor - business analytics,,360000.0,360000.0,360000.0,360000-360000,0.0,technopark thiruvananthapuram kerala,0,0
data science consultant,,5790637.285714285,5589967.0,6950461.5,5589967-6950461,0.0,"de,es,in,us",0,0
data science engineer,,6974988.0,5169447.5,8780528.5,5169447-8780528,0.0,"ca,gr",0,0
data science manager,,11044893.0,7878111.0,14442000.0,7878111-14442000,0.0,"fr,in,us",0,0
data scientist,,6352579.440677966,3192180.0,8671591.0,3192180-8671591,0.0,"at,br,ca,cl,de,es,fr,gb,hu,il,in,it,lu,mx,ng,tr,ua,us,vn",0,0
data solutions analyst managed care - finance focus - r7269,communication collaboration problem solving adaptability sql data warehousing etl databricks power bi tableau azure python data modeling data analysis data security microsoft 365 suite attention to detail,223500.0,223500.0,223500.0,0-0,0.0293,,1,1
data specialist,,13695000.0,13695000.0,13695000.0,13695000-13695000,0.0,us,0,0
data validation associate - night shift,,150000.0,150000.0,150000.0,150000-150000,0.0,remote,0,0
database administrator,,545178.36,545178.36,545178.36,545178-545178,0.5969,chennai tamil nadu,139,0
dealer territory sales consultant,sales project management email communication phone communication problem resolution customer service communication teamwork adaptability time management goal orientation salesforce territory management cold calling new business acquisition account maintenance product penetration,223500.0,223500.0,223500.0,0-0,0.0293,,1,1
delivery assistant,,154164.0,154164.0,154164.0,154164-154164,0.0,gulbarga karnataka,0,0
delivery boy,,240000.0,240000.0,240000.0,240000-240000,0.0,kottayam kerala,0,0
delivery drivers / delivery executives / delivery boys / freshers,,360000.0,360000.0,360000.0,360000-360000,0.0,"ahmedabad gujarat,chandigarh chandigarh",0,0
delivery executive,,247500.0,236250.0,258750.0,236250-258750,0.0,"nemmara kerala,venjaramudu kerala",0,0
delivery executive/delivery partner,,318000.0,318000.0,318000.0,318000-318000,0.0,"dehradun uttarakhand,delhi,gurugram haryana,noida uttar pradesh",0,0
delivery partner/delivery executive,,390000.0,360000.0,390000.0,360000-390000,0.0,"bengaluru karnataka,bhubaneswar orissa,goa goa,kochi kerala,kolkata west bengal,madurai tamil nadu,mangalore karnataka,manipala karnataka,thrissur kerala",0,0
department supervisor,,258000.0,258000.0,258000.0,258000-258000,0.0,salem tamil nadu,0,0
devops engineer,,223500.0,223500.0,223500.0,0-0,0.6656,,155,0
digital and artificial intelligence marketing service executive,,510000.0,510000.0,510000.0,510000-510000,0.0,remote,0,0
digital marketing executive,,84000.0,84000.0,84000.0,84000-84000,0.0,zirakpur punjab,0,0
digital marketing fresher,,54000.0,54000.0,54000.0,54000-54000,0.0,kochi kerala,0,0
digital marketing intern,,80375.0,50375.0,114000.0,50375-114000,0.0,remote,0,0
digital marketing intern/fresher,,120000.0,120000.0,120000.0,120000-120000,0.0,delhi,0,0
digital marketing internship,,96000.0,96000.0,96000.0,96000-96000,0.0,thiruvananthapuram kerala,0,0
digital marketing manager,,414000.0,414000.0,414000.0,414000-414000,0.0,remote,0,0
digital marketing specialist,,270000.0,255000.0,285000.0,255000-285000,0.0,"chandigarh chandigarh,gurugram haryana",0,0
digital visitor media sales executive,b2b sales sales strategies client relationship management communication interpersonal skills listening self-motivation results-oriented mindset reliability detail-oriented positive attitude crm software advertising solutions market analysis presentation skills networking creativity punctuality,223500.0,223500.0,223500.0,0-0,0.0293,,1,1
diploma mechanical engineer - design engineer trainee,,168000.0,168000.0,168000.0,168000-168000,0.0,coimbatore tamil nadu,0,0
diploma trainee,,192000.0,180000.0,204000.0,180000-204000,0.0,"chhati chhattisgarh,hubli karnataka",0,0
direct hire fulltime oem business development manager remote,sales account management customer relationship management business development crm software salesforce com microsoft office suite word excel data analysis communication teamwork problem solving time management organizational skills interpersonal skills resilience curiosity customer service orientation negotiation product knowledge market analysis assertiveness,223500.0,223500.0,223500.0,0-0,0.0293,,1,1
director business development,business development sales strategy negotiation market analysis revenue generation data analysis customer relationship management contract management communication leadership creativity decisiveness adaptability team collaboration problem solving curiosity persuasion learning agility digital signage multi-channel marketing,223500.0,223500.0,223500.0,0-0,0.0293,,1,1
director business development enterprise,business development sales strategy market research customer engagement team leadership budget management analytical skills project management communication interpersonal skills problem-solving collaboration customer orientation organizational skills time management mentoring motivation creativity technical selling data integrity,223500.0,223500.0,223500.0,0-0,0.0293,,1,1
director business development global commercial oncology,business development financial modeling p l generation project management data analysis revenue forecasting communication teamwork problem solving leadership interpersonal skills planning collaboration organizational skills presentation skills oncology market assessment clinical development strategic planning commercial diligence licensing and acquisition drug development process adaptability integrity intellectual curiosity,223500.0,223500.0,223500.0,0-0,0.0293,,1,1
director business development pharma - plainsboro nj,technical marketing technical sales project management presentation skills business development influence without authority resiliency self-motivation networking customer relationship management team collaboration pharmaceutical ingredients sales cannabinoids knowledge,223500.0,223500.0,223500.0,0-0,0.0293,,1,1
director business finance,budgeting strategic planning leadership training methodologies communication teamwork problem solving influencing relationship building collaboration critical thinking financial reporting forecasting financial analysis cost control microsoft office pressure management performance evaluation,223500.0,223500.0,223500.0,0-0,0.0293,,1,1
director commercial finance,financial leadership sales planning revenue growth management rgm financial analysis financial reporting financial systems analytical tools compliance business partnering teamwork communication leadership relationship building problem solving self-starter coaching adaptability consensus building pricing strategy,223500.0,223500.0,223500.0,0-0,0.0293,,1,1
director finance,"financial analysis data analytics excel communication collaboration problem solving organizational skills adaptability trust building budget forecasting financial modeling financial reporting software sql tableau hyperion marketing roi analysis customer lifetime value analysis team leadership curiosity,financial analysis accounting financial reporting budgeting financial planning compliance information systems management communication leadership strategic thinking problem solving team management adaptability interpersonal skills negotiation health care finance political awareness",223500.0,223500.0,223500.0,0-0,0.0586,,2,2
director global client finance,financial analysis profitability analysis microsoft excel reporting data analysis communication team management problem solving time management adaptability professionalism self-confidence resilience integrity proactivity attention to detail tolerance for ambiguity contract development compensation modeling media planning hyperion,223500.0,223500.0,223500.0,0-0,0.0293,,1,1
director head of finance,accounting financial planning analysis cash flow management financial strategies public accounting experience mentoring coaching relationship management communication leadership initiative teamwork self-motivation independence collaboration treasury functions assertiveness,223500.0,223500.0,223500.0,0-0,0.0293,,1,1
director human resources,"human resources management project management talent acquisition employee relations data analysis regulatory compliance performance management process improvement coaching and consulting presentation skills microsoft office suite diversity and inclusion talent development strategic planning problem solving communication skills change management hris systems compensation and benefits organizational design leadership influencing teamwork adaptability initiative detail-oriented self-motivation conflict resolution creativity consultative partnering engagement strategies organizational effectiveness communication analytical thinking interpersonal skills,adaa aca state and federal wage and hour practices flexibility,hr leadership talent acquisition employee relations performance management compensation and benefits hris policy development project management budgeting osha leadership communication interpersonal skills problem solving decision making coaching teamwork confidentiality engagement listening skills influencing strategic planning time management consulting change management organizational design workforce analytics market pay analysis job evaluation benefit program design microsoft office suite industry-specific software flsa hipaa eeoc erisa fmla ada",223500.0,223500.0,223500.0,0-0,0.0836,,2,3
director inbound sales,sales operations call center management performance metrics process improvement team building marketing powerpoint excel leadership communication problem solving motivation creativity customer experience enhancement collaboration strategic thinking adaptability decision making budget management market strategy development financial analysis data analysis,223500.0,223500.0,223500.0,0-0,0.0293,,1,1
director information technology,"4 hana abap idoc sap bw4 hana sap mdg sap grc sap srm sap ibp data interfaces edi sap mm sap sd sap fico supply chain management logistics product data management warehouse management itil prince2 agile methodologies jira service now confluence trello slack webex skype for business sarbanes oxley compliance analytical skills negotiation influencing skills adaptability,communication collaboration problem solving decision making self-motivation organization teamwork customer engagement leadership sap erp s",223500.0,223500.0,223500.0,0-0,0.0543,,1,2
director information technology - washington dc,it management project management technical operations windows operating system unix operating system database administration policy development it infrastructure analysis leadership communication collaboration customer service mentorship adaptability organization strategic planning problem solving vmware netapp telecommunications systems cybersecurity vendor management budget management,223500.0,223500.0,223500.0,0-0,0.0293,,1,1
director information technology services,it management network infrastructure budget management troubleshooting security compliance engineering application support leadership communication problem solving approachability team management cloud technologies vendor management,223500.0,223500.0,223500.0,0-0,0.0293,,1,1
director information technology washington dc,it management technical leadership project management windows operating system telecommunications systems cybersecurity budget management policy development database administration network administration communication collaboration mentorship customer service adaptability accountability organizational skills formal documentation unix operating system vmware netapp infrastructure analysis vendor management cloud computing,223500.0,223500.0,223500.0,0-0,0.0293,,1,1
director nfl partnership and business development,partnership management event coordination strategic development relationship management cross-functional collaboration leadership communication organizational skills strategic thinking relationship-building adaptability problem-solving salesforce crm financial modeling,223500.0,223500.0,223500.0,0-0,0.0293,,1,1
director of business development,"business development sales negotiation persuasion market analysis cold calling strategic networking client management presentation skills communication relationship building self-driven proactive approach collaboration interpersonal skills goal-oriented freight forwarding understanding of freight rates international freight forwarding,business development strategy market analysis microsoft office suite relationship building data analysis creativity strategic thinking communication presentation skills problem solving collaboration proposal writing microsoft teams deltek vision networking,sales strategy development account management business development relationship building analytical thinking problem solving results orientation organizational skills communication lidar sensors crm database management technical proficiency in industrial technology,b2b sales business development revenue growth microsoft office suite sales cycle management marketing solutions web applications saas applications relationship building collaboration communication problem solving results orientation adaptability negotiation time management closing large deals professional services mobile applications,business development team management sales development training and development technical understanding solution presentation leadership communication problem solving adaptability collaboration,business development contract negotiation sales strategies lead generation account management client presentations strategic prospecting sales pipeline management communication time management organizational skills teamwork networking relationship building independence detail-oriented strategic thinking problem solving crm clinical research irb ibc,business development relationship building communication problem solving networking leadership market analysis proposal writing microsoft office suite microsoft teams deltek vision strategic planning creativity team collaboration presentation skills",223500.0,223500.0,223500.0,0-0,0.2051,,7,7
director of business development - alliance partnerships,communication microsoft office suite business development data analysis interpersonal skills creativity networking customer satisfaction problem solving team collaboration negotiation crm software google suite sales strategies strategic planning partnership management adaptability flexibility leadership strategic awareness,223500.0,223500.0,223500.0,0-0,0.0293,,1,1
director of data engineering,,13036187.5,11254281.25,14818093.75,11254281-14818093,0.0,"gb,us",0,0
director of data science,,16413374.5,12614589.0,17201750.0,12614589-17201750,0.0,"de,jp,pl,us",0,0
director of finance,"4hana power bi tableau variance analysis inventory reporting cogs systems integration leadership presentation skills,advanced excel financial planning analysis team management communication collaboration strategic planning problem solving fp a sap s,financial management accounting financial forecasting budgeting cost analysis gaap compliance dcaa audits financial reporting financial analysis internal controls leadership communication strategic planning team management negotiation problem solving mentoring analytical thinking adaptability collaboration job costing payroll management deltek systems administration cash flow management tax compliance government contracting,leadership communication mentorship relationship building team collaboration financial operations fp a budgeting cash flow management kpi analysis accounting oracle netsuite erp financial reporting cost analysis m a experience tax compliance audit coordination financial modeling analytical thinking detail-oriented problem solving adaptability entrepreneurial mindset,financial reporting accounting data analysis general ledger management financial statements preparation internal accounting control balance sheet analysis communication analytical skills team management problem solving jenzabar cognos audit coordination banking relationships presentation,erp implementation financial forecasting accounting protocols business process optimization mergers and acquisitions integration leadership mentoring cross-functional collaboration communication strategic thinking problem solving relationship management roi analysis monthly pricing analysis net working capital management risk assessment,accounting financial analysis budget preparation financial reporting regulatory compliance internal controls management control systems cash management general ledger management payroll management accounts payable accounts receivable training and development leadership communication teamwork problem solving analytical thinking attention to detail time management interpersonal skills decision making adaptability conflict resolution mentoring cpa statistical analysis cost reimbursement reporting financial audits fixed assets management financial policies,financial reporting budgeting accounting internal controls auditing financial analysis cost management performance measurement project evaluation leadership communication team management interpersonal skills problem solving strategic thinking employee relations training and development adaptability hospitality industry experience contract negotiation purchasing systems capital budgeting customer service,finance accounting budget preparation financial statements microsoft office accounting software financial forecasting data reconciliation financial analysis communication interpersonal skills leadership teamwork problem solving statistical data compilation ethical conduct discretion,forecasting budgeting business leadership collaboration communication labor reporting cash flow management financial controls policy and procedure operations month-end close accounts payable a,p accounts receivable a,r payroll management erp systems management hotel accounting systems excel advisement",223500.0,223500.0,223500.0,0-0,0.3558,,13,12
director of finance - 24314,financial reporting financial analysis fp a p l management kpi reporting data analysis budgeting accounting principles advanced degree in finance interpersonal skills leadership communication collaboration problem solving strategic thinking,223500.0,223500.0,223500.0,0-0,0.0293,,1,1
director of finance - managed communities,financial accounting gaap compliance financial reporting budgeting auditing financial analysis tax compliance general ledger management team mentorship strategic finance communication organizational skills teamwork problem solving leadership adaptability customer service microsoft office healthcare finance confidentiality,223500.0,223500.0,223500.0,0-0,0.0293,,1,1
director of finance - the langham new york,financial analysis budgeting forecasting financial reporting financial software e g sunsystems infor q a birchstreet tax regulations computer skills word excel leadership communication decision making organizational skills teamwork adaptability problem solving customer satisfaction focus gaap internal controls cash management hospitality finance business law insurance knowledge employee benefits knowledge financial projections mentoring,223500.0,223500.0,223500.0,0-0,0.0293,,1,1
director of finance / controller,financial management accounting principles gaap budgeting financial analysis financial management software inventory management tax preparation auditing financial reporting cash flow management change management strategic planning performance reporting problem solving leadership communication teamwork attention to detail judgment flexibility collaboration self-reliance results-oriented conflict resolution stakeholder engagement cost accounting negotiation government contracts mentoring influence creativity,223500.0,223500.0,223500.0,0-0,0.0293,,1,1
director of finance and accounting,"financial strategy corporate budgeting financial reporting operational efficiency finance and accounting systems payroll administration accounts payable accounts receivable expense processing compliance standards leadership communication collaboration problem solving training policy development,financial reporting general accounting operational accounting cash management operational analysis cpa accounting degree finance degree leadership communication problem solving team management adaptability analytical skills budgeting forecasting kpi development netsuite high growth organization experience entrepreneurial environment experience strategic thinking",223500.0,223500.0,223500.0,0-0,0.0586,,2,2
director of finance and data analytics penn signature services,financial analysis budget management financial reporting microsoft excel accounting principles business planning powerpoint relationship management process optimization leadership communication critical thinking problem solving organizational skills team management independence collaboration presentation skills employee development data analytics revenue cycle management sql statistical software spss sas financial modeling data mining healthcare finance,223500.0,223500.0,223500.0,0-0,0.0293,,1,1
director of finance n a,accounting practices budget preparation financial reporting profit and loss responsibility leadership teamwork independence communication analytical thinking problem solving financial analysis cost accounting tax planning financial forecasting financial systems cpa cma mba,223500.0,223500.0,223500.0,0-0,0.0293,,1,1
director of finance-kimpton armory hotel bozeman,accounting financial analysis budgeting cash flow management microsoft office suite project management data processing communication detail-oriented organizational skills critical thinking leadership adaptability teamwork problem solving financial modeling peoplesoft tax compliance coaching,223500.0,223500.0,223500.0,0-0,0.0293,,1,1
director of human resources,"human resources management recruitment employee relations performance management compliance with labor laws data management training development payroll management project management computer skills communication team building attention to detail problem solving conflict management leadership time management collaboration motivation adaptability,human resources management employee relations compliance with labor laws ms office hris systems training and development policy development recruitment strategies data analysis project management communication leadership organizational skills teamwork problem solving confidentiality flexibility mentoring interpersonal skills adaptability,hr policies payroll employee relations performance management compensation and benefits talent acquisition hris systems microsoft office suite organizational design communication problem-solving interpersonal skills integrity professionalism autonomy resilience adaptability trustworthiness hr infrastructure compliance mergers and acquisitions workforce planning employee engagement,human resources management employee relations talent development confidentiality hospitality industry experience communication skills interpersonal skills organizational skills problem-solving skills leadership hr policies and best practices performance management labor and employment law relevant hr certifications bachelor s degree in hr or related field cultural championing,human resources management talent management change management organizational management performance management training and development compensation management hris systems legal compliance employee relations payroll administration data analysis employee engagement recruitment and hiring confidentiality communication collaboration leadership strategic thinking problem solving coaching adaptability interpersonal skills conflict resolution organizational skills empathy facilitation diversity equity inclusion succession planning risk management workplace safety cultural competency",223500.0,223500.0,223500.0,0-0,0.1465,,5,5
director of information technology,"business acumen collaboration problem solving communication leadership strategic thinking it management cloudsuite warehouse management systems api development integration experience risk analysis risk mitigation software purchasing hardware purchasing subscription management,cybersecurity communication strategic planning team management problem solving adaptability cloud migration erp implementation infrastructure design m365 dynamics erp it leadership it staffing and support,it strategy development data security measures network management hardware procurement sql data backup systems it budget management web and mobile platform development leadership communication problem solving interpersonal skills teamwork adaptability crm management api integration coaching,network administration data management project management risk mitigation strategies communication collaboration leadership problem solving independence creativity adaptability self-starter it strategy development server management cloud computing cybersecurity it service management itil data security protocols passion for mission,it strategy development budget management project management networking technologies server management software applications disaster recovery planning it security policies technical certifications pmp itil cissp roi calculation for it systems leadership communication interpersonal skills strategic thinking adaptability mentorship relationship building trust cultivation data governance yardi software,cd toolsets git atlassian gitlab microsoft visual studio,it security practices distributed systems project management leadership communication problem solving adaptability c java c++ rdbms design containerization automation tools jenkins sos job scheduler ci,net infrastructure provisioning automation devops software development life cycle passion for learning,cloud services server management networking cybersecurity project management leadership mentoring communication team development,vendor management project management technical support management performance evaluation leadership team management communication interpersonal skills problem solving strategic thinking collaboration adaptability it strategy development it infrastructure management cybersecurity cloud computing budget management data integrity and security disaster recovery planning it policies and procedures emerging technologies evaluation resource allocation software implementation system migration technical translation,web development server administration network operations it security practices technical support web architecture problem solving innovation it management budget management database administration project management data analytics customer service it service management itsm strategic leadership collaboration communication team building stakeholder management organizational skills transparency consensus building,microsoft sql server infrastructure management application management communication customer service integrity problem solving erp systems project management systems integration data security automation enterprise architecture management risk management leadership business acumen listening skills team development strategic thinking sense of humor",223500.0,223500.0,223500.0,0-0,0.3429,,10,12
director of sales,sales leadership budgeting customer service interpersonal skills results driven team management problem solving communication strategic planning networking legal sales pipeline management salesforce com court reporting deposition services,223500.0,223500.0,223500.0,0-0,0.0293,,1,1
director of sales and marketing,"sales marketing customer service presentation skills communication teamwork leadership problem solving organizational skills interpersonal skills budget management networking reporting healthcare knowledge lead generation adaptability,client relationship management digital marketing hospitality industry knowledge social media marketing integrated technologies leadership communication interpersonal skills teamwork initiative customer service problem solving flexibility coaching professionalism motivation relationship building adaptability sales management revenue management marketing strategy financial analysis data analysis budgeting crm software presentation skills contract negotiation market research event planning confidentiality,teamwork communication organizational skills attention to detail self-motivation multitasking interpersonal skills sales strategies hospitality sales market research negotiation account management marketing initiatives envision sales hyatt systems data analysis leadership",223500.0,223500.0,223500.0,0-0,0.0879,,3,3
director p t finance,financial planning financial analysis p l management budget tracking reporting data analysis strategic planning team leadership communication collaboration problem solving adaptability credibility self-direction project management engagement influence business partnering financial modeling creativity,223500.0,223500.0,223500.0,0-0,0.0293,,1,1
director r d finance,financial management financial modeling investment analysis budget management risk assessment strategic planning strategic thinking problem solving leadership collaboration communication analytical skills analytics tools erp systems forecasting resource allocation financial governance infrastructure forecasting organizational change management,223500.0,223500.0,223500.0,0-0,0.0293,,1,1
director/vp project finance,documentation financial analysis leadership communication relationship building problem solving presentation skills strategic thinking project finance debt financing tax equity financial modeling sensitivity analysis due diligence capital markets,223500.0,223500.0,223500.0,0-0,0.0293,,1,1
district human resources manager pensacola,human resources microsoft excel microsoft powerpoint onboarding talent management training communication collaboration coaching problem solving relationship building adaptability employment law hris systems microsoft word data analysis recruiting compliance performance management succession planning integrity leadership engagement analytical thinking,223500.0,223500.0,223500.0,0-0,0.0293,,1,1
district sales manager,chain account management field sales people management leadership coaching planning and organizing teamwork judgment communication microsoft office suite category management system nielsen industry data systems,223500.0,223500.0,223500.0,0-0,0.0293,,1,1
django developer,,223500.0,223500.0,223500.0,0-0,0.6528,,152,0
dmo,,540000.0,540000.0,540000.0,540000-540000,0.0,nizamabad telangana,0,0
doctor,,270000.0,270000.0,270000.0,270000-270000,0.0,bellary karnataka,0,0
document review specialist- finance,negotiation communication teamwork time management initiative client interaction problem solving equity swaps contract drafting isda master agreement otc equity options risk management trading agreements attention to detail financial regulations legal documentation,223500.0,223500.0,223500.0,0-0,0.0293,,1,1
document scanning,,144000.0,144000.0,144000.0,144000-144000,0.0,moshi pune maharashtra,0,0
document verification,,180000.0,180000.0,180000.0,180000-180000,0.0,nesapakkam chennai tamil nadu,0,0
document verification executive fresher,,174000.0,174000.0,174000.0,174000-174000,0.0,ghitorni delhi delhi,0,0
document verification fresher apply now,,262974.72,262974.72,262974.72,262974-262974,0.0,gurugram haryana,0,0
document verification office fresher applied now,,196694.03999999998,196694.03999999998,196694.03999999998,196694-196694,0.0,delhi cantt delhi delhi,0,0
documentation freshers,,216000.0,216000.0,216000.0,216000-216000,0.0,kottayam kerala,0,0
documents verification,,270000.0,270000.0,270000.0,270000-270000,0.0,vadapalani chennai tamil nadu,0,0
dog walker,,174000.0,174000.0,174000.0,174000-174000,0.0,saket delhi delhi,0,0
draftsman,,9.0,9.0,9.0,9-9,0.0,india,0,0
draughtsman mechanical,,168000.0,168000.0,168000.0,168000-168000,0.0,talawade pune maharashtra,0,0
drug safety associate,,412801.74000000005,412801.74000000005,412801.74000000005,412801-412801,0.0,nashik maharashtra,0,0
dsmh-hiring-,,256872.0,256872.0,256872.0,256872-256872,0.0,india,0,0
dues coordinator intern,,150000.0,150000.0,150000.0,150000-150000,0.0,chennai tamil nadu,0,0
duty officer,,246000.0,246000.0,246000.0,246000-246000,0.0,kochi kerala,0,0
e-commerce manager,,289706.22000000003,289706.22000000003,289706.22000000003,289706-289706,0.0,tiruppur tamil nadu,0,0
e-commerce works agency with amazon ppc ad management,,274842.6,274842.6,274842.6,274842-274842,0.0,remote,0,0
early careers accounting/finance - internship summer 2024 -philadelphia,financial analysis budgeting forecasting reporting financial modeling data analysis accounting principles collaboration adaptability problem solving communication attention to detail time management critical thinking teamwork sox compliance auditing p l analysis,223500.0,223500.0,223500.0,0-0,0.0293,,1,1
editor,,400000.0,400000.0,400000.0,400000-400000,0.0,bengaluru karnataka,0,0
education consultant,,222000.0,222000.0,222000.0,222000-222000,0.0,kasaragod kerala,0,0
education counsellor,,300000.0,270000.0,330000.0,270000-330000,0.0,"sai baba colony coimbatore tamil nadu,thrissur kerala",0,0
electrical assembler,,240000.0,240000.0,240000.0,240000-240000,0.0,coimbatore tamil nadu,0,0
electrical engineer,,210000.0,210000.0,210000.0,210000-210000,0.0,thrissur kerala,0,0
electrical technician,,240000.0,240000.0,240000.0,240000-240000,0.0,sion mumbai maharashtra,0,0
engineering business development specialist intern,microsoft word microsoft excel microsoft powerpoint contract analysis communication organizational skills attention to detail team collaboration problem solving adaptability data analysis data entry business analysis,223500.0,223500.0,223500.0,0-0,0.0293,,1,1
enterprise business development representative,communication self-motivation collaboration growth mindset ownership adaptability salesforce outreach saas social selling omni-channel prospecting video prospecting email crafting,223500.0,223500.0,223500.0,0-0,0.0293,,1,1
enterprise business development representative - us,salesforce data analysis lead generation communication team collaboration client-centric approach analytical skills organizational skills self-starter multitasking generative ai semantic search machine learning hubspot saas market knowledge,223500.0,223500.0,223500.0,0-0,0.0293,,1,1
enterprise sales executive,sales presentation skills customer relationship management communication self-motivation relationship building organization problem solving work ethic team collaboration crm hubspot business development pipeline management marketing negotiation print on demand direct mail solutions healthcare industry knowledge insurance industry knowledge financial services knowledge franchise organizations knowledge adaptability persistence,223500.0,223500.0,223500.0,0-0,0.0293,,1,1
entry level sales -- no experience necessary,sales customer service training teamwork communication problem solving adaptability lead generation creativity,223500.0,223500.0,223500.0,0-0,0.0293,,1,1
entry level sales representative,customer service sales business communication networking leadership self-driven competitive willingness to learn teamwork problem solving outgoing,223500.0,223500.0,223500.0,0-0,0.0293,,1,1
entry-level business development representative 72k ote,sales business development data entry communication customer excellence self-motivation attention to detail problem solving creativity teamwork salesforce research pipeline management,223500.0,223500.0,223500.0,0-0,0.0293,,1,1
entry-level information technology it role,"desktop support technical skills customer success communication motivation teamwork problem solving business fundamentals networking interviewing skills resume building,helpdesk,data analytics project management customer success communication networking motivation helpdesk support banking operations interviewing skills resume building,application development helpdesk support desktop support project management quality assurance business fundamentals communication networking motivation coaching interviewing skills resume building",223500.0,223500.0,223500.0,0-0,0.1129,,3,4
equipment finance collections specialist,collections customer service administrative tasks negotiation record keeping financial services regulatory compliance communication problem solving teamwork customer-centric approach operational efficiency skip tracing training,223500.0,223500.0,223500.0,0-0,0.0293,,1,1
equipment finance sales coordinator senior - htf,transaction management documentation review data entry financial analysis ms excel sales support process improvement client service communication time management organizational skills multitasking self-motivation teamwork mentoring,223500.0,223500.0,223500.0,0-0,0.0293,,1,1
event finance manager,budgeting forecasting financial analysis accounting erp accounting software financial reporting interpersonal skills relationship building attention to detail communication team collaboration problem solving microsoft excel fp a software,223500.0,223500.0,223500.0,0-0,0.0293,,1,1
event sales specialist,event management event planning customer service sales organizational skills time management communication relationship building proactive approach independent work b2b marketing,223500.0,223500.0,223500.0,0-0,0.0293,,1,1
exam invigilator,,168000.0,168000.0,168000.0,168000-168000,0.0,tirupati andhra pradesh,0,0
exciting opportunity alert business development manager,business development strategic planning market analysis sales targets achievement client relationship management negotiation bachelor s degree in business administration communication team collaboration results-oriented mindset adaptability problem solving,223500.0,223500.0,223500.0,0-0,0.0293,,1,1
executive director of human resources spaulding rehabilitation hospital,hr management talent strategy change management workforce planning employee relations recruitment and retention compensation and benefits hris leadership development organizational development data analysis performance management operational transformation collaboration communication problem solving leadership strategic thinking interpersonal skills conflict resolution adaptability coaching feedback reception diversity and inclusion strategic hrbp model human capital planning,223500.0,223500.0,223500.0,0-0,0.0293,,1,1
experienced vacation ownership sales manager - elite line,sales training customer service organizational skills planning skills coaching performance appraisal recruiting process-oriented leadership team management interpersonal skills communication problem solving motivation relationship building self-directed positive attitude continuous improvement timeshare sales administrative skills,223500.0,223500.0,223500.0,0-0,0.0293,,1,1
facilitator,,144000.0,144000.0,144000.0,144000-144000,0.0,ashoknagar madhya pradesh,0,0
factory helpers / helpers,,212100.0,212100.0,212100.0,212100-212100,0.0,bengaluru karnataka,0,0
factory incharge,,630000.0,630000.0,630000.0,630000-630000,0.0,thane maharashtra,0,0
faculty wanted - commerce,,378000.0,378000.0,378000.0,378000-378000,0.0,pollachi tamil nadu,0,0
fashion designer female as a fashion consultant for a retail store,,144000.0,144000.0,144000.0,144000-144000,0.0,r s puram west tamil nadu,0,0
fb poster designer,,180.0,180.0,180.0,180-180,0.0,remote,0,0
female allocation executive,,258000.0,258000.0,258000.0,258000-258000,0.0,kochi kerala,0,0
female customer care executive surat,,156000.0,156000.0,156000.0,156000-156000,0.0,surat gujarat,0,0
female visa filing officer,,180000.0,180000.0,180000.0,180000-180000,0.0,chandigarh chandigarh,0,0
field collection executive,,252000.0,252000.0,252000.0,252000-252000,0.0,haripad kerala,0,0
field executive,,132000.0,132000.0,132000.0,132000-132000,0.0,ahmedabad gujarat,0,0
field information officer,,270000.0,270000.0,270000.0,270000-270000,0.0,bhubaneswar orissa,0,0
field insurance sales agent- pensacola fl,sales techniques product knowledge consultative selling techniques microsoft office customer relationship management market-based interactions communication skills customer focus listening skills ambition motivation drive networking skills problem solving teamwork property casualty insurance license life insurance sales license risk assessment insurance quoting,223500.0,223500.0,223500.0,0-0,0.0293,,1,1
field marketing executive,,225696.84,225696.84,225696.84,225696-225696,0.0,egmore chennai tamil nadu,0,0
field officer,,180000.0,180000.0,180000.0,180000-180000,0.0,kokrajhar assam,0,0
field sales executive industrial printers 3d / 2d,communication self-motivation proactivity collaboration adaptability problem solving b2b sales sales cycle management technical aptitude market intelligence product knowledge 3d printers negotiation skills customer relationship management presentation skills lead generation travel readiness,223500.0,223500.0,223500.0,0-0,0.0293,,1,1
field sales representative,sales territory management product knowledge diagnostic solutions communication tools customer relationship management presentation skills medical knowledge self-motivation teamwork pressure handling attention to detail goal-oriented coaching openness ethical commitment service orientation,285000.0,262500.0,307500.0,262500-307500,0.0293,"bengaluru karnataka,karvenagar pune maharashtra",1,1
finance - fp a analyst,financial analysis microsoft excel power bi sql accounting principles financial forecasting data interpretation financial reporting financial systems transformation collaboration attention to detail organizational skills stakeholder engagement project management communication sec filings analysis,223500.0,223500.0,223500.0,0-0,0.0293,,1,1
finance / project assistant,financial reporting accounting processes microsoft office suite foreign currency hedging process improvement attention to detail communication team collaboration time management adaptability self-motivation sap project documentation invoicing order entry,223500.0,223500.0,223500.0,0-0,0.0293,,1,1
finance accountant upstream oil and gas,accounting financial reporting financial statement preparation journal entries statutory reporting communication teamwork planning stakeholder engagement presentation skills problem solving sap s4 hana oil and gas industry knowledge big 4 experience,223500.0,223500.0,223500.0,0-0,0.0293,,1,1
finance accounting - staff accountant,excel organizational skills attention to detail adaptability communication gaap account reconciliations financial statement audits journal entries financial schedules balance sheet analysis,223500.0,223500.0,223500.0,0-0,0.0293,,1,1
finance accounting associate,advanced excel cost accounting managerial accounting financial reporting data analysis invoice auditing teamwork communication customer service time management organization problem solving self-motivation adaptability incentive program management financial close process,223500.0,223500.0,223500.0,0-0,0.0293,,1,1
finance accounting consultant,financial reporting project management cash flow management consolidated financial statements budgeting forecasting tools financial management communication organization teamwork problem solving leadership analytical thinking cpa mba us gaap ifrs fp a financial systems implementation financial analysis cost allocation sec reporting internal control policy process redesign software requirements definition customer service adaptability attention to detail collaboration,223500.0,223500.0,223500.0,0-0,0.0293,,1,1
finance accounting leader,accounting project management financial analysis reconciliation cashflow projections financial statements review leadership communication teamwork analytical thinking coordination problem solving invoicing costpoint proliance pmis capitalization of fixed assets escrow accounts reconciliation bond fund management construction management software risk management,223500.0,223500.0,223500.0,0-0,0.0293,,1,1
finance accounting manager,accounting principles regulatory requirements financial reporting gaap standards budgeting forecasting internal controls tax reporting public accounting experience leadership communication collaboration analytical skills problem solving presentation skills task management cpa license,223500.0,223500.0,223500.0,0-0,0.0293,,1,1
finance administrator,microsoft excel microsoft office spreadsheet creation time management organization communication problem solving sap chart creation pivot tables,223500.0,223500.0,223500.0,0-0,0.0293,,1,1
finance analyst,"accounts receivable financial reporting cash management data analysis client service adaptability communication teamwork problem solving attention to detail time management billing microsoft office practice management software,finance accounting microsoft office excel data integration contract management budget forecasting communication teamwork adaptability analytical thinking problem solving deltek costpoint,financial analysis forecasting excel financial reporting budgeting data analysis financial consulting process improvement communication analytical thinking strategic mindset problem solving time management collaboration adaptability gaap powerpoint inquisitive mindset,financial analysis data analysis reporting expense analysis reconciliation trend analysis communication presentation skills problem solving attention to detail flexibility teamwork financial forecasting revenue analysis",223500.0,223500.0,223500.0,0-0,0.1172,,4,4
finance analyst - electrolyzers,financial analysis budget preparation statistical reporting variance analysis financial reporting project management data consolidation risk identification financial modeling communication teamwork leadership problem solving adaptability analytical thinking coaching cost modeling,223500.0,223500.0,223500.0,0-0,0.0293,,1,1
finance analyst - external reporting team,financial reporting data analysis microsoft office financial statements preparation sec filings financial controls process improvement financial analysis teamwork communication organization adaptability interpersonal skills problem solving judgment time management leadership u s gaap esg reporting sap hyperion essbase workiva wdesk a3 strategy diplomacy,223500.0,223500.0,223500.0,0-0,0.0293,,1,1
finance analyst job 247 77 056 - 85 028,budgeting financial reporting microsoft excel advanced fiscal management software communication interpersonal skills problem solving attention to detail teamwork time management adaptability strategic thinking financial analysis financial modeling gaap knowledge risk management data analysis financial statement analysis confidentiality facilitation skills,223500.0,223500.0,223500.0,0-0,0.0293,,1,1
finance and accounting intern,accounting finance data analysis financial planning microsoft excel account reconciliations general ledger accounts payable problem solving organizational skills attention to detail communication teamwork customer service time management motivation to learn microsoft powerpoint microsoft word journal entries accruals tax collections process documentation,223500.0,223500.0,223500.0,0-0,0.0293,,1,1
finance and admin manager,accounting finance payroll management budgeting bank reconciliation quickbooks data analysis strategic planning teamwork communication analytical skills independent work organizational skills confidentiality adaptability client interaction problem solving economics microsoft excel microsoft word microsoft powerpoint microsoft outlook adobe presentation skills,223500.0,223500.0,223500.0,0-0,0.0293,,1,1
finance and building administrator,financial transactions advanced computer skills office software proficiency report creation data analysis project management vendor management communication customer service attention to detail organizational skills problem solving teamwork independence initiative decision-making interpersonal skills budget management facilities management stanford financial systems,223500.0,223500.0,223500.0,0-0,0.0293,,1,1
finance and operations director,financial oversight budgeting financial analysis accounting hr management operations management reporting requirements data analysis financial statements preparation software systems adoption leadership interpersonal skills team management communication collaboration problem solving detail-oriented relationship building strategic planning quickbooks policy development grant management equity and inclusion advocacy,223500.0,223500.0,223500.0,0-0,0.0293,,1,1
finance and strategy associate,financial analysis risk assessment quantitative methods cash flow projections capital allocation reporting accounting budgeting forecasting analytical skills attention to detail collaboration communication strategic thinking creativity professionalism can-do attitude financial modeling cost of ownership calculations,223500.0,223500.0,223500.0,0-0,0.0293,,1,1
finance assistant,general ledger financial reporting advanced computer skills mathematical computations documentation skills data analysis time management accounting principles communication problem solving attention to detail teamwork self-motivation organizational skills professionalism accounts receivable erp systems flexibility customer service confidentiality,223500.0,223500.0,223500.0,0-0,0.0293,,1,1
finance assistant interview asap,excel microsoft office accounts payable accounts receivable computer skills customer service multitasking willingness to learn adaptability,223500.0,223500.0,223500.0,0-0,0.0293,,1,1
finance associate,"financial modeling reporting communication teamwork problem solving stakeholder management strategic thinking adaptability data analytics portfolio management industry research capital formation analytical tools development,financial analysis excel financial reporting accounting knowledge data sourcing risk revenue estimation business development pricing teamwork problem solving communication adaptability intellectual curiosity ownership attention to detail critical thinking positive attitude learning and development forecast modeling powerpoint roi analysis",223500.0,223500.0,223500.0,0-0,0.0586,,2,2
finance associate hybrid,financial reporting client billing systems microsoft office suite data analytics project management reconciliation ad hoc reporting detail-oriented analytical skills organizational skills problem solving communication adaptability service-focused curiosity,223500.0,223500.0,223500.0,0-0,0.0293,,1,1
finance business partner,financial analysis budgeting forecasting data analysis microsoft excel erp applications financial modeling financial performance indicators communication relationship building critical thinking adaptability executive presence autonomy,223500.0,223500.0,223500.0,0-0,0.0293,,1,1
finance business partner mep,reporting communication problem solving teamwork self-starter mentality adaptability financial analysis forecasting variance analysis modeling ms excel google sheets us gaap sql tableau power bi workday adaptive insights fp a epm platforms strategic thinking inclusiveness,223500.0,223500.0,223500.0,0-0,0.0293,,1,1
finance business partner specialty care for intercontinental,financial analysis budgeting accounting data analysis teamwork problem solving interpersonal skills financial reporting financial modeling sales forecasting market analysis project management commercial models communication collaboration proactive mindset,223500.0,223500.0,223500.0,0-0,0.0293,,1,1
finance data analyst,,5166750.0,5166750.0,5166750.0,5166750-5166750,0.0,gb,0,0
finance director,"financial analysis accounting principles ms office excel regulatory compliance leadership communication results-oriented forecasting financial management software data analytics budget management powerpoint audit processes financial modeling organizational skills team-oriented mindset proactive self-motivated,financial management accounting budgeting auditing revenue management cash flow management financial forecasting cost benefit analysis collaboration communication leadership strategic planning problem solving ownership teamwork gaap tax administration investment management,financial management accounting principles gaap budgeting financial analysis forecasting internal audit procedures financial reporting cost control procedures microsoft excel financial statements preparation risk management leadership communication problem solving strategic thinking interpersonal skills detail-oriented analytical skills team management cash flow management statistical analysis regulatory compliance data entry accounts receivable a,p general ledger gl revenue recognition cpa certification chae certification ethical conduct training and development,r accounts payable a",223500.0,223500.0,223500.0,0-0,0.1379,,3,5
finance director - titanium technologies,capital allocation leadership communication collaboration mentoring problem solving influencing stakeholders innovation financial analysis forecasting strategic financial planning financial reporting financial controls financial systems business intelligence tools budgeting commodity market insights strategic mindset continuous improvement,223500.0,223500.0,223500.0,0-0,0.0293,,1,1
finance intern,database management microsoft office budgeting communication interpersonal skills problem solving time management detail oriented teamwork adaptability excel financial reporting data analysis financial management systems report building data entry,180000.0,180000.0,180000.0,180000-180000,0.0293,remote,1,1
finance investor relations intern summer 2024,communication teamwork problem solving organizational skills leadership adaptability financial modeling data analytics project management market analysis presentation preparation reporting microsoft excel financial reporting,223500.0,223500.0,223500.0,0-0,0.0293,,1,1
finance leader - corporate development,financial analysis financial oversight project management communication teamwork problem solving independence integrity accountability m a valuation modeling fp a oversight business intelligence applications scenario analysis valuation concepts and methods market evaluation collaboration curiosity adaptability creativity,223500.0,223500.0,223500.0,0-0,0.0293,,1,1
finance learning advisor,finance training content development employee development programs powerpoint excel word business processes financial concepts learning solutions communication teamwork organizational skills time management presentation skills relationship building influencing skills problem solving ownership adaptability positive attitude collaboration active listening innovation ms o365 sharepoint teams learning metrics,223500.0,223500.0,223500.0,0-0,0.0293,,1,1
finance manager,"financial modeling financial analysis microsoft excel data analysis reporting forecasting accounting financial services problem solving communication analytical thinking attention to detail innovation teamwork,financial management accounting financial reporting budgeting quickbooks microsoft office data analysis audit coordination policy development vendor management teamwork communication attention to detail self-motivation organizational skills confidentiality analytical thinking strategic thinking,financial management financial modeling data analysis forecasting excel powerpoint oracle hyperion interpersonal skills collaboration problem solving adaptability leadership communication intellectual curiosity results-driven,accounting finance excel powerpoint forecasting financial reporting budgeting gaap data analysis multi-tasking communication analytical thinking presentation skills organizational skills flexibility team collaboration problem solving time management tm1 sap ifrs royalty payments headcount reporting,budgeting forecasting financial analysis financial reporting erp systems oracle sap advanced excel accounting principles performance indicators communication presentation skills leadership collaboration analytical thinking strategic thinking problem solving financial planning,headcount forecasting oracle hyperion essbase data management quantitative analysis forecasting financial reporting presentation skills communication collaboration organizational skills attention to detail problem-solving interpersonal skills influencing others proactive approach big picture thinking financial modeling workday business case development,financial analysis budget management financial reporting accounting software microsoft excel cash flow management accounts payable analytical skills communication skills leadership team management attention to detail problem solving collaboration risk management cpa certification payroll management,financial analysis cash flow management bank reconciliations financial reporting accounting information systems compliance process improvement sales reporting communication teamwork problem solving initiative adaptability manufacturing finance experience cpa,accounting financial reporting financial analysis cash management accounts receivable accounts payable tax management risk management financial compliance investment analysis gaap cpa communication leadership analytical thinking strategic thinking collaboration problem solving team management ethical standards budgeting financial planning financial software cost control ifrs erp systems excel financial modeling cfa ca confidentiality,financial analysis budgeting reporting microsoft excel accounting software data management systems communication interpersonal skills teamwork organizational skills problem-solving independence adaptability attention to detail grant accounting compliance accounts payables oversight financial modeling gaap annual audit preparation customer service time management,financial strategies data analysis financial reporting budget management forecasting cost control business partnership decision making detail-oriented analytical skills actuarial services microsoft office suite healthcare financial management,finance accounting financial analysis risk management internal controls data analytics performance management operational excellence business planning forecasting leadership communication teamwork problem solving strategic thinking adaptability collaboration decision making",223500.0,223500.0,223500.0,0-0,0.3644,,15,12
finance manager buf vision medcee,financial leadership financial analysis project management communication interpersonal skills teamwork problem solving time management adaptability leadership strategic thinking collaboration p l management budget planning financial reporting us gaap accounting sarbanes-oxley compliance internal controls business case development cultural awareness,223500.0,223500.0,223500.0,0-0,0.0293,,1,1
finance manager ops finance ipat,financial analysis strategic planning data analytics automation cash flow management budgeting data interpretation leadership collaboration problem solving communication adaptability critical thinking continuous learning risk management working capital management financial modeling sql ms access oracle sap variance analysis,223500.0,223500.0,223500.0,0-0,0.0293,,1,1
finance manager saas,operational finance financial analysis budget preparation entrepreneurial mentality communication problem solving analytical thinking collaboration fp a saas industry experience degree in finance degree in accounting advanced excel m a due diligence recurring revenue models,223500.0,223500.0,223500.0,0-0,0.0293,,1,1
finance manager top secret clearance required,financial management program management financial reporting financial tools and systems communication teamwork problem solving interpersonal skills attention to detail analytical thinking adaptability leadership budgeting contract administration statistical analysis earned value management system evms government financial systems military interdepartmental purchase requests miprs financial forecasting program and budget submissions top secret clearance pmp certification,223500.0,223500.0,223500.0,0-0,0.0293,,1,1
finance manager us,financial analysis auditing accounting strategic planning performance metrics business case development communication relationship management teamwork problem solving leadership adaptability customer focus data visualization financial modeling advanced analytics risk management innovative thinking influencing mentorship,223500.0,223500.0,223500.0,0-0,0.0293,,1,1
finance manager ww ops finance - trans support,financial reporting financial modeling data analysis advanced excel budgeting forecasting financial systems business intelligence communication collaboration problem solving time management adaptability influencing self-development multi-tasking leadership sql data mining,223500.0,223500.0,223500.0,0-0,0.0293,,1,1
finance manager/director - receivables order to cash specialist,financial analysis financial reporting accounting principles microsoft excel team leadership team development receivables management order to cash o2c process record to report r2r process financial systems erp platforms sap oracle,223500.0,223500.0,223500.0,0-0,0.0293,,1,1
finance product data owner,data management data analysis data governance financial products knowledge excel ms office data quality remediation presentation skills communication problem solving critical thinking relationship management self-motivation team collaboration project management mentoring adaptability jira process mapping data lineage data quality tools,223500.0,223500.0,223500.0,0-0,0.0293,,1,1
finance project coordinator,project management financial analysis microsoft office suite process improvement documentation financial reporting data analysis communication time management collaboration problem solving flexibility relationship building negotiation attention to detail business systems knowledge,223500.0,223500.0,223500.0,0-0,0.0293,,1,1
finance project leader,"project management project management tools budget management communication leadership critical thinking problem solving time management detail-oriented project management frameworks change management business requirement documents quality assurance negotiation,project management project management tools business rules quality review change management resource management communication stakeholder management planning execution problem solving team coordination project management frameworks debt placement criteria customer service",223500.0,223500.0,223500.0,0-0,0.0586,,2,2
finance project manager,"microsoft excel financial reporting accounting concepts financial modeling communication problem solving team leadership attention to detail time management analytical skills collaboration organizational skills project management pmp certification sharepoint grants management federal regulations technical reporting,analytical skills attention to detail communication collaboration basel 3 endgame regulation basel 3 rules crr3 capital requirements regulation 3 credit risk knowledge policy writing",223500.0,223500.0,223500.0,0-0,0.0586,,2,2
finance sales manager - remote,financial training finance relationship management verbal communication written communication travel management teamwork problem solving adaptability time management presentation skills strategic thinking lease training secured transactions deal pricing credit understanding consultative selling solution selling equipment finance negotiation customer service,223500.0,223500.0,223500.0,0-0,0.0293,,1,1
finance senior director firm client service,financial management budgeting financial analysis p l management reporting data analysis strategic planning performance metrics leadership communication collaboration problem solving adaptability team development influencing forecasting cost analysis m a activity creativity change management storytelling,223500.0,223500.0,223500.0,0-0,0.0293,,1,1
finance specialist,financial analysis financial reporting accounts payable accounts receivable accounting principles microsoft excel tax regulations analytical skills communication attention to detail independence collaboration financial modeling financial analysis software cpa certification,223500.0,223500.0,223500.0,0-0,0.0293,,1,1
finance specialist - 1771249,financial reporting data analysis communication organizational skills time management collaboration problem solving accounts receivable billing accounts payable microsoft office excel tabs3,223500.0,223500.0,223500.0,0-0,0.0293,,1,1
finance specialist - channel customer marketing,sap accounting invoicing data analysis organizational skills problem solving attention to detail communication teamwork self-starter ability to work under pressure time management excel,223500.0,223500.0,223500.0,0-0,0.0293,,1,1
finance supervisor/manager - healthcare,financial reporting financial analysis erp systems cash flow management bank reconciliation report preparation leadership communication problem solving attention to detail analytical thinking collaboration sop development sql data mining risk management healthcare finance contract interpretation claims analysis medical terminology reimbursement methodologies team management,223500.0,223500.0,223500.0,0-0,0.0293,,1,1
finance support manager,finance accounting forecasting budget management financial operations leadership development fp a data analysis communication team collaboration adaptability problem solving ambition geographical mobility workforce management,223500.0,223500.0,223500.0,0-0,0.0293,,1,1
financial analyst global functions finance,financial planning and analysis fp a data analysis reporting solutions budgeting forecasting variance analytics business modeling data manipulation automation problem solving communication teamwork strategic thinking influencing adaptability analytical thinking collaboration sql data infrastructure ownership,223500.0,223500.0,223500.0,0-0,0.0293,,1,1
financial analyst motion picture finance,financial analysis budgeting accounting knowledge ms excel variance reconciliation p l analysis problem solving communication initiative cross-functional teamwork independence interpersonal skills project management cash forecasting sap knowledge film models maintenance ad hoc analysis,223500.0,223500.0,223500.0,0-0,0.0293,,1,1
financial data analyst,,37350000.0,37350000.0,37350000.0,37350000-37350000,0.0,us,0,0
financial services risk management structured finance - transactions manager,project management regulation compliance leadership relationship building communication teamwork analytical skills problem solving mentoring flexibility structured finance valuation fixed income securities cash flow modeling microsoft excel bloomberg intex moody s wall street analytics citigroup yieldbook pricing tools integrity,223500.0,223500.0,223500.0,0-0,0.0293,,1,1
financial services senior associate/counsel aviation finance,financing transactions legal representation academic performance interpersonal skills client focus problem solving communication strategic thinking adaptability aviation finance commercial aircraft leasing purchase and sale transactions domestic transactions cross-border transactions,223500.0,223500.0,223500.0,0-0,0.0293,,1,1
financial systems administrator information technology,data analysis system implementation reporting tools project management security measures leadership communication teamwork analytical skills interpersonal skills proactive approach continuous learning financial management software database management financial regulations erp systems budget management data synchronization financial systems integration deltek costpoint sap concur quickbooks cultural sensitivity,223500.0,223500.0,223500.0,0-0,0.0293,,1,1
fine jewelry sales associate - full time - crabtree,sales experience customer service inventory management computer skills cash handling interpersonal communication team collaboration customer relationship building problem solving time management attention to detail professionalism fine jewelry knowledge diamond testing merchandising repair skills gemstone identification adaptability,223500.0,223500.0,223500.0,0-0,0.0293,,1,1
fire engineer fresher,,600000.0,600000.0,600000.0,600000-600000,0.0,kochi kerala,0,0
fixed-term appointment un women human resources business partner,recruitment and selection benefits administration hr systems implementation data analysis training and development effective communication interpersonal skills team leadership accountability hr strategy and policy development performance management contract management workforce planning knowledge of un staff regulations stakeholder engagement creative problem solving cultural sensitivity negotiation skills change management inclusive collaboration,223500.0,223500.0,223500.0,0-0,0.0293,,1,1
fleet solutions sales manager,sales experience solutions-based selling strategic customer relationship management time management business acumen negotiation skills account management data analysis financial acumen customer service orientation leadership by influence effective collaboration organizational skills problem solving communication b2b sales,223500.0,223500.0,223500.0,0-0,0.0293,,1,1
flutter developer,,223500.0,223500.0,223500.0,0-0,0.6656,,155,0
flutter developer intern,,451650.30000000005,451650.30000000005,451650.30000000005,451650-451650,0.0,remote,0,0
food beverage business development manager,sales business development project management food and beverage industry knowledge service excellence data analysis communication initiative teamwork problem solving leadership entrepreneurial mindset relationship building adaptability supply chain management consultative selling risk management,223500.0,223500.0,223500.0,0-0,0.0293,,1,1
food service sales representative,sales customer relationship management lead generation multitasking problem solving communication presentation skills initiative goal-oriented competitive extroverted personality adaptability food service knowledge competitive analysis energetic equanimity under stress,223500.0,223500.0,223500.0,0-0,0.0293,,1,1
for fresher it sales,,120000.53,120000.53,120000.53,120000-120000,0.0,madurai tamil nadu,0,0
fractional finance consultant,finance accounting financial oversight business operations financial recommendations supervision project management communication commitment partnership,223500.0,223500.0,223500.0,0-0,0.0293,,1,1
freelance content writer,,108000.0,108000.0,108000.0,108000-108000,0.0,remote,0,0
freelance contributor,,42000.0,42000.0,42000.0,42000-42000,0.0,remote,0,0
freelance recruiter,,504000.0,504000.0,504000.0,504000-504000,0.0,remote,0,0
fresh graduate,,235500.0,233250.0,237750.0,233250-237750,0.0,"noida uttar pradesh,talegaon dabhade pune maharashtra",0,0
fresher - malayalam,,209236.44000000003,209236.44000000003,209236.44000000003,209236-209236,0.0,coimbatore tamil nadu,0,0
fresher data entry operator deo,,193200.0,193200.0,193200.0,193200-193200,0.0,jnu new campus delhi delhi,0,0
fresher full stack developer,,132000.0,132000.0,132000.0,132000-132000,0.0,kottayam kerala,0,0
fresher graduate any field,,235000.0,235000.0,235000.0,235000-235000,0.0,jagnath plot rajkot gujarat,0,0
fresher hiring for bde role,,375000.0,375000.0,375000.0,375000-375000,0.0,chennai tamil nadu,0,0
fresher it software training in infopark,,144000.0,144000.0,144000.0,144000-144000,0.0,kochi kerala,0,0
fresher iti diploma or any degree,,162000.0,162000.0,162000.0,162000-162000,0.0,erode tamil nadu,0,0
fresher kyc verification executive,,240000.0,240000.0,240000.0,240000-240000,0.0,indraprastha h o delhi delhi,0,0
fresher mern stack developer,,138000.0,138000.0,138000.0,138000-138000,0.0,kochi kerala,0,0
fresher opening for manual testing,,242125.5,242125.5,242125.5,242125-242125,0.0,ashapur varanasi uttar pradesh,0,0
fresher operations analyst construction,,575000.0,575000.0,575000.0,575000-575000,0.0,bengaluru karnataka,0,0
fresher required operations,,210000.0,210000.0,210000.0,210000-210000,0.0,noida uttar pradesh,0,0
fresher software engineer at technopark,,126000.0,126000.0,126000.0,126000-126000,0.0,thiruvananthapuram kerala,0,0
fresher software tester internship,,150000.0,150000.0,150000.0,150000-150000,0.0,kochi kerala,0,0
fresher-bcom,,210000.0,210000.0,210000.0,210000-210000,0.0,delhi delhi,0,0
freshers,,102000.0,102000.0,102000.0,102000-102000,0.0,aruppukkottai tamil nadu,0,0
freshers - content writter,,150000.0,150000.0,150000.0,150000-150000,0.0,chinna chokkikulam madurai tamil nadu,0,0
freshers - delhi,,750000.0,750000.0,750000.0,750000-750000,0.0,delhi delhi,0,0
freshers and experience can apply,,282000.0,282000.0,282000.0,282000-282000,0.0,patan gujarat,0,0
freshers walk-in autocad,,210000.0,210000.0,210000.0,210000-210000,0.0,yelahanka bengaluru karnataka,0,0
front office,,270000.0,270000.0,270000.0,270000-270000,0.0,"chamba himachal pradesh,kochi kerala",0,0
front office executive,,192000.0,192000.0,192000.0,192000-192000,0.0,sholinghur tamil nadu,0,0
front office executives and interns,,264000.0,264000.0,264000.0,264000-264000,0.0,kottayam kerala,0,0
front office manager,,180000.0,180000.0,180000.0,180000-180000,0.0,pathanamthitta kerala,0,0
ft deli bakery sales associate,customer service merchandising communication interpersonal skills teamwork problem solving organizational skills adaptability attention to detail food safety sanitation inventory management computer skills technical knowledge food handling enthusiasm,223500.0,223500.0,223500.0,0-0,0.0293,,1,1
full stack developer,,223500.0,223500.0,223500.0,0-0,0.5926,,138,0
full stack development intern,,300000.0,300000.0,300000.0,300000-300000,0.0,lucknow uttar pradesh,0,0
full time sales lead - pandora at mall of america,sales experience customer service microsoft office 365 analytical thinking time management communication teamwork leadership relationship building problem solving adaptability passion for brand results-oriented pos systems kwi applicant tracking systems,223500.0,223500.0,223500.0,0-0,0.0293,,1,1
fundamental fixed income ffi - director leveraged finance research,analytical skills interpersonal skills mentoring communication relationship management teamwork leadership financial modeling bloomberg excel powerpoint aladdin platform credit risk assessment high yield bonds leveraged loans capital markets,223500.0,223500.0,223500.0,0-0,0.0293,,1,1
game tester,,114000.0,114000.0,114000.0,114000-114000,0.0,mira road mumbai maharashtra,0,0
general engineer trainee,,222000.0,222000.0,222000.0,222000-222000,0.0,erode tamil nadu,0,0
general manager,,240000.0,240000.0,240000.0,240000-240000,0.0,erode tamil nadu,0,0
germany physiotherapist,,2400000.0,2400000.0,2400000.0,2400000-2400000,0.0,noida uttar pradesh,0,0
get graduate engineer trainee,,160000.0,135000.0,185000.0,135000-185000,0.0,"bengaluru karnataka,erode tamil nadu",0,0
global business development partner - 100 remote,strategic marketing business development team building self-motivation ambition leadership mentoring training personal growth commitment independence advertising branding online event engagement computer proficiency internet connectivity passion for helping others,223500.0,223500.0,223500.0,0-0,0.0293,,1,1
global investment research regional banks and consumer finance associate,financial modeling data analysis investment research finance analytical skills communication initiative resourcefulness excel accounting valuation teamwork attention to detail multi-tasking,223500.0,223500.0,223500.0,0-0,0.0293,,1,1
google ads executive fresher/experience,,540000.0,480000.0,600000.0,480000-600000,0.0,ambli ahmedabad gujarat,0,0
google ads specialist,,550000.0,550000.0,550000.0,550000-550000,0.0,ahmedabad gujarat,0,0
graduate student,,150000.0,150000.0,150000.0,150000-150000,0.0,kochi kerala,0,0
graduate trainee,,159000.0,133500.0,184500.0,133500-184500,0.0,"bengaluru karnataka,kochi kerala",0,0
graduate trainee full time,,400000.0,400000.0,400000.0,400000-400000,0.0,goa,0,0
graphic designer,,115185.72,115185.72,115185.72,115185-115185,0.0,palghat kerala,0,0
graphic designer - amazon products lifestyle infographics,,210000.0,210000.0,210000.0,210000-210000,0.0,thiruvananthapuram kerala,0,0
graphic designer internship,,102000.0,102000.0,102000.0,102000-102000,0.0,remote,0,0
graphic designer vesu surat,,212500.0,212500.0,212500.0,212500-212500,0.0,athwa surat gujarat,0,0
graphic designer video editor,,90000.0,90000.0,90000.0,90000-90000,0.0,remote,0,0
greenpeace ngo - fundraiser,,342000.0,342000.0,342000.0,342000-342000,0.0,bengaluru karnataka,0,0
h m retail sales associate,customer service merchandising cash register operation stock management product knowledge safety procedures teamwork communication multitasking positive attitude creativity adaptability willingness to learn lifting 20 pounds flexible work schedule,223500.0,223500.0,223500.0,0-0,0.0293,,1,1
hairdresser,,240000.0,240000.0,240000.0,240000-240000,0.0,rajarajeshwari nagar bengaluru karnataka,0,0
hardware trainee - female candidates only,,96000.0,96000.0,96000.0,96000-96000,0.0,erode tamil nadu,0,0
head of business development investor relations,market analysis performance analysis business development presentation skills content development communication interpersonal skills attention to detail process-driven approach cultural acumen trust building listening skills responsibility adaptability capital raising investor relations crm management investment strategy legal negotiation multilingual proficiency intellectual curiosity,223500.0,223500.0,223500.0,0-0,0.0293,,1,1
head of corporate finance senior director / director,budgeting project management leadership communication interpersonal skills problem solving analytical skills teamwork adaptability strategic thinking financial planning forecasting financial analysis financial modeling gaap financial reporting anaplan excel netsuite salesforce tableau critical reasoning influencing,223500.0,223500.0,223500.0,0-0,0.0293,,1,1
head of data,,19297500.0,19193750.0,19401250.0,19193750-19401250,0.0,"ru,us",0,0
head of data science,,8092500.0,7573750.0,8611250.0,7573750-8611250,0.0,"ru,us",0,0
head of sales,communication strategic thinking relationship building adaptability teamwork sales leadership business development stakeholder management negotiation deal-closing budget management remote team management corporate sales market strategy multilingual communication cultural awareness inspiration performance motivation,223500.0,223500.0,223500.0,0-0,0.0293,,1,1
health information technology specialist - oncology,problem solving communication teamwork flexibility positive attitude customer service ehr software clinical informatics interoperability software build troubleshooting needs assessment epic beacon cerner iknowmed oncoemr tech presentation skills,223500.0,223500.0,223500.0,0-0,0.0293,,1,1
healthcare information technology consultant,it management vendor implementations client integrations development projects technical skills process development risk mitigation web tools organizational skills deadline orientation motivational skills problem solving negotiation skills self-starter teamwork communication hipaa compliance,223500.0,223500.0,223500.0,0-0,0.0293,,1,1
helper - male only,,120000.0,120000.0,120000.0,120000-120000,0.0,coimbatore tamil nadu,0,0
hershey s part-time territory sales associate ontario ca,sales merchandising relationship building flexibility adaptability communication time management problem solving tablet technology valid driver s license personal vehicle auto insurance lifting 10-40 lbs bending and kneeling wireless internet access reporting,223500.0,223500.0,223500.0,0-0,0.0293,,1,1
high school teacher it,,180000.0,180000.0,180000.0,180000-180000,0.0,himayatnagar hyderabad telangana,0,0
hindi content writer intern,,120000.0,120000.0,120000.0,120000-120000,0.0,remote,0,0
hindi speaking receptionist,,180000.0,180000.0,180000.0,180000-180000,0.0,anna nagar western extn chennai tamil nadu,0,0
hindi tele sale voice process jayanagar bangalore- only fresher,,258000.0,258000.0,258000.0,258000-258000,0.0,jayanagar bengaluru karnataka,0,0
hiring freshers ar trainee -rcm,,178986.96,178986.96,178986.96,178986-178986,0.0,kochi kerala,0,0
hiring freshers for bangalore location budget upto 45k inhand,,480000.0,480000.0,480000.0,480000-480000,0.0,bengaluru karnataka,0,0
hiring graduates,,133200.0,133200.0,133200.0,133200-133200,0.0,tiruchchirappalli tamil nadu,0,0
hiring mba freshers,,138000.0,138000.0,138000.0,138000-138000,0.0,kochi kerala,0,0
home care sales consultant,sales communication problem-solving relationship-building healthcare knowledge technology adaptation interpersonal skills decision-making teamwork independence adaptability community resources knowledge bachelor s degree driver s license,223500.0,223500.0,223500.0,0-0,0.0293,,1,1
hotel management trainee,,318000.0,309000.0,327000.0,309000-327000,0.0,"kottayam kerala,thiruvananthapuram kerala",0,0
hotel operations manager,,210000.0,210000.0,210000.0,210000-210000,0.0,varkkallai kerala,0,0
hr assistant,,153000.0,148500.0,157500.0,148500-157500,0.0,"madurai tamil nadu,thrissur kerala",0,0
hr co-ordinator,,162000.0,162000.0,162000.0,162000-162000,0.0,thrissur kerala,0,0
hr executive fresher,,111682.56,111682.56,111682.56,111682-111682,0.0,remote,0,0
hr intern,,120172.0,102000.0,153258.0,102000-153258,0.0,remote,0,0
hr internship,,90000.0,90000.0,90000.0,90000-90000,0.0,bengaluru karnataka,0,0
hr recruiter,,156000.0,153000.0,159000.0,153000-159000,0.0,remote,0,0
hr recruiter it/non it freshers,,250000.0,250000.0,250000.0,250000-250000,0.0,bengaluru karnataka,0,0
hr recruitment officer,,270000.0,270000.0,270000.0,270000-270000,0.0,tiruppur tamil nadu,0,0
hr trainee,,1202000.0,153000.0,1749000.0,153000-1749000,0.0,"calicut kerala,edappal kerala,pune maharashtra",0,0
hubli - fresh graduates for english ad design,,216900.0,216900.0,216900.0,216900-216900,0.0,hubli karnataka,0,0
human resource,,550000.0,550000.0,550000.0,550000-550000,0.0,lucknow uttar pradesh,0,0
human resource administrator,hr knowledge hris software onboarding recruiting administrative tasks reporting attention to detail communication teamwork self-motivation organization problem solving leave management fmla dbl pfl local state and federal legal requirements positive attitude,223500.0,223500.0,223500.0,0-0,0.0293,,1,1
human resource adminstrator,ms office clerical support project coordination communication teamwork problem solving attention to detail interpersonal skills organizational skills outlook filing system management customer service positive attitude,223500.0,223500.0,223500.0,0-0,0.0293,,1,1
human resource business partner mansfield,human resources management employee relations legal compliance data analysis talent acquisition performance management coaching and mentoring organizational psychology training and development payroll management benefits administration communication interpersonal skills collaboration problem solving initiative agility resourcefulness flexibility trust building change management eeoc programs aap programs canadian hr practices,223500.0,223500.0,223500.0,0-0,0.0293,,1,1
human resource coordinator,recruiting employee relations performance management onboarding offboarding administrative support job descriptions interview scheduling confidentiality communication organizational skills attention to detail relationship building problem solving applicant tracking system,223500.0,223500.0,223500.0,0-0,0.0293,,1,1
human resource generalist,"ms office suite workday adp or similar payroll system recruitment onboarding employee relations benefits administration data analysis communication interpersonal skills teamwork problem solving initiative resourcefulness results orientation listening skills adaptability leadership development employment law legal compliance safety guidelines fmla ada flsa osha confidentiality flexibility consultative approach,payroll benefits administration hris employment law analytical skills problem-solving compliance training management data entry communication interpersonal skills negotiation conflict resolution integrity teamwork attention to detail willingness to learn erisa regulations,employee relations performance management development ms word ms excel bachelor s degree interpersonal skills teamwork organizational skills attention to detail writing skills verbal communication time management relationship-building professionalism hr policies and procedures regulatory compliance onboarding terminations immigration compliance ms outlook hris workday ats professional hr certification presentation skills integrity confidentiality",223500.0,223500.0,223500.0,0-0,0.0879,,3,3
human resource lead,on-boarding benefits administration employee relations payroll processing hr compliance computer proficiency communication team leadership confidentiality problem solving attention to detail interpersonal skills recruitment performance appraisal data accuracy scheduling cash handling sales audit time management,223500.0,223500.0,223500.0,0-0,0.0293,,1,1
human resource manager,"human resource management employee benefits administration recruitment microsoft office suite strategic planning analytical thinking compliance management onboarding processes communication problem solving critical thinking innovative thinking team leadership interpersonal skills employment law payroll processing,hr management onboarding employee relations data analysis ms office workforce planning policy management performance management report generation interpersonal skills communication organizational skills detail-oriented multi-tasking results-oriented problem solving",223500.0,223500.0,223500.0,0-0,0.0586,,2,2
human resource specialist,hris payroll management background checks onboarding employment regulations multi-tasking reporting communication judgment decision making organizational skills teamwork confidentiality problem solving microsoft office,223500.0,223500.0,223500.0,0-0,0.0293,,1,1
human resources administrative assistant,administrative skills hr processes computer proficiency onboarding communication teamwork problem solving flexibility organizational skills interpersonal skills payroll administration osha reporting leave administration employee engagement programs coaching,223500.0,223500.0,223500.0,0-0,0.0293,,1,1
human resources administrative associate,local recruiting office management ms office clerical tasks time management multi-tasking communication interpersonal skills customer service budget management cash flow projection compliance event planning travel planning,223500.0,223500.0,223500.0,0-0,0.0293,,1,1
human resources administrator,"employee database management attendance record maintenance policy formulation job posting candidate shortlisting interview scheduling training session coordination interpersonal skills communication skills critical thinking problem solving orientation coordination,human resources employment law payroll processing microsoft office suite hris compliance tracking documentation communication interpersonal skills conflict resolution organizational skills time management analytical skills problem solving integrity professionalism confidentiality attention to detail talent management systems background checks performance management safety training anti-harassment training negotiation delegation,hris hr information systems recruiting google suite project management analytical skills policy development employee engagement programs communication interpersonal skills professionalism adaptability decision-making problem-solving attention to detail time management teamwork onboarding documentation management,hr management onboarding employee relations documentation microsoft office suite process improvement compliance background verification communication interpersonal skills organizational skills problem solving attention to detail initiative integrity professionalism confidentiality leave management office management systems flexibility",223500.0,223500.0,223500.0,0-0,0.1172,,4,4
human resources advisor,communication teamwork conflict resolution problem solving organizational skills adaptability ms office ms excel successfactors hris human resources certification phr shrm-cp data analysis job evaluation process,223500.0,223500.0,223500.0,0-0,0.0293,,1,1
human resources analyst,"global payroll experience global hr experience microsoft office word excel outlook powerpoint onbase hr policies,procedures confidentiality communication detail-oriented organizational skills customer service independence prioritization multi-tasking time management tact and diplomacy analytical skills visio oracle workforce now adobe acrobat",223500.0,223500.0,223500.0,0-0,0.0543,,1,2
human resources and general affairs manager,human resources management employee relations compensation and benefits administration performance management systems recruiting and hiring practices employment law compliance hris and talent management systems microsoft office suite organizational development analytical skills communication skills interpersonal skills negotiation skills conflict resolution skills organizational skills problem solving integrity and professionalism attention to detail prioritization and delegation leadership,223500.0,223500.0,223500.0,0-0,0.0293,,1,1
human resources assistant,"spanish,human resources microsoft office organizational skills clerical skills communication customer service proactive problem solving professional attitude team support e-verify system bilingual english,hris payroll software time management communication skills interpersonal skills problem solving organizational skills self-motivation attention to detail customer focus planning organizing critical thinking microsoft office suite analytical skills mathematical skills bilingual chinese,hr rules and regulations office clerical work microsoft word microsoft excel internet applications email communication personnel policies administrative support communication collaboration problem solving customer service supervision attention to detail,human resources administration recruiting microsoft office clerical functions office administration independent judgment communication teamwork problem solving attention to detail customer service payroll administration employee benefits compliance performance management jd edwards kronos,attention to detail technology proficiency document preparation scheduling meetings file organization professional communication collaboration time management confidentiality prioritization problem solving data entry sharepoint paycom ats systems auditing data spanish language proficiency,microsoft word microsoft excel background checks employee onboarding data accuracy verbal communication written communication attention to detail customer service interpersonal skills time management independent work,human resources administration payroll administration employee benefits performance management recruiting kronos clerical functions office administration independent judgment communication teamwork problem solving attention to detail customer service compliance microsoft office jd edwards",223500.0,223500.0,223500.0,0-0,0.2301,,7,8
human resources associate,"data entry microsoft word microsoft excel hr management system benefit enrollment processing employee file management clerical duties customer service bilingual english,spanish communication organization time management problem solving presentation skills initiative professionalism confidentiality dependability adaptability microsoft powerpoint invoice reconciliation office supply procurement cobra packet preparation",223500.0,223500.0,223500.0,0-0,0.0543,,1,2
human resources business partner,"industrial relations human resources management employee relations project management data analysis negotiation hr operational planning people development communication relationship building problem solving collaboration strategic thinking leadership adaptability influence empathy organizational design compliance cultural awareness,hr policies employee relations performance management organizational development compensation practices recruiting learning and development data analysis communication collaboration coaching problem solving growth mindset leadership strategic thinking engagement adaptability federal employment laws state employment laws,employee relations performance management talent management regulatory compliance payroll administration data management software federal and state laws recruiting hr metrics tracking hr best practices communication customer service teamwork problem solving analytical skills attention to detail leadership succession planning compensation administration change leadership coaching mentoring engagement strategies,human resources employee relations hris microsoft office excel powerpoint word analytical skills talent acquisition compliance with labor laws communication coaching organizational skills multi-tasking problem solving teamwork adaptability project management investigative skills commitment to safety,hr management employee relations performance management data analysis hris systems legal compliance microsoft office project management coaching and mentoring communication problem solving collaboration strategic thinking results-oriented adaptability creativity engagement initiative teamwork bilingual in spanish,hr experience data analysis talent management process improvement communication problem solving team building collaboration self-motivation organizational skills attention to detail multi-tasking compensation management change management employment law knowledge human capital strategy development negotiation,human resources organizational development data analysis conflict resolution employee relations regulatory compliance hris ms office team dynamics communication leadership strategic thinking relationship building coaching problem solving mentoring adaptability collaboration change management mediation investigation cultural awareness,hris ms office suite employee relations talent acquisition learning and development data analysis employment law compliance coaching collaboration communication problem solving adaptability leadership analytical thinking interpersonal skills conflict resolution compensation analysis strategic planning,human resources expertise employee relations data analysis excel problem solving communication business acumen consultative skills performance management talent management workday compliance with laws and regulations interpersonal awareness partnership building coaching change management curiosity learning agility influencing cultural awareness,hr practices talent acquisition compensation and benefits employee relations hr policy development data analysis u s employment laws recruiting tools benefits plans design performance metrics communication interpersonal skills problem solving adaptability teamwork strategic thinking conflict resolution leadership organizational skills employee engagement,communication interpersonal skills relationship building collaboration strategic thinking problem solving hr project management employee relations talent management compliance policy development workforce planning employment laws shrm-cp certification shrm-scp certification influencing,hris microsoft office suite employee relations onboarding offboarding workplace investigations benefits administration data analysis project coordination compliance knowledge communication interpersonal skills problem solving attention to detail organization relationship building adaptability customer service teamwork confidentiality ukg hr system",223500.0,223500.0,223500.0,0-0,0.3644,,15,12
human resources business partner hrbp,recruitment onboarding compliance with labor laws benefits administration hr principles and practices communication interpersonal skills problem-solving decision-making collaboration relationship building employee engagement hr analytics workforce planning offboarding change management organizational development payroll management data-driven decision making multitasking approachability fairness,223500.0,223500.0,223500.0,0-0,0.0293,,1,1
human resources business partner international,human resources talent acquisition microsoft office data analysis compliance conflict management communication problem solving leadership collaboration adaptability employee relations hris systems organizational design performance management change management bilingual spanish international hr experience business acumen coaching strategic thinking influencing,223500.0,223500.0,223500.0,0-0,0.0293,,1,1
human resources co-op - summer 2024,recruiting onboarding employee relations problem solving communication interpersonal skills relationship building multi-tasking organization customer focused ability to work under pressure microsoft office organizational development project management compliance benefits administration compensation management flexibility detail-oriented,223500.0,223500.0,223500.0,0-0,0.0293,,1,1
human resources coordinator,"hr experience hr systems successfactors workday sap workforce planning advanced excel powerpoint budget control financial measures hiring procedures internal communication reporting analytical skills ability to thrive under pressure multi-tasking attention to detail proactive self-motivated flexible attitude collaboration communication international teamwork spanish speaking,data entry ms office suite reporting recruitment confidentiality communication time management professionalism discretion teamwork problem solving hris smart sheet employee onboarding,data management administrative duties analytical skills record keeping spreadsheets databases multitasking time management communication problem solving positive attitude service-oriented hris systems workday hr software,microsoft office communication interpersonal skills time management teamwork attention to detail problem solving bilingual skills hris ats canva paylocity plansource employment laws flexibility trustworthiness,employee onboarding record keeping hr software data protection compliance administrative tasks recruitment coordination performance evaluations hr policies communication attention to detail adaptability proactivity collaboration interpersonal skills problem solving ethical integrity,hr administration background checks payroll processing employee file management job posting safety program administration computer proficiency confidential information handling certifications shrm phr customer service communication prioritization initiative dependability attention to detail teamwork self-starter leave of absence processing lms management advanced excel,microsoft office suite data analysis background investigation employee relations bilingual english and spanish communication organizational skills problem-solving decision-making teamwork adaptability attention to detail initiative follow-up skills hris software payroll processing recruiting strategy timekeeping systems self-motivation,hris compliance reporting record keeping recruitment employee onboarding data compilation health and welfare plans administration knowledge of employment laws problem solving communication interpersonal skills integrity confidentiality self-starter initiative organization attention to detail teamwork,hr experience hr systems successfactors workday sap advanced excel advanced powerpoint budget control financial measures ability to thrive under pressure multi-tasking attention to detail proactive self-motivated flexibility analytical skills collaboration workforce planning multinational company experience spanish speaking,applicant tracking system ats customer relationship management crm microsoft office organizational skills multi-tasking customer service mindset communication problem solving adaptability teamwork self-driven attention to detail continuous learning google suite,hr administrative paperwork employee onboarding employee offboarding talent management people development employee communications business objective reports interview process management reference checks salary recommendations communication problem solving teamwork attention to detail customer service adaptability time management organizational skills ms word ms excel ms outlook organizational design change management",223500.0,223500.0,223500.0,0-0,0.3222,,11,11
human resources coordinator - a f co,ms office excel data management attention to detail organizational skills communication teamwork adaptability confidentiality problem solving self-motivation logistics coordination scheduling,223500.0,223500.0,223500.0,0-0,0.0293,,1,1
human resources coordinator - hilton fort lauderdale beach resort,human resources administrative support data entry word processing typing emailing filing copying travel arrangements empathy communication teamwork adaptability dependability customer focus leadership ownership quality productivity attention to detail faxing,223500.0,223500.0,223500.0,0-0,0.0293,,1,1
human resources coordinator corpus christi bayfront,confidential file management recruitment data entry computer skills background checks employee onboarding time and attendance systems hr policies compliance record keeping communication organization flexibility problem solving stress management independence customer service teamwork attention to detail interpersonal skills bilingual english and spanish,223500.0,223500.0,223500.0,0-0,0.0293,,1,1
human resources coordinator entry level,microsoft word excel publisher hr administration onboarding assistance interpersonal skills leadership organization creativity empathy time management communication professional presentation customer service powerpoint bilingual english and spanish,223500.0,223500.0,223500.0,0-0,0.0293,,1,1
human resources director,"human resources management recruitment employee engagement performance management team building hr strategy development data analysis agriculture sector knowledge leadership communication interpersonal skills collaboration problem solving adaptability continuous learning professional development programs sourcing strategies technology start-up experience cultural awareness,hr management employee relations hr reporting and analytics hris management payroll processing compensation management benefits administration policy development compliance management performance management project management microsoft excel employee engagement strategies organizational development conflict resolution coaching and development employee satisfaction surveys communication relationship management leadership problem solving collaboration trustworthiness innovation adaptability confidentiality diversity equity inclusion programs change management workers compensation management hr technology implementation curiosity,talent acquisition employee relations compliance with employment laws training and development hris management payroll administration data reporting hr policies development coaching and mentorship leadership communication interpersonal skills collaboration problem solving relationship building adaptability continuous learning hr strategy development performance management diversity and inclusion initiatives stakeholder management strategic thinking influence,human resources management employee relations benefits administration compliance performance management training and development payroll systems microsoft office data analysis employment law knowledge communication teamwork initiative confidentiality attention to detail problem solving interpersonal skills independence leadership adaptability hr policy development background check process job description maintenance,employee relations performance management communication teamwork conflict resolution coaching problem solving leadership hris systems recruitment strategies compliance with labor laws benefits administration job grading process data analysis empathy,employee relations hr strategies employment law hr sourcing interviewing training development human capital management process improvement workers compensation dispute investigation problem solving communication decision making relationship building conflict resolution empathy motivation engagement,hr management employee relations hr reporting and analytics hris management payroll processing compliance policy development compensation analysis benefits administration project management conflict resolution microsoft excel open enrollment management communication relationship management problem solving adaptability confidentiality time management organizational skills performance management change management diversity equity and inclusion dei programs employee engagement strategies workforce retention strategies workers compensation management advanced hr technology implementation organizational development employee satisfaction surveys rewards and recognition programs hr certification phr sphr shrm-cp shrm-scp leadership team management collaboration innovation trustworthiness curiosity coaching and mentoring strategic thinking empathy facilitation skills negotiation motivation",223500.0,223500.0,223500.0,0-0,0.2051,,7,7
human resources generalist,"dayforce benefits administration knowledge of hr laws employee relations time management teamwork confidentiality stress management initiative relationship building collaboration,microsoft office communication attention to detail professionalism recruitment training onboarding performance management hris ceridian,recruitment payroll administration compliance human resources management policy adherence manufacturing hr experience interpersonal skills communication relationship building onboarding employee termination benefits administration,hris systems microsoft office data analysis project management onboarding training development conflict resolution communication problem solving relationship building organizational skills critical thinking independent thinking attention to detail employment law customer service,employee relations training employment benefits management payroll functions microsoft excel microsoft word budget management reporting pre-employment screening onboarding communication problem solving detail-oriented multi-tasking interpersonal skills flexibility teamwork time management customer service compliance hris software microsoft outlook iso standards patience,payroll administration hr laws and regulations employee benefits administration onboarding and offboarding processes communication organizational skills teamwork discretion independence problem solving compliance auditing report generation documentation management attention to detail,hris labor laws policy development performance management talent acquisition onboarding digital tools conflict resolution communication interpersonal skills problem solving organizational skills change management team collaboration relationship building attention to detail hcm hrms training program design,bachelor s degree hrbp experience business acumen workforce,talent strategy development organizational effectiveness microsoft office talent acquisition performance management collaboration interpersonal skills adaptability influencing senior leaders relationship building communication hris systems workday excel pivot tables active listening agility empathy flexibility,hr compliance recordkeeping employee relations talent acquisition onboarding offboarding ms office suite hr policies interpretation confidential information management employment law knowledge project management data analysis communication customer focus multitasking teamwork flexibility attention to detail problem solving relationship building presentation skills positive attitude discretion,hr management recruitment compliance employee relations performance management training and development employment law organizational development fmla ada compliance onboarding communication problem solving teamwork adaptability interpersonal skills conflict resolution attention to detail organizational skills empathy time management labor relations background checks benefits administration safety training shrm-cp certification,hr principles hr analytics performance management compliance policy development microsoft office suite job analysis data documentation report preparation career pathing performance evaluation organizational skills communication analytical skills problem solving self-starter relationship building time management collaboration deltek vantagepoint icims",223500.0,223500.0,223500.0,0-0,0.446,,34,12
human resources generalist - lincoln ne,human resources employee relations talent development compensation data analysis employment laws confidentiality communication analytical reasoning emotional intelligence discretion judgment relationship building problem solving teamwork coaching presentation skills attention to detail recruiting performance management succession planning driver s license phr certification shrm-cp certification urgency,223500.0,223500.0,223500.0,0-0,0.0293,,1,1
human resources generalist hybrid role,microsoft office data analysis employee onboarding strategic thinking problem solving time management attention to detail communication customer service interpersonal skills independence hris systems organizational development change management compliance reporting performance management job description creation employee investigations conflict negotiation confidentiality,223500.0,223500.0,223500.0,0-0,0.0293,,1,1
human resources information system partner,"hris configuration data analysis process improvement communication collaboration problem solving mentoring customer service diplomacy consulting ukg pro ukg workforce management business intelligence cognos reporting technical support,hris configuration data analysis process improvement communication collaboration problem solving mentoring customer service diplomacy consultation ukg pro ukg workforce management business intelligence cognos reporting technical support",223500.0,223500.0,223500.0,0-0,0.0586,,2,2
human resources information system specialist,"adp hris reporting data compilation excel technology solutions compliance knowledge collaboration communication problem solving recommendation making attention to detail self-management organizational skills data analysis hr data metrics data cleaning data integration hris configuration business requirements gathering workflow development,excel problem solving communication time management documentation training collaboration workday testing test plans test cases test scripts system testing integration testing user acceptance testing defect identification project management jira smartsheet hris hr reporting workday hcm workday certification",223500.0,223500.0,223500.0,0-0,0.0586,,2,2
human resources intern,"microsoft excel microsoft powerpoint microsoft word project management communication time management organizational skills critical thinking decision making microsoft outlook social media marketing crm management confidentiality,administrative support recruitment onboarding record maintenance filing document archiving hr processes talent management talent acquisition people operations interest in hr eagerness to learn communication teamwork attention to detail time management,team management communication teamwork problem solving initiative adaptability recruiting resume screening social media promotion video communication",223500.0,223500.0,223500.0,0-0,0.0879,,3,3
human resources lead,data analysis strategic planning mentoring communication leadership problem-solving adaptability teamwork self-starter empathy motivation strategic thinking hr policies employee onboarding performance management employee relations hris hibob benefits administration payroll management compliance budgeting risk management diversity and inclusion initiatives staffing strategies employee engagement surveys entrepreneurial mindset active listening cultural ambassador,223500.0,223500.0,223500.0,0-0,0.0293,,1,1
human resources manager,"talent acquisition employee performance management legal compliance payroll processing microsoft office policy development training and development background checks collaboration communication problem solving leadership organizational skills attention to detail adaptability shrm-cp certification,hr management talent acquisition labor compliance employee relations benefits administration payroll management safety procedures communication leadership teamwork problem solving organizational skills attention to detail flexibility positive attitude self-starter erp software excel o365 tools discrepancy resolution customer relations,human resources management recruitment employee relations hris payroll management compensation analysis benefits administration training and development microsoft office compliance with labor laws market analysis leadership communication problem solving team building collaboration conflict resolution adaptability interpersonal skills organizational skills strategic thinking workday,human resource management labor laws performance management recruitment training and development hr metrics strategic planning leadership communication interpersonal skills problem solving collaboration impartial judgment employee relations adaptability conflict resolution payroll processing negotiation bilingual,hr strategies recruitment onboarding employee relations benefits administration legal compliance training and development hr records management employment laws hr certification shrm-cp phr communication interpersonal skills collaboration problem solving diversity and inclusion union relations,hr strategies employee relations compliance benefit administration payroll processes performance management recruitment and selection conflict resolution communication interpersonal skills strategic planning problem solving employee engagement teamwork hr metrics hr systems shrm certification,employment law recruiting retention hr experience communication confidentiality flexibility stress management teamwork affirmative action,human resources employee relations talent acquisition organizational development change management compensation principles project leadership government laws and regulations data analysis communication leadership interpersonal skills problem solving collaboration emotional intelligence agility mentoring prioritization,recruiting hris systems human resources policies benefits administration fmla management ms office suite critical thinking problem solving attention to detail time management confidential information management communication interpersonal skills relationship building conflict management independent judgment collaboration professionalism ethical standards applicant tracking systems paycom organizational charts customer service,human resources management employment law compliance talent acquisition data analysis performance management benefits administration communication interpersonal skills critical thinking teamwork problem solving creativity adaptability organizational skills customer service orientation training program design project management strategic planning change management influence,recruiting talent management compliance employee engagement programs conflict resolution human resources policies performance management employment law training and development benefits administration investigations communication interpersonal skills integrity professionalism time management problem solving team collaboration adaptability confidentiality leadership relationship building critical thinking empathy creativity payroll administration timekeeping data management applicant tracking systems negotiation occupational health and safety interviewing sourcing screening budget management,hr management compliance knowledge hris proficiency payroll systems microsoft office suite policy development employee training performance appraisal systems analytical skills communication interpersonal skills negotiation conflict resolution organizational skills time management integrity leadership problem solving confidentiality talent management systems",223500.0,223500.0,223500.0,0-0,0.4245,,29,12
human resources manager - bilingual spanish,"bilingual spanish,english payroll administration microsoft office excel powerpoint word data input analytics compliance with hr policies and laws communication skills problem-solving analytical skills interpersonal skills customer service orientation collaboration organization positive demeanor relationship building hris ats learning and development presentations creativity",223500.0,223500.0,223500.0,0-0,0.0543,,1,2
human resources operations coordinator,microsoft office benefits administration compliance management recruiting onboarding process improvement communication problem solving attention to detail organization time management hris paycom data reporting offboarding,223500.0,223500.0,223500.0,0-0,0.0293,,1,1
human resources project manager,"project documentation communication stakeholder management relationship building problem solving team collaboration leadership adaptability hr project management smartsheets creating hr training programs creating hr communications managing complex employee events change management risk management pmp certification shrm-cp certification confidentiality,creating hr training programs project documentation shrm-cp certification confidentiality communication teamwork problem solving leadership adaptability hr project management smartsheets creating hr communications managing complex employee events change management risk management stakeholder management pmp certification",223500.0,223500.0,223500.0,0-0,0.0586,,2,2
human resources recruiter,"aap legislation business english integrity,human resources computer proficiency communication relationship building teamwork problem solving accountability commitment adaptability recruiting background checks interviewing skills ats applicant tracking system word processing software spreadsheet software eeo",223500.0,223500.0,223500.0,0-0,0.0543,,1,2
human resources representative,onboarding interview coordination data entry communication multi-tasking problem solving teamwork attention to detail adaptability hris kronos sap offboarding human resources certification project management customer service,223500.0,223500.0,223500.0,0-0,0.0293,,1,1
human resources solutions manager,project management data analysis business acumen employee engagement strategies leadership collaboration communication problem solving strategic agility time management adaptability self-motivation continuous improvement mindset agile methodologies organizational change management risk analysis,223500.0,223500.0,223500.0,0-0,0.0293,,1,1
human resources specialist,"hr administration onboarding policy development bachelor s degree customer service relationship building problem solving communication self-motivation teamwork flexibility autonomy job description creation hr consulting crm management reference checks background checks drug screenings valid driver s license,hr practices regulatory compliance payroll administration adp workforce now data management office management event coordination training and development communication interpersonal skills organizational skills attention to detail problem-solving multitasking confidentiality adaptability teamwork employment laws budget management,payroll processing data entry microsoft office building maintenance communication problem solving attention to detail teamwork time management 401 k management benefits design background checks health insurance enrollment windows operating system accounting software i-9 verification supply ordering proactive approach ethical standards adaptability,hris microsoft suite compensation administration performance appraisal eeo reporting affirmative action plan aap pre-employment testing payroll processing data analysis communication critical evaluation relationship management ethical practice innovative thinking shrm-cp or shrm-scp certification,hr principles recruitment employee relations performance management onboarding compliance microsoft office communication interpersonal skills problem solving adaptability teamwork google suite hris platforms creativity,full-cycle recruiting compensation and benefits packages interpersonal skills verbal communication time management problem-solving teamwork hris google suite employment law osha regulations data analysis report generation training program facilitation job safety analysis confidentiality written communication prioritization,new hire orientation payroll management record management statistical reporting vendor management communication teamwork organizational skills problem solving attention to detail adaptability hr policies implementation benefits administration compensation management,recruitment employee relations hr policies and procedures communication problem solving conflict resolution advisory skills strategic thinking teamwork hr strategies compensation management ms office suite benefits administration phr,shrm-cp,shrm-scp certification,sphr,hr policies data analysis project management interpersonal skills communication problem solving teamwork decision making continuous learning relationship building self-growth customer service systems sap case management report creation help desk software communication software stress management influence and negotiation",223500.0,223500.0,223500.0,0-0,0.3387,,9,12
human resources specialist 1/trainee 1/2 - helps,human resources management onboarding leave administration data entry bachelor s degree professional human resources experience customer service communication teamwork problem solving attention to detail adaptability diversity and inclusion awareness oracle lats leave and time system,223500.0,223500.0,223500.0,0-0,0.0293,,1,1
human resources summer 2024 internship,"microsoft office hr databases compliance knowledge data analysis event planning communication problem-solving interpersonal skills planning,organizing quality control",223500.0,223500.0,223500.0,0-0,0.0543,,1,2
human resources supervisor on-site,recruitment employee relations policy administration performance management hr process improvement training and development regulatory compliance microsoft office communication teamwork problem solving analytical skills customer service forward thinking presentation skills independence workday kronos bilingual english and spanish,223500.0,223500.0,223500.0,0-0,0.0293,,1,1
human resources support analyst isa i-d,human resources microsoft office suite report writing administrative tasks policy development communication attention to detail teamwork organizational skills problem solving time management adaptability data analysis recruitment processes confidentiality job analysis analytics logical thinking,223500.0,223500.0,223500.0,0-0,0.0293,,1,1
human resources workforce support specialist,human resources employee relations policy navigation performance management bachelor s degree communication collaboration problem solving relationship building time management adaptability coaching customer service digital case management data analysis conflict management servicenow report writing research skills,223500.0,223500.0,223500.0,0-0,0.0293,,1,1
human resources/business office manager,human resources management employee relations compliance training and development payroll administration benefits administration hr information systems data analysis conflict resolution regulatory compliance communication leadership teamwork problem solving coaching adaptability organizational skills interpersonal skills attention to detail recruitment performance management financial management policy development billing and collections employee engagement negotiation,223500.0,223500.0,223500.0,0-0,0.0293,,1,1
hybrid - data analytics manager information technology manager 1,project management leadership communication collaboration problem solving customer focus relationship building critical thinking sql data governance data visualization database management data analysis information technology architecture data mining business metrics alignment data curation data extraction developing others written communication innovation,223500.0,223500.0,223500.0,0-0,0.0293,,1,1
hybrid - information technology manager 1,information technology project management cost-effective solutions communication collaboration customer focus problem solving accountability leadership adaptability programming network administration hardware and software implementation disaster recovery planning database concepts it infrastructure design telecommunications systems developing others,223500.0,223500.0,223500.0,0-0,0.0293,,1,1
hybrid human resources manager,hr management recruitment onboarding employee relations benefits administration leadership communication multi-tasking problem solving relationship building adaptability teamwork training and development performance management policy development compliance hr technology platforms shrm principles diversity and inclusion healthcare credentialing cultural awareness,223500.0,223500.0,223500.0,0-0,0.0293,,1,1
hybrid mobile app developer,,258000.0,258000.0,258000.0,258000-258000,0.0,kuzhittura tamil nadu,0,0
immediate hiring for freshers,,120000.0,120000.0,120000.0,120000-120000,0.0,coimbatore tamil nadu,0,0
in house vacation sales concierge phones 2 000 sign-on bonus potential,telemarketing sales experience computer skills persuasion communication customer service flexibility motivation concierge services,223500.0,223500.0,223500.0,0-0,0.0293,,1,1
inbound banking hindi voice process,,180000.0,180000.0,180000.0,180000-180000,0.0,teynampet chennai tamil nadu,0,0
industrial sales representative,sales customer relationship management communication teamwork problem solving reliability accountability project management price estimation steel fabrication industrial lining material take-offs abrasion and corrosion protection creativity growth orientation focus on safety,223500.0,223500.0,223500.0,0-0,0.0293,,1,1
information technology - data management specialist,database management systems data integration problem solving communication analytical thinking teamwork organizational skills data management data quality standards cloud reporting and analytics data mining data warehousing information assurance certification sec+ query languages systems architecture cost analysis metadata management feasibility studies data governance backup and recovery normalization storage capacity management adaptability decision making attention to detail time management strategic planning,223500.0,223500.0,223500.0,0-0,0.0293,,1,1
information technology administrator,"6 cabling domain controller active directory management and implementations hands-on support problem solving communication teamwork scalable solutions wireless networks network switches wan,lan pos systems msp experience firewall applications vpn applications,network infrastructure cat5,it infrastructure management incident management project management problem management networking hardware support software support database knowledge report writing technical certifications access management system backups documentation communication analytical skills problem-solving delegation time management adaptability team collaboration customer service continuous improvement mindset event management,problem solving communication collaboration independence proactive attitude network administration server administration meraki network equipment windows server 2016+ vmware network security firewalls vpns intrusion detection systems system maintenance backup management disaster recovery planning compliance system security techniques troubleshooting hardware support software support",223500.0,223500.0,223500.0,0-0,0.1379,,3,5
information technology analyst,"pc hardware software support networking microsoft office suite lan infrastructure vmware esxi microsoft servers printer configuration backup software barcode scanning systems erp systems security measures it asset management help desk support technical documentation communication customer service team collaboration problem solving training and support attention to detail project management adaptability edi compliance,desktop hardware networking troubleshooting inventory management technical support problem solving organization communication customer service professionalism servicenow software installation pci-dss compliance server monitoring point of sale systems analytical skills strategic planning multi-tasking self-motivation,sccm hardware inventory management mobile device support printer knowledge customer relationship management,windows 10 active directory troubleshooting documentation windows server communication analytical skills reliability teamwork problem solving organizational skills adaptability time management professionalism microsoft 365 endpoint security email security customer service python sap business one visual studio stata r cisco fortinet microsoft azure microsoft hyper-v voip mecm",223500.0,223500.0,223500.0,0-0,0.1129,,3,4
information technology analyst principal enterprise data manager,data governance data management cloud platforms hardware standards software standards network standards communication leadership autonomy analytical thinking team management problem solving data warehousing azure,223500.0,223500.0,223500.0,0-0,0.0293,,1,1
information technology application manager,"sql sql server agile erp team management communication problem solving coaching delegation motivation workflow analysis leadership customer satisfaction css html edi c software development life cycle sdlc scripting systems programming javascript,project management software development life cycle leadership communication interpersonal skills team management collaboration innovation mentorship strategic planning financial acumen problem solving web development agile development methodologies full-stack development react java javascript css html cloud-based development crm systems e-commerce systems coding standards code reviews testing processes",223500.0,223500.0,223500.0,0-0,0.0586,,2,2
information technology asset manager,"hardware management project management database management documentation communication interpersonal skills independence multitasking leadership problem solving collaboration attention to detail time management it asset management cmdb servicenow itsm tools vendor management licensing agreements data analysis reporting process design configuration management software management trend analysis auditing governance research negotiation team recruitment continuous improvement strategic planning supervision,it asset management itam servicenow itam module technical resource coordination attention to detail documentation reporting collaboration continuous improvement problem solving data center inventory management database dcimb itil certification citam certification champ industry certifications,communication metrics reporting adaptability attention to detail team collaboration financial analysis presentation skills procurement lifecycle knowledge asset management lifecycle knowledge servicenow ariba",223500.0,223500.0,223500.0,0-0,0.0879,,3,3
information technology assistant,technical support hardware installation software installation network troubleshooting user account management it inventory management computer hardware knowledge computer software knowledge networking concepts communication interpersonal skills teamwork adaptability motivation problem solving desire to learn emerging technologies evaluation,223500.0,223500.0,223500.0,0-0,0.0293,,1,1
information technology associate,microsoft office suite networking computer troubleshooting communication problem solving teamwork vendor management customer service sharepoint asset management tools laptop imaging setup microsoft desktop operating system microsoft o365 security controls vpn azure remote laptop tools gotoassist google suite cloud storage egnyte help desk ticketing systems patch management process development adaptability,223500.0,223500.0,223500.0,0-0,0.0293,,1,1
information technology auditor,"analytical thinking attention to detail communication problem solving team collaboration it internal controls regulatory compliance it sarbanes-oxley it sox it general controls risk assessment it controls frameworks audit methodologies coso 2013 cobit iso standards cmm itil pci compliance nist standards ssae 18 soc sap functional knowledge,data analytics tools analytical skills problem solving communication skills interpersonal skills project management independence collaboration adaptability it auditing risk management compliance frameworks audit management software security assessment frameworks vulnerability scanning penetration testing configuration reviews banking regulations cisa certification cissp certification crisc certification iso 27001 nist cobit gdpr sox",223500.0,223500.0,223500.0,0-0,0.0586,,2,2
information technology business analyst,"sql project management technical documentation communication interpersonal skills analytical skills problem solving teamwork time management customer service organizational skills leadership sap finance accounting sap s4 sap fi gl ap ar fa sap co cca pca internal orders sac analytics sac planning business case development test plan creation user acceptance testing reporting tools flexibility,microsoft excel analytical skills communication problem solving attention to detail collaboration adaptability critical thinking customer focus erp systems data integration financial applications etl development reporting services cloud functionality ifs sap concur onestream time management,data management data cleansing data validation excel documentation collaboration problem solving communication accountability peoplesoft coupa master data management etl business analysis requirements gathering",223500.0,223500.0,223500.0,0-0,0.0879,,3,3
information technology business consultant,"business analysis process flow documentation jira strategic planning product development product strategy communication presentation collaboration problem solving market research confluence user insights design thinking,business analysis process flow documentation strategic planning product development documentation communication collaboration facilitation problem solving innovation leadership passion for technology market research design thinking user insights humility,business analysis market research strategic planning documentation communication presentation collaboration facilitation problem solving stakeholder engagement process flow documentation jira confluence design thinking",223500.0,223500.0,223500.0,0-0,0.0879,,3,3
information technology business partner,enterprise technology data analysis microsoft suite application selection healthcare technology networking concepts communication collaboration customer orientation problem solving self-motivation organization leadership relationship building microsoft certifications active directory exchange server windows 10 management,223500.0,223500.0,223500.0,0-0,0.0293,,1,1
information technology compliance analyst,nist 800 series risk assessments security planning it security frameworks analytical skills organizational skills communication skills collaboration innovative thinking resourcefulness results-driven it compliance documentation security control self-assessments fisma certification in it security,223500.0,223500.0,223500.0,0-0,0.0293,,1,1
information technology consultant,"contract lifecycle management clm vendor selection process digital transformation requirements gathering process analysis project management stakeholder communication best practices consulting risk management collaboration problem solving communication analytical thinking adaptability attention to detail strategic thinking leadership rfp management functional testing salesforce cpq integration module configuration automation tools kpi definition demo script preparation,information technology communication teamwork problem solving flexibility client relationship management technical evaluation staffing solutions engineering defense staffing",223500.0,223500.0,223500.0,0-0,0.0586,,2,2
information technology data analyst - professional development,performance improvement problem solving attention to detail data analysis statistical analysis data extraction data management reporting data integrity validation software applications strata midas+ data collection auditing teamwork communication professionalism time management adaptability confidentiality,223500.0,223500.0,223500.0,0-0,0.0293,,1,1
information technology desktop support,"ip vpn mobile device support it ticketing system system backups data recovery user education problem solving communication interpersonal skills independence multi-tasking prioritization dns dhcp technical certifications,microsoft operating systems office suite active directory hardware troubleshooting software troubleshooting networking concepts tcp",223500.0,223500.0,223500.0,0-0,0.0543,,1,2
information technology developer,sharepoint teamwork problem solving customer service self-motivation integrity collaboration communication leadership power bi sql html javascript power automate etl api development database administration reporting technologies microsoft project server jira qlik excel data extraction automation tools agile,223500.0,223500.0,223500.0,0-0,0.0293,,1,1
information technology engineer,"11 pcs macintosh linux powershell scripting app insights stream analytics machine learning - ai disaster recovery,7,8 storage area networks sans windows active directory 2012+ office 365 microsoft azure networking,business continuance management,dell switches juniper next-gen firewalls palo alto endpoint security management windows 10,infrastructure cisco,sql server 2012+ administration strong sense of responsibility ability to work independently good interpersonal skills communication skills self-motivated detail-minded result-oriented team player creativity excellent verbal skills excellent written skills vmware vsphere 6",223500.0,223500.0,223500.0,0-0,0.1793,,1,7
information technology epic beaker application analyst 2,information technology project management healthcare experience application operations implementation customer service teamwork initiative problem solving engagement communication epic certification lab operations,223500.0,223500.0,223500.0,0-0,0.0293,,1,1
information technology field engineer,microsoft environment support microsoft certifications customer focus communication motivation enthusiasm interfacing with clients teamwork device networking database troubleshooting pc hardware skills electromechanical skills technical drawings interpretation sql knowledge medical devices knowledge a+ certification problem solving results orientation fault-finding skills,223500.0,223500.0,223500.0,0-0,0.0293,,1,1
information technology field technician,troubleshooting problem-solving communication attention to detail organizational skills ability to work in a fast-paced environment meeting deadlines technical support computer repair desktop computers support printer support comptia a+ network+ microsoft certified professional mcp,223500.0,223500.0,223500.0,0-0,0.0293,,1,1
information technology financial analyst,financial analysis forecast models data management change management communication problem solving teamwork analytical thinking leadership ms excel power bi capital projects accounting,223500.0,223500.0,223500.0,0-0,0.0293,,1,1
information technology generalist 1,installation configuration troubleshooting networking operating systems office productivity applications enterprise applications internet connectivity mobile devices printing devices peripheral devices diagnostics communication problem solving customer service teamwork adaptability attention to detail time management computer assembly third-party software email access vpn connections network cabling,223500.0,223500.0,223500.0,0-0,0.0293,,1,1
information technology help desk,"365 hardware troubleshooting software troubleshooting helpdesk support network equipment support customer service communication problem solving teamwork inventory control,microsoft office,autopilot microsoft office troubleshooting customer service communication teamwork active directory,hardware,software troubleshooting computer deployment sccm,network administration information technology network security troubleshooting customer service comptia a+ network+ security+ communication interpersonal skills teamwork independence attention to detail problem solving,pc configuration mac configuration technical problem solving remote assistance microsoft os imaging apple os x windows deployment technical support project management software installation hardware upgrades maintenance of proprietary systems communication organizational skills attention to detail cultural sensitivity teamwork customer service printer setup,technical support ticket management user account management microsoft exchange problem identification and resolution documentation customer service communication problem solving teamwork attention to detail independence cjis certification",223500.0,223500.0,223500.0,0-0,0.2215,,5,8
information technology help desk manager,management experience customer service communication problem solving teamwork active directory windows servers o365 stakeholder management vendor management,223500.0,223500.0,223500.0,0-0,0.0293,,1,1
information technology help desk technician,desktop computers problem-solving communication customer service technical support troubleshooting printers it support,223500.0,223500.0,223500.0,0-0,0.0293,,1,1
information technology infrastructure engineer,it infrastructure network connectivity network services network security communication troubleshooting teamwork collaboration time management project management documentation problem-solving self-management customer service attention to safety data center operation windows operating systems active directory group policy windows pc support thin client support mobile devices support patching operating systems firmware upgrade cybersecurity tools acronis backup management thinmanager digital modernization lifecycle management risk assessment data quality management gmp compliance computer system validation,223500.0,223500.0,223500.0,0-0,0.0293,,1,1
information technology infrastructure manager,"2012,2014,2016 microsoft exchange active directory powershell group policy aws azure paas technologies travel readiness,2016 microsoft sql 2008,network administration microsoft systems network management project management cisco telephony customer service team building communication analytical skills problem resolution leadership relationship building presentation skills training initiative planning and organizational skills workload prioritization independence flexibility data center operations office 365 virtualization vmware san storage microsoft server 2008",223500.0,223500.0,223500.0,0-0,0.1293,,1,5
information technology intern,computer hardware help desk support problem solving communication teamwork adaptability attention to detail reasoning ability microsoft windows microsoft office mobile devices,223500.0,223500.0,223500.0,0-0,0.0293,,1,1
information technology manager,"troubleshooting technical support project management technology solutions system investigation documentation communication team leadership problem solving negotiation collaboration adaptability project planning administrative assistance insurance technology,it management cyber security networking team management technical skills communication leadership training knowledge sharing problem solving service desk management office 365 active directory cloud services,project management cybersecurity office 365 leadership strategic thinking communication collaboration problem solving mentoring interpersonal skills team management user support training development it management it infrastructure budget management azure active directory sharepoint vmware veeam fortinet edr cisco ios mimecast sd-wan ztna mpls sip pmp itil cissp,it management network management software installation data security project management procurement processes it infrastructure technical support system troubleshooting technology trends leadership communication problem solving organizational skills time management interpersonal skills collaboration decision making adaptability budget management software licensing,it management budget management network infrastructure project coordination vendor management communication teamwork problem solving strategic thinking leadership adaptability user education cybersecurity data analysis server management sales analytics software python compliance auditing,cyber security microsoft 365 networking concepts it contract management project management collaboration communication presentation skills problem solving attention to detail proactive work style professionalism continuous learning time management cloud strategy it policy development customer portal development itil terminology data analysis,it security project management it policies and procedures team leadership communication analytical thinking delegation problem solving organizational skills it management network engineering systems administration microsoft windows linux unix active directory microsoft 365 cloud environments network monitoring tools it budget management compliance pci hitrust soc2 hybrid cloud infrastructure helpdesk systems strategic decision making,it infrastructure management network management server management software systems implementation it security policies project management technical support troubleshooting data protection regulatory compliance leadership communication interpersonal skills team management collaboration problem solving training and mentoring time management budgeting user education,erp administration technical support data management network access control backup systems management troubleshooting software negotiation communication problem solving teamwork ms azure,it infrastructure technology business management tbm relational database concepts budgetary planning communication leadership interpersonal skills collaboration analytical thinking problem solving financial modeling data analytics data mining ms excel cost reporting itil certification presentation skills",223500.0,223500.0,223500.0,0-0,0.2929,,10,10
information technology manager remote,microsoft 365 suite project management administrative tasks communication interpersonal skills teamwork organizational skills stakeholder engagement presentation skills collaboration continuous learning customer engagement methodologies change management content creation,223500.0,223500.0,223500.0,0-0,0.0293,,1,1
information technology manager servicenow,data analysis documentation training development continuous improvement team leadership communication collaboration problem solving mentorship customer focus adaptability leadership analytical thinking time management servicenow it service management itsm configuration management incident management problem management change management service catalog management user access management performance monitoring governance and compliance project management vendor management capacity planning stakeholder engagement strategic thinking,223500.0,223500.0,223500.0,0-0,0.0293,,1,1
information technology network administrator,"ips systems siem systems penetration testing disaster recovery planning incident response helpdesk support data center management equipment management,network infrastructure management vulnerability scanning information security management collaboration communication problem solving supervision time management customer service network device configuration patch management ids,troubleshooting collaboration communication problem solving results-driven network management network configuration sciencelogic network devices routing protocols bgp ospf eigrp vxlan next-generation firewalls wireless networks dns software-defined networks network access controls regulatory compliance sciencelogic professional certification sciencelogic expert certification",223500.0,223500.0,223500.0,0-0,0.0836,,2,3
information technology network engineer,"network infrastructure network security project planning network configuration collaboration technical support problem solving communication planning vpn firewall management fortigate firewalls f5 vpn hardware,software cisco switches multifactor authentication software compliance standards",223500.0,223500.0,223500.0,0-0,0.0543,,1,2
information technology officer,digital systems management data analysis networking project management communication systems problem solving team leadership innovation adaptability collaboration strategic thinking decision making technology leadership cybersecurity,223500.0,223500.0,223500.0,0-0,0.0293,,1,1
information technology operations engineer,request management documentation collaboration communication attention to detail problem solving efficiency optimization liaison skills itsm production readiness reviews prr incident management change management problem management runbooks knowledgebase articles jira itil standards,223500.0,223500.0,223500.0,0-0,0.0293,,1,1
information technology operations intern - summer 2024,technical support hardware troubleshooting software troubleshooting documentation it security policies it service management communication collaboration customer service problem solving professionalism adaptability network troubleshooting windows 10 office 365 microsoft teams dell computers apple mobile devices,223500.0,223500.0,223500.0,0-0,0.0293,,1,1
information technology operations manager,"management experience technical customer support desktop support service desk technical leadership operating systems applications project management business management technical support leadership communication influencing organizational skills planning skills team building critical thinking adaptability problem-solving customer-centric,it operations management technical support pc imaging software mdt sccm smartdeploy acronis microsoft active directory dns windows 10 and windows 11 collaboration communication problem solving leadership multitasking analytical thinking customer service orientation adaptability time management warehouse management hardware asset management ham powershell microsoft azure intune network cabling and termination itsm systems inventory control systems logistics software,it management project management vendor management security compliance resource allocation it solutions design budget management leadership decision-making analytical skills problem-solving interpersonal skills organizational skills time management ability to work under pressure technical analysis reporting applications",223500.0,223500.0,223500.0,0-0,0.0879,,3,3
information technology operations project manager,project management change management release management microsoft office sharepoint information security enterprise applications network infrastructure process improvement documentation communication collaboration relationship building problem solving leadership organizational skills stakeholder management planning azure system administration,223500.0,223500.0,223500.0,0-0,0.0293,,1,1
information technology procurement manager,microsoft powerpoint microsoft office suite process management project management tools communication teamwork problem solving leadership analytical thinking collaboration organizational skills strategic thinking mentoring procurement strategy contract negotiation market analysis rfps and rfxs it procurement supplier management risk management,223500.0,223500.0,223500.0,0-0,0.0293,,1,1
information technology product manager 15+ experience in pharma,information technology expertise analytical skills problem solving communication decision making product management business requirements gathering business process optimization agile methodologies scrum methodologies market analysis data-driven decision making collaboration,223500.0,223500.0,223500.0,0-0,0.0293,,1,1
information technology program manager,"project management change management pmp certification high-tech industry experience stakeholder management communication relationship building problem solving team leadership adaptability program management risk assessment excel saas bespoke solutions application landscape transformation medical device experience medical technology experience,communication leadership proactivity collaboration problem solving workday technical project management hr processes stakeholder management cloud strategies mobility solutions,programming communication problem solving team building initiative team player project management professional pmp certification agile certification itil service management foundations certification microsoft project primavera jira project management office pmo methodologies risk and issue management waterfall project management data analytics negotiation facilitation time management adaptability",223500.0,223500.0,223500.0,0-0,0.0879,,3,3
information technology program manager i,communication teamwork client interfacing organizational skills problem solving adaptability time management interpersonal skills collaboration critical thinking independence microsoft bi stack data warehousing etl process sql server t-sql power bi ssis ssas ssrs olap dimensional modeling dashboards relational database design mdx technical infrastructure architectural frameworks reporting systems heterogeneous systems database technology excel services sharepoint performancepoint trimble pmis systems uii system leadership stress management forward thinking,223500.0,223500.0,223500.0,0-0,0.0293,,1,1
information technology programmer,sql data analysis excel database management critical thinking attention to detail technical support training skills communication problem solving power bi c vba dax queries report development dashboard development,223500.0,223500.0,223500.0,0-0,0.0293,,1,1
information technology project coordinator,"project coordination microsoft vms data analysis communication problem solving time management customer service teamwork adaptability customer business management system scheduling management tools sap financial reporting callout management arcos preventative maintenance management,microsoft office suite pdf processing teamwork collaboration communication adaptability problem solving salesforce data entry internal tool crs,project management tools sharepoint waterfall methodology collaboration communication problem solving analytical skills autonomy knowledge sharing project coordination smartsheet excel powerpoint sap ms project teams forms agile methodology self-motivation commitment to self-development,it project management budgeting system administration data management accountability proactivity critical thinking attention to detail collaboration communication analytical skills service orientation continuous learning forecasting workday financials powerbi powerapps sdlc agile project management excel powerpoint financial reporting erp systems,software development methodologies applications development process communication interpersonal skills analytical problem solving organizational skills time management self-motivation adaptability project management tools technical documentation laboratory procedures,project management business operations ms office organizational skills time management communication teamwork collaboration problem solving jira confluence sharepoint smartsheet agile project management,project management data analysis microsoft office suite ms project software development life cycle sdlc documentation management vendor management collaboration tools communication problem solving teamwork customer service relationship building presentation skills adaptability stakeholder management visio security standards hipaa edi pii phi,it project management it service management itsm microsoft office suite key performance indicators kpis project coordination communication problem solving teamwork professionalism tact independence customer service stakeholder management dod enterprise service management framework desmf information technology infrastructure library itil iso 20000 standards system lifecycle planning risk management frameworks data system management,communication problem solving issue management project management change management resource forecasting task breakdown project tracking project reporting project management tools prioritization creativity influencing,project management microsoft office suite communication problem solving organizational skills prioritization collaboration adaptability smartsheet jira tableau anaplan pivot tables",223500.0,223500.0,223500.0,0-0,0.2929,,10,10
information technology project manager,"project management application system development integration deployment project planning risk management resource management budget management quality assurance status reporting training and education leadership communication negotiation team collaboration problem solving time management adaptability attention to detail sharepoint,project management communication team management problem solving adaptability microsoft azure sdlc agile microsoft exchange office 365 sharepoint intune azure active directory onedrive ms teams jira imanage workday engage time management,data management data extraction team leadership communication problem solving stakeholder management cross-functional collaboration adaptability project management network infrastructure erp systems project management software risk management pmp certification prince2 certification it infrastructure strategic thinking time management,application development project management risk management resource allocation cloud technologies communication team collaboration problem solving stakeholder management adaptability leadership time management agile confluence jira sharepoint sdlc budget management,project management budget management risk management quality assurance documentation cross-functional coordination communication problem solving conflict resolution team leadership collaboration adaptability sdlc software development pmp certification,project management ms office powerpoint excel tech infrastructure knowledge project financials understanding communication self-management problem solving teamwork proactivity transition and transformation t t experience ms project smartsheet sharepoint,excel project documentation communication presentation skills relationship building organization skills detail oriented multitasking leadership pmp certification ms project agile methodologies project tracking software development enterprise level technical project experience,project management project management software budget management resource management stakeholder communication project planning communication customer service decision making interpersonal skills leadership problem solving team building agile scrum waterfall lean risk management quality assurance vendor management financial forecasting flexibility,project management risk management budgeting financial analysis communication stakeholder management problem solving teamwork azure devops ado agile microsoft project trello asana jira healthcare domain knowledge project management professional pmp certification,project management business analysis documentation budget management it experience business requirements gathering emerging technologies communication leadership collaboration problem solving adaptability customer trust agile scrum process mapping,project management program management analytical skills it project delivery information technology project planning itil certification technical concepts understanding communication interpersonal skills organizational skills time management problem solving pmp certification computer science",223500.0,223500.0,223500.0,0-0,0.3222,,11,11
information technology risk manager,data analytics influencing skills communication skills relationship building credibility establishment collaboration problem solving data risk management operational risk management regulatory compliance data governance risk identification risk reporting nist framework itil framework cobit framework automation solutions integration solutions development architecture technology trends information security principles,223500.0,223500.0,223500.0,0-0,0.0293,,1,1
information technology security administrator,"network security fortigate firewalls cybersecurity cloud security problem solving troubleshooting communication teamwork self-motivation solutions-oriented thinking continuous improvement crowdstrike active directory okta edr solutions security policies security training,it security operations security controls risk management cybersecurity awareness security+ certification technical guidance enterprise-level security practices collaboration communication continuous development problem solving cissp certification bachelor s degree in computer science master s degree in computer science mentoring",223500.0,223500.0,223500.0,0-0,0.0586,,2,2
information technology security analyst,"communication teamwork flexibility multitasking it security systems design network monitoring auditing cisco amp cisco firepower cisco stealthwatch qradar eset troubleshooting aws cloud documentation,hitech cisa certification pmp certification security+ certification security controls implementation,written communication verbal communication team collaboration independent work adaptability problem solving time management system security plans ssp nist control requirements information security principles networking components operating systems nist special publications security frameworks iso nist cobit hipaa,network engineering technical reporting communication problem solving teamwork security configuration hardening incident detection siem threat hunting event correlation log analysis vpn troubleshooting operating systems windows linux adaptability time management customer service attention to detail ability to work under pressure",223500.0,223500.0,223500.0,0-0,0.1129,,3,4
information technology service delivery manager,it applications cross-functional management support tools and techniques strategic planning service awareness organizational skills customer service skills leadership interpersonal skills communication skills active listening multi-tasking teamwork self-motivation typing skills presentation skills,223500.0,223500.0,223500.0,0-0,0.0293,,1,1
information technology service desk manager,service desk management desktop support training and development performance monitoring statistical reporting sop compliance knowledgebase management leadership communication coaching problem solving time management teamwork customer service orientation,223500.0,223500.0,223500.0,0-0,0.0293,,1,1
information technology solutions architect,"it management network security principles microsoft office excel word powerpoint sharepoint interpersonal communication written communication verbal communication teamwork problem solving analytical mindset self-motivation project management data integration patterns cloud solutions hybrid cloud environments vendor management tools enterprise architecture togaf zachman framework supply chain management systems services design soa,microservices cots enterprise-class applications consensus building",223500.0,223500.0,223500.0,0-0,0.0543,,1,2
information technology sourcing manager,"procurement processes data analysis ms office suite service now project management software communication stakeholder management problem solving customer service critical thinking initiative team collaboration negotiation contract management supply chain management power bi sap it sourcing rfx process saas paas iaas business law tenacity,negotiation data analysis communication stakeholder management problem solving customer service critical thinking influence team collaboration process improvement contract management supply chain management procurement processes ms office suite powerbi service now sap it sourcing rfx processes saas paas iaas business law knowledge,data analysis technology knowledge project management presentation skills communication relationship building analytical thinking problem solving collaboration adaptability sourcing strategies vendor management negotiation rfx management contract management market intelligence influencing",223500.0,223500.0,223500.0,0-0,0.0879,,3,3
information technology specialist,"network administration troubleshooting network security customer service comptia network+ problem-solving teamwork communication interpersonal skills cisco ccna microsoft certified solutions associate mcsa,help desk support customer service networking principles teamwork adaptability organizational skills oral communication written communication multi-tasking confidentiality cultural sensitivity compliance knowledge programming languages software development data science machine learning ai tools powerbi python ellucian banner salesforce java perl r oracle database server administration ssl certificate maintenance linux system administration dns administration systems engineering software tools,it support system maintenance hardware installation software installation ms project help desk systems problem solving multi-tasking teamwork communication customer interface self-motivation positive attitude logistics applications ms excel ms word ms visio follow-up skills,leadership organizational skills planning skills multi-tasking adaptability communication problem solving time management oracle pl,sql java angular ui spring boot sql devops github jenkins visual studio tfs api management wso2 agile soa microservices unit testing system testing servicenow data modeling uml diagrams,390 z,os os,programming project management communication teamwork cobol z,vm,security compliance dod stigs ms sql database software building technical support problem solving communication teamwork adaptability attention to detail integrity windows server windows 10 user account administration backup and recovery solutions patching solutions virtualization software siem products dns management pki storage area networks nessus shavlik assured compliance assessment solution wsus hardware installation customer service,sql microsoft suite active directory wordpress access excel customer service analytical skills problem solving teamwork communication adaptability python adp celltrak netsmart litmos ringcentral,technical operations support data backup software installation workstation deployment windows os troubleshooting configuration management customer service communication team collaboration problem solving adaptability microsoft teams microsoft excel microsoft office documentation",223500.0,223500.0,223500.0,0-0,0.3344,,8,12
information technology specialist - data operations,data management database management systems data security system architecture integration techniques testing methods communication problem solving analytical thinking adaptability project management team collaboration technical documentation data analysis cloud reporting and analytics data quality standards data mining data warehousing information assurance certification e g sec+,223500.0,223500.0,223500.0,0-0,0.0293,,1,1
information technology specialist 2 ny helps - 2921,computer science ms office word powerpoint excel outlook teams sharepoint website compliance content generation report creation research communication teamwork problem solving guidance and support presentation skills attention to detail accessibility testing tools,223500.0,223500.0,223500.0,0-0,0.0293,,1,1
information technology specialist 2 ny helps - 5138,database design sql performance tuning data analysis adhoc reporting troubleshooting communication problem solving teamwork adaptability,223500.0,223500.0,223500.0,0-0,0.0293,,1,1
information technology specialist 2 ny helps - 5680,windows active directory network troubleshooting technical support teamwork communication problem solving adaptability attention to detail cots software linux ms sql oracle system performance monitoring application configuration,223500.0,223500.0,223500.0,0-0,0.0293,,1,1
information technology specialist 2 programming ny helps - 5315,application development software testing systems analysis documentation problem resolution communication teamwork problem solving user support adaptability cobol java net mainframe,223500.0,223500.0,223500.0,0-0,0.0293,,1,1
information technology specialist custspt with security clearance,windows operating systems customer service problem solving oral communication attention to detail troubleshooting technical support software installation network configuration automated ticketing systems information assurance certification hardware installation software updates telecommunications,223500.0,223500.0,223500.0,0-0,0.0293,,1,1
information technology specialist desktop support,independent work guidance to others planning execution communication voip phones data communications equipment pc installation printer installation server installation technical site surveys data cable installation troubleshooting inventory control desktop support,223500.0,223500.0,223500.0,0-0,0.0293,,1,1
information technology specialist plcypln,nist cybersecurity framework risk management technical system reviews it systems support attention to detail customer service oral communication problem solving collaboration advisory skills privacy compliance data breach response privacy policy development privacy training management document control technical writing negotiation,223500.0,223500.0,223500.0,0-0,0.0293,,1,1
information technology specialist policy and planning direct hire,network services application software operating systems systems administration risk assessment software assurance security assurance attention to detail customer service oral communication problem solving enterprise architecture flight software analysis emulators and simulators,223500.0,223500.0,223500.0,0-0,0.0293,,1,1
information technology specialist-weekend,technical troubleshooting customer service computer applications teamwork communication problem solving organization professionalism integrity attention to detail client service collaboration adaptability managed services root cause analysis cloud environments microsoft certifications ticket dispatching networking security issues virtualization server issues,223500.0,223500.0,223500.0,0-0,0.0293,,1,1
information technology support analyst,"desktop support laptop support ios devices support troubleshooting microsoft networking windows os mac os ms office ms 365 sharepoint email support internet browsers technical degree teamwork communication problem solving customer service adaptability ms teams anti-virus software ticketing system servicenow a+ certification mcp certification,office 365 administration troubleshooting security protocols technical support cloud-based software communication collaboration problem solving interpersonal skills independence microsoft intune jira documentation tools user training,user support problem solving communication teamwork attention to detail time management active directory vaulting server privileged access manager pam azure single sign-on service accounts management group policies creation internal certificates management quarterly access audit tanium",223500.0,223500.0,223500.0,0-0,0.0879,,3,3
information technology support engineer,"it desktop service technical work activities information systems technology functions administrative skills customer service team coordination adaptability communication interpersonal skills organizational skills problem solving health and safety awareness,windows problem-solving office 365 troubleshooting documentation communication interpersonal skills self-starter organizational skills relationship building mac linux ios android it asset management compliance vendor engagement powershell it project management scripting judgment decision-making user-centric approach motivation",223500.0,223500.0,223500.0,0-0,0.0586,,2,2
information technology support manager,it support team management technical support it infrastructure microsoft operating systems microsoft azure it security practices regulatory compliance problem solving communication interpersonal skills collaboration leadership prioritization adaptability incident management problem management microsoft itsm ticketing systems,223500.0,223500.0,223500.0,0-0,0.0293,,1,1
information technology support specialist,"presentation ms office problem solving communication organization relationship building teamwork customer service time management sales customer engagement negotiation lead generation quotations preparation market analysis product demonstration adaptability strategic planning,windows basic network knowledge professional communication problem diagnosis teamwork responsibility user satisfaction documentation comprehensive approach active directory office 365 sharepoint windows server itil iso 27001 ticketing system remote administration punctuality compliance with standards,technical support troubleshooting software configuration operating systems software applications problem-solving communication prioritization time management teamwork hardware installation networking concepts diagnostic tools system performance monitoring software updates user account setup network security measures comptia a+ network+ microsoft certified professional,hardware support software support networking troubleshooting security measures help desk systems user support processes problem-solving critical thinking attention to detail organization time management prioritization communication customer service collaboration windows 10 windows 11 microsoft 365 autocad traverse erp 3cx zoom microsoft teams voip,administration,hyper-v administration networking microsoft 365 administration self-motivated customer service problem solving communication adaptability active directory management routing vlans voip installation,computer and software skills troubleshooting hardware and software issues resolution team-oriented communication problem solving customer service adaptability desktop support mobile device support printer setup and management microsoft teams setup and support intune management windows 10 support device migrations and setup,customer service computer software communication teamwork organization judgment motivation interpersonal skills adaptability troubleshooting ticket management system technical support documentation operating systems call center applications service desk applications multitasking time management,help desk support microsoft office windows operating system mac operating system server operating systems cctv systems communication problem solving time management customer service teamwork vpns multi-factor authentication duo access control systems,communication customer service problem solving teamwork technical support troubleshooting ticketing system hardware installation software installation network support diagnosis configuration follow-up,technical support troubleshooting hardware diagnostics software support networking hardware asset management imaging and repair of equipment client service orientation communication problem solving teamwork time management self-training professionalism adaptability video teleconferencing setup projector setup call tracking system,troubleshooting software installation and configuration network equipment maintenance data security best practices communication skills problem solving team collaboration windows operating systems help desk support desktop support it ticketing systems computer hardware installation documentation of technical procedures user account management common business applications productivity tools comptia a+ comptia network+ microsoft certified desktop support technician mcdst customer service orientation professionalism patience self-starter willingness to travel",223500.0,223500.0,223500.0,0-0,0.3687,,16,12
information technology support specialist active ts/sci /wpoly,"help desk support information technology it troubleshooting software communication problem solving coaching guidance teamwork adaptability computer repairs remote support troubleshooting hardware desktop mirroring cloud infrastructure installing computer hardware modifying computer hardware repairing computer software investigation follow-up,computer repairs help desk support information technology it remote support troubleshooting hardware installing software remote access tools cloud infrastructure communication problem solving coaching teamwork customer service adaptability",223500.0,223500.0,223500.0,0-0,0.0586,,2,2
information technology support technician,"technical support hardware installation software installation troubleshooting computer maintenance customer service networking lan,wan advanced computer skills database maintenance communication teamwork problem solving attention to detail flexibility initiative time management report preparation inventory management videoconferencing support call accounting software lifting up to 50 pounds climbing ladders confidentiality,hardware support software support network troubleshooting operating systems windows linux microsoft office 365 database knowledge ms sql oracle sql scripting communication interpersonal skills teamwork problem-solving attention to detail adaptability training and guidance tcp,ip dns dhcp vlans active directory comptia a+ network+ microsoft certified it professional mcitp python scripting,microsoft office 2016 documentation communication customer service problem solving time management desktop support microsoft windows pc hardware repair office 365 mobile device management ios android blackberry it problem diagnosis teamwork training flexibility,technical support troubleshooting onsite support time management communication adaptability teamwork problem solving customer service equipment handling driving,it certifications e g comptia a+ problem-solving communication interpersonal skills collaboration customer satisfaction focus leadership training development proactive approach tier 2 and 3 technical support help desk software ticketing systems microsoft office 365 active directory windows operating systems mac operating systems networking itil best practices",223500.0,223500.0,223500.0,0-0,0.1965,,5,7
information technology system administrator,"windows administration active directory management network administration hardware support disaster recovery planning technical infrastructure management problem solving communication teamwork adaptability time management microsoft 365 management inventory management onboarding processes linux support macos support,windows administration active directory management network administration hardware support technical infrastructure management inventory management problem solving communication teamwork adaptability time management microsoft 365 management disaster recovery planning onboarding processes linux support macos support,helpdesk support troubleshooting collaboration communication problem solving accountability attention to detail vm management server administration data backup and restoration disaster recovery planning information security system configuration patch management it asset management risk management,ip networking programming or scripting languages communication collaboration multi-tasking customer-centric focus decision-making self-initiative continuous improvement mindset attention to detail windows operating systems cyber security vmware virtualization m365 office productivity software azure cloud management active directory computer troubleshooting and repair user computer support firewall management data backup and disaster recovery phone system administration ms dynamics nav business central,network administration sql databases tcp,linux troubleshooting team coordination problem resolution microsoft server operating systems microsoft active directory active directory replication dns dhcp group policy kerberos ntlm ldap saml powershell strategic planning,azure inventory management microsoft 365 license management onboarding processes terminal processes printer management macos support linux support hubspot experience sakari experience,network administration hardware support disaster recovery planning technical infrastructure management phone systems management problem solving communication teamwork adaptability time management customer service orientation attention to detail organizational skills windows administration active directory management microsoft 365 management cloud iaas management aws",223500.0,223500.0,223500.0,0-0,0.2258,,6,8
information technology system analyst,"it hardware support application support network support net c sql lan,wan support project management business systems understanding help desk support interpersonal skills communication team collaboration problem solving analytical skills adaptability microsoft visual tools blazor telerik devops agile db design",223500.0,223500.0,223500.0,0-0,0.0543,,1,2
information technology system manager,customer engagement interpersonal skills problem solving communication team management zafire inform groundstar planning realtime workforce plus business intelligence data analysis reporting project management system integration dashboard development leadership analytical skills decision making,223500.0,223500.0,223500.0,0-0,0.0293,,1,1
information technology technical services manager,networking security project management troubleshooting server administration documentation business continuity planning disaster recovery planning vendor negotiation infrastructure management communication team leadership collaboration problem solving training negotiation adaptability cisco ccnp palo alto networks firewall comptia security+ comptia server+ comptia network+ cissp,223500.0,223500.0,223500.0,0-0,0.0293,,1,1
information technology technician,"windows network installation troubleshooting communication team collaboration iphone m365 applications cato vpn intune jira confluence bilingual japanese and english on-site support remote support,organization communication problem solving attention to detail teamwork hardware inventory management server rack and stack desktop hardware setup data center maintenance tier 1 support,group permissions management group policies management attention to detail,physical inventory management communication problem solving teamwork adaptability windows administration technical support desktop hardware support instrument-controlled software imaging of computers windows security user,windows os maintenance technical troubleshooting virtual machines hyper-v remote management tools customer service communication teamwork problem solving adaptability independence multi-tasking active directory windows server firewall configuration router configuration switch configuration ticketing systems backup devices network printers time management,database structure android os ios sql server customer service problem solving communication microsoft office word excel sap software troubleshooting hardware troubleshooting computer networks windows xp windows vista windows 7 windows 8,hardware installation software installation troubleshooting network configuration windows operating systems server administration database programming microsoft windows inventory management communication problem solving customer service teamwork adaptability attention to detail mac ios",223500.0,223500.0,223500.0,0-0,0.2008,,6,7
information technology vice president,information technology strategy team leadership project management budget management risk assessment system development technical proficiency collaboration communication interpersonal skills organizational skills problem solving continuous improvement visionary leadership client focus adaptability data analysis ms office suite ethical conduct cultural awareness,223500.0,223500.0,223500.0,0-0,0.0293,,1,1
information technology/assurance specialist,system administration troubleshooting teamwork communication customer orientation problem solving attention to detail adaptability time management analytical thinking motivation security clearance information assurance network security windows server administration local area network lan technologies wide area network wan technologies configuration management ais accreditation risk management framework rmf joint security implementation guidance jsig data backup technologies communication security comsec pl1 pl2 systems pl3 pl4 cross domain solutions microsoft exchange server system security policy countermeasures implementation presentation skills,223500.0,223500.0,223500.0,0-0,0.0293,,1,1
inside business development manager,sales business development salesforce financial services communication interpersonal skills relationship building market research healthcare industry bilingual spanish,223500.0,223500.0,223500.0,0-0,0.0293,,1,1
inside business development specialist,sales ms office lead qualification lead conversion communication problem solving customer focus teamwork adaptability objection handling time management crm sales forecasting mortgage products technical understanding high-volume calling,223500.0,223500.0,223500.0,0-0,0.0293,,1,1
inside sales,sales experience customer service communication critical thinking time management teamwork microsoft office 365 data entry lead generation cold calling product knowledge reporting self-starter curiosity problem solving sense of urgency,223500.0,223500.0,223500.0,0-0,0.0293,,1,1
inside sales account manager - - preferred from hyderabad ts,,250000.0,250000.0,250000.0,250000-250000,0.0,hyderabad telangana,0,0
inside sales executive,,240000.0,240000.0,240000.0,240000-240000,0.0,vastrapur ahmedabad gujarat,0,0
inside sales manager,sales management supervisory experience business plan execution sales experience team management training and support communication leadership goal setting teamwork problem solving ambition,223500.0,223500.0,223500.0,0-0,0.0293,,1,1
inside sales rep - remote,sales negotiation customer relationship management sales analysis product knowledge account management industry experience communication influence independence problem solving team collaboration strategic thinking customer service orientation sales quotas attainment,223500.0,223500.0,223500.0,0-0,0.0293,,1,1
inside sales representative,"crm software sales negotiation marketing knowledge customer interaction tracking communication interpersonal skills self-motivation organization teamwork detail-oriented results-driven collaboration presentation tools microsoft dynamics hubspot,customer service attention to detail organizational skills communication multitasking prioritization order processing administrative tasks data entry computer proficiency knowledge of pvf industry,crm sales reporting communication self-starter multi-tasking organization prioritization cold calling email communication lead generation company research competitive,sales experience salesforce prospecting cold calling client needs analysis communication customer focus achievement orientation teamwork crm tools online meeting tools microsoft office sales presentations sales forecasting self-directed continuous learning negotiation adaptability",223500.0,223500.0,223500.0,0-0,0.1172,,4,4
inside sales representative no cold calls,sales customer service independence microsoft office suite crm software market research data entry needs-based analysis life insurance knowledge communication relationship management time management teamwork flexibility problem solving adaptability,223500.0,223500.0,223500.0,0-0,0.0293,,1,1
inside sales specialist,"sales microsoft office suite order processing communication relationship building problem solving teamwork adaptability customer service erp systems,inside sales tele sales customer service microsoft office presentation skills relationship building self-motivated results oriented strong work ethic planning and prioritization adaptability communication problem solving independence learning agility pharmaceutical sales veeva data management business analytics virtual engagement platforms",223500.0,223500.0,223500.0,0-0,0.0586,,2,2
instructor computer information technology,it fundamentals programming logic networking concepts computer hardware functions comptia a+ certification communication teamwork adaptability conflict resolution mentoring organizational skills engagement professional development student support windows command prompt linux command line powershell audio-visual equipment operation learning management systems lms curriculum development mcsa windows server 2016 comptia security+ certification lpic-2 linux professional institute certification diversity awareness,223500.0,223500.0,223500.0,0-0,0.0293,,1,1
insurance sales agent,sales techniques customer service time management organizational skills communication goal-oriented relationship building adaptability teamwork insurance knowledge,223500.0,223500.0,223500.0,0-0,0.0293,,1,1
insurance sales agent - bloomington il,sales techniques product knowledge microsoft office communication customer focus sales skills listening skills motivation teamwork problem solving property casualty insurance license life insurance sales license health and accident licenses customer relationship management crm software,223500.0,223500.0,223500.0,0-0,0.0293,,1,1
insurance sales producer,customer service client relationship management communication insurance sales insurance licensure prospecting self-motivation goal-oriented teamwork independence,223500.0,223500.0,223500.0,0-0,0.0293,,1,1
insurance sales representative,sales experience teamwork motivation reliability independence communication property and casualty insurance license microsoft office suite,223500.0,223500.0,223500.0,0-0,0.0293,,1,1
interior designer,,240000.0,240000.0,240000.0,240000-240000,0.0,mumbai maharashtra,0,0
intern - business development,ms office suite powerpoint excel reporting communication teamwork problem solving analytical thinking strategic thinking attention to detail interpersonal skills time management market analysis competitive assessments policy research technology trends identification,223500.0,223500.0,223500.0,0-0,0.0293,,1,1
intern - computer vision / deep learning,,90000.0,90000.0,90000.0,90000-90000,0.0,remote,0,0
intern - finance and accounting,accounting finance data analysis erp systems sox compliance pc skills communication attention to detail professionalism teamwork problem solving esg reporting,223500.0,223500.0,223500.0,0-0,0.0293,,1,1
intern talent management human resources,microsoft office suite performance management project coordination documentation training administration collaboration communication problem solving dependability relationship building adaptability eagerness to learn data analysis sharepoint,223500.0,223500.0,223500.0,0-0,0.0293,,1,1
internal sales - bsc - welshpool wa,sales experience computer literacy customer service problem solving administration product knowledge teamwork communication reliability positive attitude calmness under pressure willingness to learn solution-oriented mechanical aptitude,223500.0,223500.0,223500.0,0-0,0.0293,,1,1
internship job opening for freshers,,138000.0,138000.0,138000.0,138000-138000,0.0,remote,0,0
internship to job program - js developer,,180000.0,180000.0,180000.0,180000-180000,0.0,delhi delhi,0,0
ios developer,,223500.0,223500.0,223500.0,0-0,0.6699,,156,0
ipqa officer,,240000.0,240000.0,240000.0,240000-240000,0.0,kala amb himachal pradesh,0,0
irnext rotational program - finance,finance communication teamwork leadership problem solving interpersonal skills accounting financial analysis budgeting cost accounting inventory management project management internal controls compliance treasury data analysis adaptability initiative organization self-starter analytical thinking,223500.0,223500.0,223500.0,0-0,0.0293,,1,1
it business development representative msp,consultative selling techniques proposal preparation and presentation client relationship management networking relationship building communication problem solving teamwork adaptability it solutions sales managed service provider msp experience microsoft stack knowledge windows os azure o365 cisco products windows servers security solutions negotiation,223500.0,223500.0,223500.0,0-0,0.0293,,1,1
it finance operations manager,financial analysis budget management data aggregation financial forecasting reporting process improvement communication teamwork interpersonal skills problem solving collaboration leadership adaptability relationship building organizational skills verbal skills hr administration vendor negotiation analytical modeling it policies and procedures,223500.0,223500.0,223500.0,0-0,0.0293,,1,1
it fresher trainee engineer,,275000.0,275000.0,275000.0,275000-275000,0.0,bengaluru karnataka,0,0
it sales specialist,sales business development communication relationship building team collaboration problem solving time management adaptability ecommerce crm systems erp systems presentation skills lead qualification market analysis,223500.0,223500.0,223500.0,0-0,0.0293,,1,1
java developer,,223500.0,223500.0,223500.0,0-0,0.6914,,161,0
javascript developer,,223500.0,223500.0,223500.0,0-0,0.7,,163,0
jet - fresher diploma engineer mechanical/fabrication/production,,250000.0,250000.0,250000.0,250000-250000,0.0,surat gujarat,0,0
jewel data entry,,162000.0,162000.0,162000.0,162000-162000,0.0,kavundampalayam coimbatore tamil nadu,0,0
jewellery cad designer,,270000.0,270000.0,270000.0,270000-270000,0.0,remote,0,0
jewellery sales assistant,,180000.0,180000.0,180000.0,180000-180000,0.0,virudunagar tamil nadu,0,0
jio point manager in uluthurpet madapattu kandachipuram vikravandi valavanur villupuram,,264000.0,264000.0,264000.0,264000-264000,0.0,villupuram tamil nadu,0,0
job drive trivandrum,,300000.0,300000.0,300000.0,300000-300000,0.0,thiruvananthapuram kerala,0,0
junior architect,,240000.0,240000.0,240000.0,240000-240000,0.0,salt lake city west bengal,0,0
junior associate,,216000.0,216000.0,216000.0,216000-216000,0.0,mysuru karnataka,0,0
junior business analyst,,120000.0,120000.0,120000.0,120000-120000,0.0,udumalaippettai tamil nadu,0,0
junior data scientist,,375000.0,375000.0,375000.0,375000-375000,0.0,bengaluru karnataka,0,0
junior human resources consultant,microsoft word microsoft powerpoint microsoft excel hris pivot tables vlookup communication attention to detail professionalism teamwork positive attitude adaptability,223500.0,223500.0,223500.0,0-0,0.0293,,1,1
junior landscape architect,,216000.0,216000.0,216000.0,216000-216000,0.0,bengaluru karnataka,0,0
junior php developer fresher with 3-6 months training in php,,210000.0,210000.0,210000.0,210000-210000,0.0,mohali punjab,0,0
junior process associate voice process,,216000.0,216000.0,216000.0,216000-216000,0.0,coimbatore tamil nadu,0,0
junior python developer,,540000.0,540000.0,540000.0,540000-540000,0.0,kochi kerala,0,0
junior sales and marketing executive healthcare,,210000.0,210000.0,210000.0,210000-210000,0.0,pune maharashtra,0,0
junior software engineer,,214538.36,214538.36,214538.36,214538-214538,0.0,chennai tamil nadu,0,0
knitting specialist,,420000.0,420000.0,420000.0,420000-420000,0.0,palsana surat gujarat,0,0
latex research documents editor,,210000.0,210000.0,210000.0,210000-210000,0.0,cannanore kerala,0,0
lead data analyst,,7654287.666666667,4426431.5,10665500.0,4426431-10665500,0.0,"in,us",0,0
lead data engineer,,11964450.0,8611250.0,13280000.0,8611250-13280000,0.0,"gb,nz,us",0,0
lead data scientist,,12657500.0,11101250.0,14213750.0,11101250-14213750,0.0,"ae,us",0,0
lead generation executive,,138000.0,138000.0,138000.0,138000-138000,0.0,mumbai maharashtra,0,0
lead generation specialist,,280000.0,280000.0,280000.0,280000-280000,0.0,bengaluru karnataka,0,0
lead information technology specialist,"litigation support applications wireless pda technologies ios cabling topologies document management system worksite mentorship,networking technologies leadership team supervision performance management communication microsoft windows microsoft operating systems desktop imaging tools sccm microsoft office suite remote access technologies citrix vpn practice",223500.0,223500.0,223500.0,0-0,0.0543,,1,2
lead information technology specialist systems administration,it configuration it integration it security project management technical analysis customer support policies performance testing system design attention to detail customer service oral communication problem solving leadership cost benefit analysis compatibility testing,223500.0,223500.0,223500.0,0-0,0.0293,,1,1
lead rail sales representative,sales strategy execution customer service commercial strategy communication team leadership influencing skills strategic thinking problem solving adaptability collaboration customer focus initiative railcar finance market analysis financial analysis salesforce risk management account management data analysis relationship management portfolio management rail industry knowledge negotiation,223500.0,223500.0,223500.0,0-0,0.0293,,1,1
lead relationship manager project finance - power and renewable energy,market analysis marketing strategy teamwork communication problem solving leadership strategic thinking adaptability project finance negotiation credit analysis financial modeling portfolio management business origination loan documentation energy infrastructure customer relationship management financial services regulatory compliance mentoring customer service,223500.0,223500.0,223500.0,0-0,0.0293,,1,1
lead software engineer - finance hybrid,problem solving communication teamwork relationship management hadoop aws python sql spark java data modeling machine learning cloud computing itil service management influencing operational excellence change management,223500.0,223500.0,223500.0,0-0,0.0293,,1,1
leisure sales manager,luxury hotel experience sales management computer software aptitude hospitality industry applications communication self-motivation teamwork organizational skills problem solving customer service multitasking account management budgeting delphi cvent hms mathematical skills flexibility,223500.0,223500.0,223500.0,0-0,0.0293,,1,1
life insurance advisor,,450000.0,450000.0,450000.0,450000-450000,0.0,cannanore kerala,0,0
logistics trainee,,156000.0,156000.0,156000.0,156000-156000,0.0,kochi kerala,0,0
looking for course counsellors/tele callers on commission basis,,600000.0,600000.0,600000.0,600000-600000,0.0,kayankulam kerala,0,0
lufkin finance analyst,financial analysis accounting microsoft excel data analysis financial reporting project management account reconciliation communication organization time management flexibility team collaboration influencing kpi tracking cash flow management,223500.0,223500.0,223500.0,0-0,0.0293,,1,1
machine learning,,288000.0,288000.0,288000.0,288000-288000,0.6528,noida uttar pradesh,152,0
machine learning engineer,,8521018.173913043,3691383.5,11952000.0,3691383-11952000,0.0,"be,cn,co,de,es,hr,in,jp,pl,si,us",0,0
machine learning infrastructure engineer,,10174970.0,7169955.0,13179985.0,7169955-13179985,0.0,"pt,us",0,0
machine learning scientist,,14981500.0,14255250.0,19401250.0,14255250-19401250,0.0,"ca,jp,pk,us",0,0
major market sales executive field herndon va,problem solving networking communication interpersonal skills organizational skills self-starter work ethic client relationship management team collaboration adaptability b2b sales consultative selling crm software sfdc sales forecasting mathematical aptitude presentation skills telemarketing sales database management time management ethical business practices,223500.0,223500.0,223500.0,0-0,0.0293,,1,1
management trainee,,451298.4,258000.0,600000.0,258000-600000,0.0,"delhi delhi,janakpuri delhi delhi,mayur vihar delhi delhi,mumbai maharashtra,remote",0,0
management trainee financial planning investments job location - vadodara only,,378000.0,378000.0,378000.0,378000-378000,0.0,vadodara gujarat,0,0
management trainee marketing - only male candidates,,150000.0,150000.0,150000.0,150000-150000,0.0,pathanamthitta kerala,0,0
management trainee- investments life insurance for australian shift vadodara only,,282000.0,282000.0,282000.0,282000-282000,0.0,vadodara gujarat,0,0
manager - business development - sales located virtual in ca - sacramento north bay vacaville,b2b sales sales strategies negotiation skills market research consultative selling presentation skills lead prospecting interpersonal skills communication skills decision-making organizational skills self-motivation flexibility team collaboration relationship building problem solving executive presence financial acumen analytical skills salesforce com,223500.0,223500.0,223500.0,0-0,0.0293,,1,1
manager accounting finance family office,accounting financial analysis general ledger management budgeting and forecasting cash flow management internal controls team leadership communication collaboration problem solving mentoring analytical thinking attention to detail adaptability trustworthiness cpa financial statements preparation tax compliance investment accounting trust account management 401k administration,223500.0,223500.0,223500.0,0-0,0.0293,,1,1
manager business development and accounts pr agency,"business development project management digital marketing vendor management teamwork communication organizational skills problem solving adaptability relationship building media relations public relations crm management proposal development communications strategy creative content development health,life sciences knowledge education sector knowledge renewable energy knowledge pmp certification sense of humor passion for purpose-driven work",223500.0,223500.0,223500.0,0-0,0.0543,,1,2
manager business sales agency - hybrid,sales organizational skills analytical skills software proficiency client management teamwork communication integrity people minded self-motivation negotiation presentation market analysis results oriented trust innovation optimism,223500.0,223500.0,223500.0,0-0,0.0293,,1,1
manager corporate finance,financial forecasting data integrity management reporting metrics analysis ad hoc analytics market knowledge business analysis cross-functional collaboration banking knowledge problem solving team player communication adaptability time management leadership potential excel modeling consulting experience entrepreneurial mindset,223500.0,223500.0,223500.0,0-0,0.0293,,1,1
manager data science,,11952000.0,11952000.0,11952000.0,11952000-11952000,0.0,us,0,0
manager europe - impact investing business development + client services,business development project management client relationship management people management communication collaboration organizational skills adaptability impact investing consulting process improvement technology tools integration proposal drafting mentorship commitment to social outcomes professional development,223500.0,223500.0,223500.0,0-0,0.0293,,1,1
manager finance,"cmr sap analytics cloud sac predictive modeling,financial planning analysis forecasting budgeting financial reporting data management analytics ms excel oracle process improvement leadership communication team building problem solving organizational skills flexibility self-motivation initiative customer focus collaboration power bi hfm",223500.0,223500.0,223500.0,0-0,0.0543,,1,2
manager fp a-strategic tech finance,financial analysis budgeting forecasting p l management presentation development project management process improvement communication problem solving collaboration influencing prioritization delegation analytical thinking leadership financial modeling methodology development,223500.0,223500.0,223500.0,0-0,0.0293,,1,1
manager human resources,human resources management recruitment onboarding performance evaluations compensation analysis hris ukg employment laws organizational skills mentorship program development leadership communication judgment trustworthiness cooperation problem solving self-directed diplomacy positive attitude collaboration talent management systems microsoft office,223500.0,223500.0,223500.0,0-0,0.0293,,1,1
manager of customer sales operations,customer service supervising problem-solving analytical skills organizational skills powerpoint word order processing marketing materials creation technology proficiency detail orientation communication teamwork flexibility creativity commitment to excellence ability to manage priorities interpersonal skills erp systems excel data reporting training and coaching,223500.0,223500.0,223500.0,0-0,0.0293,,1,1
manager of information technology,"l3 switches waps communication problem solving adaptability leadership collaboration cisco ios openbsd freenas zfs office 365 g suite voip phones,team management vendor relations active directory desktop support cisco networking it security best practices network device configuration firewalls l2",223500.0,223500.0,223500.0,0-0,0.0543,,1,2
manager partner strategy and business development,business development strategy partner management executive communication data analysis project management financial analysis market analysis presentation skills leadership team collaboration problem solving influence accountability adaptability customer focus facilitation creativity negotiation saas,223500.0,223500.0,223500.0,0-0,0.0293,,1,1
manager sales development,team leadership collaboration problem solving adaptability communication decision making motivation b2b saas sales sales development management pipeline campaign development data analysis recruiting and hiring ecommerce knowledge sales framework adoption root cause analysis performance measurement empathy feedback provision,223500.0,223500.0,223500.0,0-0,0.0293,,1,1
manager supply chain finance standardization,financial reporting data visualization project management analytical tools communication collaboration problem solving interpersonal skills leadership time management adaptability continuous improvement data analytics powerbi tableau sap data aggregation supply chain finance intellectual curiosity coaching,223500.0,223500.0,223500.0,0-0,0.0293,,1,1
manager tumble dry,,198000.0,198000.0,198000.0,198000-198000,0.0,ambattur chennai tamil nadu,0,0
manager/senior manager strategic partnerships business development,business development stakeholder management crm communication leadership collaboration problem solving adaptability relationship building strategic partnerships financial analysis product knowledge negotiation agile methodologies data analysis presentation skills project management product roadmap development technology integration public speaking strategic thinking organizational skills visual storytelling,223500.0,223500.0,223500.0,0-0,0.0293,,1,1
managers,,510000.0,510000.0,510000.0,510000-510000,0.0,kochi kerala,0,0
manual tester,,300000.0,300000.0,300000.0,300000-300000,0.0,pallavaram chennai tamil nadu,0,0
marketing assistant,,210000.0,210000.0,210000.0,210000-210000,0.0,remote,0,0
marketing business development intern,market research crm software data analysis salesforce content creation report generation time management multi-tasking communication networking social media management copy-editing graphic design sprout social attention to detail,223500.0,223500.0,223500.0,0-0,0.0293,,1,1
marketing data analyst,,7420366.0,7420366.0,7420366.0,7420366-7420366,0.0,dk,0,0
marketing intern,,108000.0,108000.0,108000.0,108000-108000,0.0,ramanathapuram tamil nadu,0,0
mba fresher,,150000.0,150000.0,150000.0,150000-150000,0.0,dharwad district karnataka,0,0
media intern admin teaching,,66000.0,66000.0,66000.0,66000-66000,0.0,nashik maharashtra,0,0
medical biller - dme usa,,240000.0,240000.0,240000.0,240000-240000,0.0,delhi delhi,0,0
medical coder trainee,,240000.0,240000.0,240000.0,240000-240000,0.0,thiruvananthapuram kerala,0,0
medical device sales internship- kentucky,sales customer service record keeping cold calling report writing communication relationship building problem solving time management self-motivation teamwork adaptability confidence organizational skills independence negotiation market analysis consultative selling product knowledge strategic outreach,223500.0,223500.0,223500.0,0-0,0.0293,,1,1
medical representative,,2000000.0,2000000.0,2000000.0,2000000-2000000,0.0,kochi kerala,0,0
medical representative vacancy,,210000.0,210000.0,210000.0,210000-210000,0.0,bolpur west bengal,0,0
medical representatve for opd camps bengaluru,,252000.0,252000.0,252000.0,252000-252000,0.0,bengaluru karnataka,0,0
medical scribe,,132000.0,132000.0,132000.0,132000-132000,0.0,tenkasi tamil nadu,0,0
medical scribe trainee,,420000.0,420000.0,420000.0,420000-420000,0.0,remote,0,0
mega walk-in drive customer service representative- fresher s,,180000.0,180000.0,180000.0,180000-180000,0.0,noida uttar pradesh,0,0
mep supervisor,,270000.0,270000.0,270000.0,270000-270000,0.0,chennai tamil nadu,0,0
mid-level human resource support,"human resources microsoft applications data analysis report writing recruitment training documentation communication teamwork problem solving attention to detail adaptability ts,sci clearance",223500.0,223500.0,223500.0,0-0,0.0543,,1,2
mid-level information technology system administrator,comptia security+ windows server linux oracle databases network storage systems vmware troubleshooting system installation system configuration system maintenance problem solving communication teamwork project management adaptability attention to detail customer interaction windows 10 powershell scripting active directory creativity,223500.0,223500.0,223500.0,0-0,0.0293,,1,1
mintek resources- finance senior manager,excel powerpoint inventory management communication approachability team collaboration presentation skills financial reporting budgeting accounting standards sage accounting erp salesforce data analysis sales tax compliance management reporting cpa or cma accreditation leadership analytical thinking problem solving creativity mentoring assertiveness,223500.0,223500.0,223500.0,0-0,0.0293,,1,1
mobile equine sales director,sales customer service microsoft office suite order processing relationship management communication self-motivation rapport building problem solving adaptability teamwork equine industry knowledge logistics coordination physical stamina lifting 50 pounds,223500.0,223500.0,223500.0,0-0,0.0293,,1,1
modelling,,230000.0,120000.0,340000.0,120000-340000,0.0,"delhi delhi,mumbai maharashtra",0,0
multimedia educator fresher,,250000.0,250000.0,250000.0,250000-250000,0.0,delhi,0,0
national enterprise business development director,business development account management financial acumen sales processes strategic account management relationship building collaboration communication problem solving strategic thinking leadership dedication to service contract negotiation healthcare knowledge diagnostics knowledge supply chain logistics entrepreneurial strategies sensitivity tact,223500.0,223500.0,223500.0,0-0,0.0293,,1,1
national sales manager,sales customer service presentation skills relationship management computer skills multi-tasking lead management teamwork communication problem solving initiative pressure management follow-up skills hospitality industry knowledge research skills strategic planning integrity self-awareness,223500.0,223500.0,223500.0,0-0,0.0293,,1,1
national sales specialist,sales client retention training communication teamwork problem solving adaptability customer service time management negotiation healthcare solutions commission generation zoom tailored solutions small business healthcare,223500.0,223500.0,223500.0,0-0,0.0293,,1,1
need female graduates to train school student in bandel,,198000.0,198000.0,198000.0,198000-198000,0.0,hugli west bengal,0,0
need study/tourist visa councellor,,300000.0,300000.0,300000.0,300000-300000,0.0,ghumar mandi ludhiana punjab,0,0
netsuite sales account manager - mountain,sales customer relationship management communication problem solving work ethic attention to detail customer focus saas erp crm negotiation business development technical sales contract preparation market analysis teamwork adaptability emotional intelligence responsiveness ownership,223500.0,223500.0,223500.0,0-0,0.0293,,1,1
network administrator,,223500.0,223500.0,223500.0,0-0,0.6184,,144,0
network and hardware trainee,,350000.0,350000.0,350000.0,350000-350000,0.0,bommasandra industrial estate bengaluru karnataka,0,0
new business development manager,business operations customer relationship management sales communication leadership organization time management networking team building coachable people skills positive attitude enthusiasm for development logistics financial analysis,223500.0,223500.0,223500.0,0-0,0.0293,,1,1
new business development representative,"sales networking prospecting account management marketing campaigns staffing experience self-motivated problem solving communication relationship building results oriented adaptability teamwork training crm software ms office 365 data analysis aviation industry knowledge listening skills transparency,sales customer service presentation skills technical aptitude microsoft office lead generation mechanical aptitude data analysis self-motivation communication relationship building teamwork flexibility problem solving time management sap sirius equipment rental air compressor knowledge air dryer technology",223500.0,223500.0,223500.0,0-0,0.0586,,2,2
new home sales consultant,sales customer service communication commission-based sales closing sales training competitive spirit drive for success coachable teamwork adaptability real estate license appointment setting valid driver s license,223500.0,223500.0,223500.0,0-0,0.0293,,1,1
new role - 5m in seed funding - business development manager 3pl logistics/warehousing startup - 100k - 120k base double ote- work from home,business development sales ms office proficiency cold calling presentation skills customer relationship management data analysis self-starter independent worker communication team collaboration problem solving adaptability negotiation customer focus entrepreneurial mindset time management 3pl services crm proficiency territory management,223500.0,223500.0,223500.0,0-0,0.0293,,1,1
node js developer,,223500.0,223500.0,223500.0,0-0,0.6871,,160,0
non voice chat process,,204000.0,204000.0,204000.0,204000-204000,0.0,badli delhi delhi,0,0
off campus hiring for fresher batch 2023 - 24,,400000.0,400000.0,400000.0,400000-400000,0.0,mohali punjab,0,0
office asistant,,120000.0,120000.0,120000.0,120000-120000,0.0,pollachi tamil nadu,0,0
office assistant,,131449.06,105258.0,152173.59,105258-152173,0.0,"habra west bengal,kochi kerala",0,0
office associate,,174000.0,174000.0,174000.0,174000-174000,0.0,amravati maharashtra,0,0
office executive,,150000.0,150000.0,150000.0,150000-150000,0.0,barddhaman west bengal,0,0
office executive fresher,,234000.0,234000.0,234000.0,234000-234000,0.0,mayur vihar delhi delhi,0,0
office work experience,,120000.0,120000.0,120000.0,120000-120000,0.0,samastipur bihar,0,0
on-premise sales consultant - nova east,communication relationship building self-motivation teamwork problem solving customer focus time management consultative selling crm software data analysis mobile device proficiency customer presentations product proposals sales strategy development market knowledge adaptability,223500.0,223500.0,223500.0,0-0,0.0293,,1,1
online mathematics teacher,,350.0,350.0,350.0,350-350,0.0,bengaluru karnataka,0,0
opening for delivery partner,,241032.0,241032.0,241032.0,241032-241032,0.0,kottayam kerala,0,0
operations co-ordinator,,210000.0,210000.0,210000.0,210000-210000,0.0,kottayam kerala,0,0
operations executive,,288000.0,288000.0,288000.0,288000-288000,0.0,domlur bengaluru karnataka,0,0
operations finance analyst,"cima communication analytical skills organizational skills project administration adaptability problem solving time management teamwork attention to detail profitability analysis microsoft powerpoint sharepoint vba sql power bi rpa,cpa,financial management budget analysis cost accounting cash flow analysis microsoft excel accounting principles professional accounting qualification acca",223500.0,223500.0,223500.0,0-0,0.0793,,1,3
operations finance analyst i,financial management budget analysis cost accounting cash flow analysis microsoft powerpoint accounting principles financial reporting audit testing communication analytical skills organizational skills problem solving time management team collaboration attention to detail profitability analysis microsoft excel sharepoint vba sql power bi rpa project administration adaptability,223500.0,223500.0,223500.0,0-0,0.0293,,1,1
operator trainee fresher,,132000.0,132000.0,132000.0,132000-132000,0.0,kangayam tamil nadu,0,0
oracle finance fusion lead,problem-solving communication skills interpersonal skills teamwork relationship building oracle hr oracle applications integration techniques oracle fusion technology general ledger fixed assets cash management erp systems business process consulting relevant certifications in oracle finance analytical skills active listening independence,223500.0,223500.0,223500.0,0-0,0.0293,,1,1
oracle finance solution expert coe expert,oracle finance general ledger gl accounts payable ap accounts receivable ar fixed assets fa leadership customer relationship management presentation skills communication collaboration problem solving solution architecture pre-sales activity oracle cloud fusion finance accounting hub cloud ahc enterprise performance management solutions requirements gathering business development,223500.0,223500.0,223500.0,0-0,0.0293,,1,1
ot assistant,,210000.0,210000.0,210000.0,210000-210000,0.0,tiruppur tamil nadu,0,0
outside industrial sales representative field service,customer relationship management product knowledge communication interpersonal skills relationship building problem solving outside sales territory management mechanical aptitude business planning service business growth presentation skills prospecting,223500.0,223500.0,223500.0,0-0,0.0293,,1,1
outside sales representative,"sales experience consultative sales problem solving relationship building retail experience management experience self-starter ongoing learning teamwork communication digital marketing business development military background self-employment adaptability grit perseverance quick-witted,inventory management organizational skills communication positive attitude adaptability attention to detail business to business sales knowledge of commercial tires sales closing multitasking competitive nature,communication relationship building time management outside sales property management sales construction market sales commission-based income hybrid work environment self-motivation negotiation",223500.0,223500.0,223500.0,0-0,0.0879,,3,3
outside sales representative trainee,sales communication negotiation microsoft office technical experience product demonstrations time management relationship building customer service team collaboration adaptability networking prioritization crm engineering,223500.0,223500.0,223500.0,0-0,0.0293,,1,1
packing staff,,35.0,35.0,35.0,35-35,0.0,calicut kerala,0,0
part time sales associate- calvin klein,customer service retail experience product knowledge time management sales techniques communication teamwork problem solving adaptability customer engagement feedback receptiveness professionalism passion for brand cash handling visual merchandising inventory management,223500.0,223500.0,223500.0,0-0,0.0293,,1,1
part-time retail sales associate,customer service sales merchandise knowledge cash handling communication teamwork problem solving customer engagement basic math computer operation technology equipment operation adaptability curiosity inclusivity,223500.0,223500.0,223500.0,0-0,0.0293,,1,1
part-time sales associate - denver premium outlet,sales product knowledge customer service merchandising communication teamwork engagement relationship building positive attitude compassion integrity accountability inclusivity cash handling flexible availability,223500.0,223500.0,223500.0,0-0,0.0293,,1,1
part-time sales associate - famous footwear,customer service product knowledge merchandising retail experience team player communication flexibility positive energy self-starter,223500.0,223500.0,223500.0,0-0,0.0293,,1,1
partner business development manager samsung mobility,business development communication relationship building problem solving initiative it sales vendor management data analysis marketing programs pipeline reporting business intelligence sales strategy presentation skills collaboration adaptability teamwork time management,223500.0,223500.0,223500.0,0-0,0.0293,,1,1
partner sales manager startups ags - startup - namer - partner sales,business development sales customer engagement relationship building self-starter leadership problem solving cloud solutions aws services software architecture account management contract negotiation technical acumen gtm programs sales pipeline management communication strategic thinking collaboration mentorship presentation skills adaptability,223500.0,223500.0,223500.0,0-0,0.0293,,1,1
passenger services supervisor,,311085.18,311085.18,311085.18,311085-311085,0.0,bhubaneswar orissa,0,0
peoplesoft finance techno-functional consultant,gap analysis reports development analytical thinking problem solving communication collaboration attention to detail peoplesoft fscm sdlc business requirements gathering application configuration interface development enhancements conversion specifications system testing integration testing uat,223500.0,223500.0,223500.0,0-0,0.0293,,1,1
personal assistant,,345000.0,322500.0,367500.0,322500-367500,0.0,"delhi delhi,jaipura rajasthan",0,0
personal secretary,,930000.0,930000.0,930000.0,930000-930000,0.0,noida uttar pradesh,0,0
pharma freshers,,3600000.0,3600000.0,3600000.0,3600000-3600000,0.0,mumbai central mumbai maharashtra,0,0
phone banking officer,,275000.0,275000.0,275000.0,275000-275000,0.0,jaipur rajasthan,0,0
php developer,,223500.0,223500.0,223500.0,0-0,0.6699,,156,0
physiotherapist,,271765.65,249133.45500000002,294397.845,249133-294397,0.0,"madurai tamil nadu,mumbai maharashtra",0,0
physiotherapy germany,,2700000.0,2700000.0,2700000.0,2700000-2700000,0.0,greater noida uttar pradesh,0,0
pick packer,,108000.0,108000.0,108000.0,108000-108000,0.0,pappanaickenpalayam coimbatore tamil nadu,0,0
pizza hut- team member,,126000.0,126000.0,126000.0,126000-126000,0.0,"aluva kerala,pattom thiruvananthapuram kerala",0,0
pizzahut team member,,217800.0,217800.0,217800.0,217800-217800,0.0,devanhalli karnataka,0,0
plant human resources manager,hr management talent acquisition employee relations hr analytics compliance compensation and benefits administration training communication teamwork problem solving flexibility leadership interpersonal skills analytical thinking adaptability project management manufacturing experience succession planning safety management engagement strategies salary surveys,223500.0,223500.0,223500.0,0-0,0.0293,,1,1
portfolio analyst-finance indiana hybrid/remote,financial analysis data analysis microsoft excel analytical thinking collaboration communication problem solving attention to detail time management relationship building independence project management budget forecasting contract management workday,223500.0,223500.0,223500.0,0-0,0.0293,,1,1
portfolio manager lead information technology systems specialist,communication tools leadership collaboration problem solving project management portfolio management risk mitigation budgeting kpi tracking technical systems management pmo processes process improvement project audits pmp certification attention to detail influencing proactivity stakeholder engagement coaching continuous improvement big picture thinking,223500.0,223500.0,223500.0,0-0,0.0293,,1,1
power app trainee freshers,,222000.0,222000.0,222000.0,222000-222000,0.0,thiruvananthapuram kerala,0,0
principal architect - information technology euc,cloud technology analytical skills problem-solving communication collaboration leadership relationship building euc architecture data governance data mastering metadata management systems integration ai concepts workspace one intune ivanti strategic roadmap planning complex euc environments design innovation,223500.0,223500.0,223500.0,0-0,0.0293,,1,1
principal business development specialist portal north bridge,microsoft office data analysis report development communication problem solving interpersonal skills collaboration feedback management dbe program administration contract compliance project management quality assurance procurement administration fraud monitoring presentation skills negotiation team leadership training and coaching,223500.0,223500.0,223500.0,0-0,0.0293,,1,1
principal data analyst,,14110000.0,14110000.0,14110000.0,14110000-14110000,0.0,us,0,0
principal data engineer,,32577500.0,23966250.0,41188750.0,23966250-41188750,0.0,us,0,0
principal data scientist,,18683117.4,12533000.0,19505000.0,12533000-19505000,0.0,"de,us",0,0
principal human resources business partner,employee relations hr generalist talent management compensation benefits administration training and development project management ms office suite oracle report preparation decision making confidentiality communication problem solving collaboration change management judgment adaptability leadership eeo compliance peoplesoft coaching hybrid work management cultural awareness diversity and inclusion advocacy,223500.0,223500.0,223500.0,0-0,0.0293,,1,1
private client business development advisor,microsoft office sales success communication relationship building professionalism positive attitude motivation wealth management investment strategies crm salesforce capital markets asset allocation investment planning investment management portfolio construction risk management consultative sales investment management proposals teamwork integrity flexibility trust building,223500.0,223500.0,223500.0,0-0,0.0293,,1,1
private tutor,,360000.0,360000.0,360000.0,360000-360000,0.0,bengaluru karnataka,0,0
probationary officer,,216000.0,216000.0,216000.0,216000-216000,0.0,coimbatore tamil nadu,0,0
process associate,,160000.0,160000.0,160000.0,160000-160000,0.0,bhubaneswar orissa,0,0
product data analyst,,503976.0,503976.0,503976.0,503976-503976,0.0,in,0,0
product strategist - embedded finance,operations management cost forecasting revenue forecasting strategic thinking collaboration communication problem solving leadership client advisory payments processing embedded finance payment platforms banking sla negotiation api familiarity software development consensus building,223500.0,223500.0,223500.0,0-0,0.0293,,1,1
production co-ordinator,,198000.0,198000.0,198000.0,198000-198000,0.0,mumbai maharashtra,0,0
production coordinator,,180000.0,180000.0,180000.0,180000-180000,0.0,mundakayam kerala,0,0
production fresher,,270000.0,270000.0,270000.0,270000-270000,0.0,chakan pune maharashtra,0,0
production supervisor,,120000.0,120000.0,120000.0,120000-120000,0.0,rajkot gujarat,0,0
professional sales representative,sales negotiation communication interpersonal skills self-motivation independence relationship building lead generation building automation systems energy efficiency concepts customer relationship management business degree engineering degree,223500.0,223500.0,223500.0,0-0,0.0293,,1,1
program finance intern,microsoft excel microsoft word microsoft powerpoint database applications communication organizational skills teamwork professionalism adaptability,223500.0,223500.0,223500.0,0-0,0.0293,,1,1
programme coordinator,,300000.0,300000.0,300000.0,300000-300000,0.0,kodungallur kerala,0,0
programmer,,282000.0,282000.0,282000.0,282000-282000,0.0,ashok vihar delhi delhi,0,0
programmer trainee,,271362.01,271362.01,271362.01,271362-271362,0.0,remote,0,0
programmers,,240000.0,240000.0,240000.0,240000-240000,0.0,bengaluru karnataka,0,0
project assistant,,167622.24,167622.24,167622.24,167622-167622,0.0,attur tamil nadu,0,0
project billing specialist,,258000.0,258000.0,258000.0,258000-258000,0.0,shivaji nagar pune maharashtra,0,0
project coordinator,,120000.0,120000.0,120000.0,120000-120000,0.0,mundakayam kerala,0,0
project finance associate - 1890298,due diligence communication professionalism time management organizational skills attention to detail collaboration project finance renewable energy projects financing documentation purchase agreements partnership agreements credit agreements security agreements pledge agreements depositary agreements development agreements ppas epcs site control agreements interconnection agreements jd or llm,223500.0,223500.0,223500.0,0-0,0.0293,,1,1
project finance portfolio management director,"consent,financial analysis administration energy sector knowledge independent oversight problem solving communication analytical thinking decision making attention to detail team collaboration project finance credit monitoring portfolio management credit risk assessment amendment,waiver analysis infrastructure knowledge oil gas knowledge mining knowledge",223500.0,223500.0,223500.0,0-0,0.0793,,1,3
project manager,,300000.0,300000.0,300000.0,300000-300000,0.0,"madurai tamil nadu,remote",0,0
project sales manager,sales management interpersonal skills communication organizational skills problem solving teamwork creativity customer service project management lead generation market research crm software microsoft office suite project management tools business development customer retention kpi reporting,223500.0,223500.0,223500.0,0-0,0.0293,,1,1
proofreading quality control copy editing - freshers also welcome,,234595.925,234595.925,234595.925,234595-234595,0.0,coimbatore tamil nadu,0,0
pt sales associate,sales experience customer service analytical skills problem-solving communication teamwork listening collaboration microsoft office mathematical skills inventory management pos transactions furniture assembly time management adaptability accountability flexibility empathy self-awareness,223500.0,223500.0,223500.0,0-0,0.0293,,1,1
pt sales associate cashier,cash handling customer service computer skills payment processing product knowledge communication teamwork problem solving attention to detail adaptability courtesy time management point of sale systems bagging procedures,223500.0,223500.0,223500.0,0-0,0.0293,,1,1
pt sales associate san marcos tx,customer service visual merchandising cash register operation technology use teamwork communication positive attitude flexibility problem solving creativity customer engagement adaptability office equipment operation manual labor lifting and carrying,223500.0,223500.0,223500.0,0-0,0.0293,,1,1
public finance - mid-level associate attorney - den,public finance writing drafting transaction documents due diligence municipal bonds interpersonal communication attention to detail teamwork problem solving time management legal research securities disclosure jd from accredited law school colorado bar admission commercial loans public-private partnerships,223500.0,223500.0,223500.0,0-0,0.0293,,1,1
public finance operations administrator,public finance knowledge compliance knowledge microsoft excel multi-tasking interpersonal skills organizational skills time management team collaboration problem-solving database management data entry microsoft word microsoft powerpoint microsoft outlook municipal bonds knowledge sec and finra regulations knowledge,223500.0,223500.0,223500.0,0-0,0.0293,,1,1
public relations coordinator,,420000.0,420000.0,420000.0,420000-420000,0.0,kochi kerala,0,0
purchase assistant,,156000.0,156000.0,156000.0,156000-156000,0.0,tiruppur tamil nadu,0,0
python intern trainee,,183000.0,183000.0,183000.0,183000-183000,0.0,kulasegaram tamil nadu,0,0
qa engineer fresher,,300000.0,300000.0,300000.0,300000-300000,0.0,pune maharashtra,0,0
qa fresher,,250000.0,250000.0,250000.0,250000-250000,0.0,ahmedabad gujarat,0,0
qa game tester,,216000.0,216000.0,216000.0,216000-216000,0.0,pune district maharashtra,0,0
qc apparel/garment,,180000.0,180000.0,180000.0,180000-180000,0.0,tiruppur tamil nadu,0,0
qc officer,,360000.0,360000.0,360000.0,360000-360000,0.0,kala amb himachal pradesh,0,0
quality analyst,,318600.0,316800.0,320400.0,316800-320400,0.0,"kottivakkam chennai tamil nadu,remote",0,0
quality analyst fresher,,258000.0,258000.0,258000.0,258000-258000,0.0,sanjeeva reddy nagar hyderabad telangana,0,0
quality analyst intern,,72000.0,72000.0,72000.0,72000-72000,0.0,satellite ahmedabad gujarat,0,0
quality engineer trainee,,400000.0,400000.0,400000.0,400000-400000,0.0,bommasandra industrial estate bengaluru karnataka,0,0
real estate sales agent,crm software negotiation time management team player communication organizational skills willingness to learn attention to detail listening skills growth mindset client relationship management nc real estate license real estate sales experience lead generation pricing strategies ai technology,223500.0,223500.0,223500.0,0-0,0.0293,,1,1
receptionist,,185000.0,185000.0,185000.0,185000-185000,0.0,kanpur uttar pradesh,0,0
receptionist female,,132000.0,132000.0,132000.0,132000-132000,0.0,navlakha indore madhya pradesh,0,0
receptionist front desk,,420000.0,420000.0,420000.0,420000-420000,0.0,delhi delhi,0,0
receptionist telecaller,,162000.0,162000.0,162000.0,162000-162000,0.0,pattom thiruvananthapuram kerala,0,0
recruiter,,222000.0,222000.0,222000.0,222000-222000,0.0,remote,0,0
regional finance process manager,"accounting finance processes data analysis excel communication teamwork problem solving change management continuous improvement service-oriented approach sap blackline cadency process development project management o365 power bi kpi measurement negotiation facilitation networking,accounting finance processes data management project management process improvement analytical skills communication teamwork problem solving change management service-oriented approach continuous improvement mindset sap o365 excel power bi blackline cadency negotiation facilitation networking",223500.0,223500.0,223500.0,0-0,0.0586,,2,2
regional human resources generalist,employee relations data analysis compliance recruiting strategies performance management operational execution communication teamwork problem solving interpersonal skills planning and prioritization customer focus leadership flexibility hr certification multi-unit leadership,223500.0,223500.0,223500.0,0-0,0.0293,,1,1
regional language content writer on-site job,,258000.0,258000.0,258000.0,258000-258000,0.0,noida uttar pradesh,0,0
regional sales director,communication skills interpersonal skills organizational skills relationship building adaptability sales management analytical skills crm software microsoft office 360 sap business analytics forecasting market analysis recruiting training and development project management customer relationship management sales strategy financial management manufacturing knowledge leadership collaboration problem solving goal setting coaching,223500.0,223500.0,223500.0,0-0,0.0293,,1,1
regional sales leader,sales customer relationship management communication teamwork problem solving adaptability time management customer focus negotiation management strategic planning market analysis financial analysis training and development project management data analysis leadership growth mindset influencing coaching,223500.0,223500.0,223500.0,0-0,0.0293,,1,1
regional sales manager,sales management excel word powerpoint business analysis presentation skills communication relationship building multi-tasking self-confidence interpersonal skills adaptability judgment self-management team collaboration technology sales crm systems,223500.0,223500.0,223500.0,0-0,0.0293,,1,1
regional specialty banking finance manager,financial planning financial analysis budgeting forecasting performance metrics communication leadership team management problem solving time management collaboration analytical thinking presentation skills mentoring self-starter excel powerpoint data analysis financial modeling essbase regulatory reporting variance analysis,223500.0,223500.0,223500.0,0-0,0.0293,,1,1
regional vice president of sales,sales account strategies team player self-starter communication initiative relationship building competitive problem solving adaptability positive representation crm property and casualty certification e-commerce salesforce risk mitigation solutions outbound prospecting sales presentations market analysis feedback,223500.0,223500.0,223500.0,0-0,0.0293,,1,1
remote business development representative,sales techniques crm software communication relationship building persuasion teamwork time management product presentations virtual communication tools record keeping,223500.0,223500.0,223500.0,0-0,0.0293,,1,1
remote business development specialist,sales communication product presentations virtual demonstrations sales funnel management record keeping lead engagement self-motivation teamwork adaptability relationship building goal-oriented problem solving,223500.0,223500.0,223500.0,0-0,0.0293,,1,1
renewable ipp - project finance and m a associate,teamwork communication analytical thinking problem solving attention to detail project finance m a investment banking debt financing tax equity capital raises asset acquisitions divestitures solar energy wind energy battery storage,223500.0,223500.0,223500.0,0-0,0.0293,,1,1
renewals executive,,138000.0,138000.0,138000.0,138000-138000,0.0,mumbai maharashtra,0,0
research analyst fresher,,350000.0,350000.0,350000.0,350000-350000,0.0,noida uttar pradesh,0,0
research analyst- entry level job for freshers,,102000.0,102000.0,102000.0,102000-102000,0.0,mohali punjab,0,0
research assistant,,162000.0,162000.0,162000.0,162000-162000,0.0,nagercoil tamil nadu,0,0
research associate,,360000.0,360000.0,360000.0,360000-360000,0.0,kharadi pune maharashtra,0,0
research scientist,,9891375.6,4833110.75,8224407.75,4833110-8224407,0.0,"ca,cn,fr,gb,nl,pt,us",0,0
research trainee,,270000.0,270000.0,270000.0,270000-270000,0.0,mumbai maharashtra,0,0
residential tutor,,248639.76,248639.76,248639.76,248639-248639,0.0,palghat kerala,0,0
restaurant staff,,330000.0,330000.0,330000.0,330000-330000,0.0,vizhinjam thiruvananthapuram kerala,0,0
retail brand ambassador sales associate - pt- medford 702415,retail experience merchandising visual presentation customer service communication teamwork organization collaboration problem solving pos systems microsoft office stock maintenance,223500.0,223500.0,223500.0,0-0,0.0293,,1,1
retail part-time sales advisor - savage x fenty cross county center - yonkers ny,customer service product knowledge technology proficiency interpersonal communication teamwork flexibility self-motivation problem solving visual merchandising inventory management growth mindset,223500.0,223500.0,223500.0,0-0,0.0293,,1,1
retail sales associate,"sales customer service communication technology merchandising inventory management outbound calling teamwork problem solving adaptability persistence community engagement learning orientation text messaging,sales customer service communication technology inventory management outbound calling teamwork problem solving adaptability persistence learning orientation time management merchandising",223500.0,223500.0,223500.0,0-0,0.0586,,2,2
retail sales associate part time,"customer service cash handling visual merchandising sales techniques inventory management retail operations teamwork communication adaptability relationship building problem solving positive attitude,customer service sales techniques teamwork communication adaptability relationship building problem solving positive attitude trust and commitment cash handling visual merchandising stock management retail operations lifting up to 50 lbs,cash handling basic math skills stocking merchandise selling skills inventory management basic computer skills lifting 50 lbs communication teamwork customer service independence enthusiasm problem solving adaptability time management pos point of sale system",223500.0,223500.0,223500.0,0-0,0.0879,,3,3
retail sales manager,customer experience enhancement communication interpersonal skills problem solving flexibility sales management sales strategy execution performance analysis action plan development leadership motivation,223500.0,223500.0,223500.0,0-0,0.0293,,1,1
retirement plan services internal business development consultant,critical thinking problem-solving client-focused mindset relationship building effective communication adaptability teamwork financial services experience crps designation financial license series 65 retirement plan knowledge microsoft word microsoft excel microsoft powerpoint microsoft outlook salesforce attention to detail process driven,223500.0,223500.0,223500.0,0-0,0.0293,,1,1
robotics / stem trainer,,300000.0,285000.0,315000.0,285000-315000,0.0,"indore madhya pradesh,jaipur rajasthan",0,0
route sales professional,stocking sales data analysis customer relationship management inventory management physical stamina communication teamwork problem solving adaptability customer service time management merchandising valid driver s license dot medical card route settlement procedures safety driving,223500.0,223500.0,223500.0,0-0,0.0293,,1,1
route sales professional express route,merchandising stocking customer relationship management inventory management documentation and paperwork communication teamwork problem solving time management adaptability customer service attention to detail sales data analysis valid driver s license dot medical card route driving dsd experience,223500.0,223500.0,223500.0,0-0,0.0293,,1,1
route service sales representative 4-day workweek - 24/hour,sales skills customer service orientation self-motivation teamwork positive attitude organization problem solving driver s license dot medical certification inventory control negotiation physical fitness,223500.0,223500.0,223500.0,0-0,0.0293,,1,1
rto executive,,216000.0,216000.0,216000.0,216000-216000,0.0,erode tamil nadu,0,0
sale business development manager,sales strategy development account management market analysis marketing strategy recruitment customer relationship management data analysis communication leadership problem solving strategic thinking team collaboration adaptability negotiation analytical thinking financial analysis product knowledge polymers budget management,223500.0,223500.0,223500.0,0-0,0.0293,,1,1
sales academy associate- rotational program june 2024 start,sales relationship management lead generation account management sales forecasting presentation skills communication teamwork problem solving adaptability networking customer focus trust-building influence financial technology ecrm systems business strategy negotiation mentorship enthusiasm,223500.0,223500.0,223500.0,0-0,0.0293,,1,1
sales account executive,microsoft office suite communication relationship building self-motivation organizational skills problem solving teamwork conflict resolution results-oriented mindset interpersonal skills salesforce b2b sales negotiation crm software blueprint understanding business planning sales presentations market analysis lead generation flexibility,223500.0,223500.0,223500.0,0-0,0.0293,,1,1
sales account manager,"sales customer service presentation skills bachelor s degree training communication relationship building time management teamwork leadership account management problem-solving business solutions valid driver s license consultation adaptability strategic planning negotiation self-motivation work-life balance,b2b sales crm software sales presentations business development sales process management market research communication relationship building customer satisfaction problem solving teamwork networking,account management business development sales prospecting customer relationship management event planning coordination computer skills communication interpersonal skills teamwork adaptability problem solving integrity customer-focused demeanor self-accountability collaboration positive attitude market research public relations logistics oversight revenue management crm systems",223500.0,223500.0,223500.0,0-0,0.0879,,3,3
sales administrative assistant,ms office suite project management troubleshooting techniques communication skills teamwork organizational skills time management customer service orientation self-motivation attention to detail decision making adaptability adobe visio smartsheet mathematical computations technical solution design professional certifications axis milestone avigilon,223500.0,223500.0,223500.0,0-0,0.0293,,1,1
sales administrator,microsoft office project management communication teamwork organization attention to detail multitasking can-do attitude salesforce excel vendor relationship management waste stream profiles,223500.0,223500.0,223500.0,0-0,0.0293,,1,1
sales advisor - intel computers,retail sales customer service product knowledge computer hardware pos system reporting training interpersonal communication relationship building problem solving engagement teamwork adaptability time management elearning,223500.0,223500.0,223500.0,0-0,0.0293,,1,1
sales advisor work from home,,210000.0,210000.0,210000.0,210000-210000,0.0,remote,0,0
sales agent,sales customer relationship management computer proficiency bilingual communication sales reporting communication interpersonal skills independence teamwork problem solving cold calling marketing p c license,223500.0,223500.0,223500.0,0-0,0.0293,,1,1
sales and business development leader,sales strategies customer relationship management crm market analysis budget preparation microsoft office data processing systems cost accounting leadership sales practices and procedures communication initiative accountability professionalism planning organizational skills teamwork customer service coaching problem solving production scheduling proposal presentations erp systems,223500.0,223500.0,223500.0,0-0,0.0293,,1,1
sales and business development manager minerals and nutrients - singapore,communication customer service teamwork sales management project management market planning crm applications analytical skills nutraceuticals food manufacturing regulatory knowledge ms office leadership relationship management negotiation problem solving,223500.0,223500.0,223500.0,0-0,0.0293,,1,1
sales and customer service executive,,240000.0,240000.0,240000.0,240000-240000,0.0,nungambakkam high road chennai tamil nadu,0,0
sales and marketing representative,sales marketing negotiation customer service communication teamwork time management adaptability relationship building presentation,223500.0,223500.0,223500.0,0-0,0.0293,,1,1
sales and marketing specialist,sales strategic planning client relationship management training communication teamwork problem solving flexibility initiative marketing lead generation,223500.0,223500.0,223500.0,0-0,0.0293,,1,1
sales and operations management trainee,business management customer service sales processes time management communication problem solving attention to detail team collaboration results oriented adaptability customer relationship management inventory management data analysis valid driver s license,223500.0,223500.0,223500.0,0-0,0.0293,,1,1
sales and service route class b driver 5k sign on bonus,basic computer skills math skills safety compliance vehicle operation customer service communication problem solving time management class b cdl hazmat endorsement route driving experience physical fitness,223500.0,223500.0,223500.0,0-0,0.0293,,1,1
sales associate,"product knowledge sales techniques customer service technology usage merchandising communication teamwork flexibility creativity relationship building problem solving customer engagement,customer service sales store presentation communication teamwork problem solving flexibility relationship building optimism authenticity e-commerce styling advice creativity,customer service technology proficiency retail experience communication teamwork problem solving organization transaction processing,reporting customer service communication attention to detail proactivity self-motivation team collaboration flexibility pos transactions visual merchandising stock organization,product knowledge sales techniques customer service technology usage merchandising communication teamwork flexibility relationship building problem solving creativity customer engagement positive attitude",234000.0,234000.0,234000.0,234000-234000,0.1465,dehradun uttarakhand,5,5
sales associate - white house black market,sales techniques product knowledge customer service technology adaptation organizational skills multi-tasking visual merchandising cash register operation communication teamwork problem solving customer relationship management flexibility feedback solicitation,223500.0,223500.0,223500.0,0-0,0.0293,,1,1
sales associate / jewelry consultant - kay jewelers - westland mall - hialeah fl,customer service sales retail experience communication administrative duties relationship building flexibility positive attitude teamwork problem solving jewelry experience merchandise presentation financing options knowledge,223500.0,223500.0,223500.0,0-0,0.0293,,1,1
sales associate / key sales / seasonal opportunities - banter by piercing pagoda - los cerritos center - cerritos ca,sales customer service retail experience product knowledge supervisory skills communication teamwork sales techniques drive adaptability desire to grow problem solving merchandising financing options creativity integrity commitment to excellence charisma,223500.0,223500.0,223500.0,0-0,0.0293,,1,1
sales associate sunglass hut,sales customer service technology proficiency communication teamwork attention to detail relationship building inventory management visual merchandising self-motivation adaptability,223500.0,223500.0,223500.0,0-0,0.0293,,1,1
sales associate target optical,retail experience customer service sales skills computer skills communication multi-tasking teamwork initiative customer relationship building respectfulness optical knowledge point of sale system optical measurements basic math skills technology adaptation self-motivation flexibility positive attitude,223500.0,223500.0,223500.0,0-0,0.0293,,1,1
sales associate/ business development representative 73651,b2b sales digital marketing virtual presentations customer relationship management crm analytical skills outbound calling communication collaboration customer support results-driven mindset flexibility adaptability advertising,223500.0,223500.0,223500.0,0-0,0.0293,,1,1
sales business development specialist-specialty craft channel,sales metrics interpretation project management technologies communication problem solving teamwork detail oriented self-starter customer relationship management adaptability curiosity microsoft office suite excel erp systems data analytics powerbi,223500.0,223500.0,223500.0,0-0,0.0293,,1,1
sales consultant,"sales experience lead generation account management product knowledge market analysis customer service motivation relationship building communication problem solving teamwork adaptability construction industry knowledge safety program communication proposal generation aggressiveness,sales experience customer service documentation inventory knowledge relationship building listening skills self-motivation teamwork communication financing applications,sales customer service market research sales strategies microsoft office suite communication interpersonal skills teamwork independence attention to detail organizational skills real estate knowledge crm software negotiation",223500.0,223500.0,223500.0,0-0,0.0879,,3,3
sales coordinator,logistics sales customer service appointment scheduling communication collaboration willingness to learn cold calling market research salesforce panjiva zoominfo freight booking creativity empathy enthusiasm,223500.0,223500.0,223500.0,0-0,0.0293,,1,1
sales coordinator - westminster co,microsoft office communication teamwork problem solving organizational skills self-motivated goal-oriented interpersonal skills adaptability salesforce crm administration erp support sap data input data integrity reporting functions pneumatic tubing systems time management listening skills,223500.0,223500.0,223500.0,0-0,0.0293,,1,1
sales customer service,sales support crm software data collection communication organization teamwork professionalism problem solving positive attitude customer service microsoft office solar energy knowledge bilingual,223500.0,223500.0,223500.0,0-0,0.0293,,1,1
sales development rep - deforest wi,sales computer skills time management organizational skills outbound calling communication customer service motivation multi-tasking results driven crm internet sales marketing campaigns knowledge review management vinsolutions experience,223500.0,223500.0,223500.0,0-0,0.0293,,1,1
sales development representative,communication problem solving analytical skills time management negotiation internet research customer service relationship building business development interpersonal skills adaptability teamwork creativity responsibility attention to detail stress management,223500.0,223500.0,223500.0,0-0,0.0293,,1,1
sales development representative - us,crm systems communication time management teamwork problem solving work ethic eagerness to learn sales development salesforce linkedin sales navigator email outreach research skills opportunity management listening skills adaptability,223500.0,223500.0,223500.0,0-0,0.0293,,1,1
sales development trainee,sales communication organizational skills time management customer relationship management teamwork problem solving negotiation territory management presentation skills reporting valid driver s license goal oriented self-motivated leadership adaptability ambition communication with internal departments,223500.0,223500.0,223500.0,0-0,0.0293,,1,1
sales director,"microsoft office suite communication problem solving relationship building customer satisfaction focus sales management business development strategic planning salesforce contract negotiation market analysis mechanical systems knowledge leadership team mentoring analytical thinking adaptability,sales leadership leadership communication team motivation customer satisfaction relationship building results-oriented mindset collaboration cold chain logistics temperature-controlled packaging solutions strategic sales planning sales forecasting negotiation market analysis business development reporting strategic thinking",223500.0,223500.0,223500.0,0-0,0.0586,,2,2
sales director - sap projects,continuous learning communication interpersonal skills team collaboration goal-oriented problem solving adaptability customer engagement time management sap services b2b sales enterprise software solutions sales process management proposal development customer relationship management market research sales strategy sap module implementation influencing skills creativity,223500.0,223500.0,223500.0,0-0,0.0293,,1,1
sales director overland park kc,sales strategy team leadership microsoft word business development motivation work ethic communication problem solving telecom products crm systems microsoft excel coaching training,223500.0,223500.0,223500.0,0-0,0.0293,,1,1
sales district manager,sales performance communication problem solving b2b sales cold calling negotiation,223500.0,223500.0,223500.0,0-0,0.0293,,1,1
sales enablement training manager,training development product knowledge communication coaching interpersonal skills leadership adaptability team collaboration problem solving sales enablement curriculum design project management data analysis saas sales processes sales methodologies certification programs motivation,223500.0,223500.0,223500.0,0-0,0.0293,,1,1
sales engineer,"customer service oral communication adaptability planning,organizing active directory windows file systems unix file systems security hardware security software microsoft exchange mcse certification mcp certification analytical skills technical skills problem-solving written communication team collaboration presentation skills attention to detail sense of urgency,computer networking project management ms office communication self-motivation organizational skills analytical skills leadership adaptability customer service cctv technical presentations product training ms project technical support ip cctv products video surveillance equipment problem diagnosis collaboration",223500.0,223500.0,223500.0,0-0,0.0836,,2,3
sales executive,"communication time management relationship building self-motivation adaptability business to business sales software sales healthcare sales financial sales overnight travel real estate knowledge negotiation,sales account management business development customer relationship management crm communication persistence teamwork high energy problem solving logistics knowledge,sales lead qualification communication relationship building consultative selling problem solving crm systems negotiation",97032.0,97032.0,97032.0,97032-97032,0.0879,dehradun uttarakhand,3,3
sales executive / sales manager - real estate,,300000.0,300000.0,300000.0,300000-300000,0.0,kochi kerala,0,0
sales executive 28224,relationship building salesforce crm healthcare technology sales data analytics statistics analytical projects communication problem solving adaptability creativity,223500.0,223500.0,223500.0,0-0,0.0293,,1,1
sales executive freight forwarding,sales negotiation consultative selling contact management database communication problem solving self-motivation strategic thinking relationship building drive freight forwarding presentation supply chain management transportation and logistics knowledge powerpoint profit and loss statement understanding enthusiasm,223500.0,223500.0,223500.0,0-0,0.0293,,1,1
sales executive- freshers can apply,,210000.0,210000.0,210000.0,210000-210000,0.0,coimbatore tamil nadu,0,0
sales executive- mba freshers,,210000.0,210000.0,210000.0,210000-210000,0.0,kochi kerala,0,0
sales godown work,,240000.0,240000.0,240000.0,240000-240000,0.0,thiruvarur tamil nadu,0,0
sales lead,retail experience product knowledge sales merchandising visual merchandising customer service team leadership communication problem solving adaptability collaboration enthusiasm operational management motivation,223500.0,223500.0,223500.0,0-0,0.0293,,1,1
sales lead - white house black market,retail management customer service sales techniques product knowledge administrative skills technology adaptation merchandising cash handling inventory management performance metrics communication team leadership motivation problem solving organizational skills flexibility customer relationship management collaboration feedback reception time management,223500.0,223500.0,223500.0,0-0,0.0293,,1,1
sales manager,"sales management team management business development time management sales strategy development performance monitoring communication goal-oriented self-discipline positive attitude persuasion leadership organizational skills personal development adaptability professional demeanor consultative sales marketing presentation skills saas knowledge,customer relationship management interpersonal communication coaching leadership communication teamwork time management relationship building motivation sales management sales strategy implementation team recruitment and training sales goal analysis data analysis territory management problem solving adaptability,sales management customer service contract negotiation team leadership self-motivation communication problem solving professionalism time management adaptability customer relationship management motivation project management crm software acculynx insurance claims processing roofing installation estimating and inspections material ordering honesty,sales techniques store operations performance metrics analysis staff management employee training customer relationship management financial reporting time-keeping management leadership communication problem solving teamwork coaching mentoring customer service adaptability engagement motivation compliance management merchandise layout,time management communication organization persuasiveness teamwork sales management consultative sales marketing business development team leadership presentation skills strategic alliances saas knowledge sales strategy development performance monitoring goal-oriented self-discipline positive attitude personal development adaptability professional demeanor,sales management team development time management performance monitoring communication goal-oriented self-discipline positive attitude persuasiveness organization leadership adaptability professional demeanor consultative sales marketing strategic alliances presentation skills saas knowledge sales strategy development personal development,sales strategic planning client relationship management communication listening multitasking personable coachable charismatic crm software google docs,time management communication goal-oriented self-discipline positive attitude organization problem-solving personal development adaptability professional demeanor sales management consultative sales marketing team development strategic alliances saas knowledge sales strategy development presentation skills performance monitoring leadership",223500.0,223500.0,223500.0,0-0,0.2344,,8,8
sales manager - us - packaging machinery,communication relationship management proactivity common sense team collaboration crm ms office technical presentations blueprints understanding sales reporting market analysis business development pre-sales technical assistance measurements for layouts persuasion autonomy,223500.0,223500.0,223500.0,0-0,0.0293,,1,1
sales manager part time - 24h210,customer service merchandise placement basic computer skills financial results analysis communication teamwork problem solving employee engagement multitasking retail management,223500.0,223500.0,223500.0,0-0,0.0293,,1,1
sales marketing assistant manager,,240000.0,234000.0,246000.0,234000-246000,0.0,"mumbai maharashtra,surat gujarat",0,0
sales marketing manager,,420000.0,420000.0,420000.0,420000-420000,0.0,kolkata west bengal,0,0
sales marketing officer,,198000.0,198000.0,198000.0,198000-198000,0.0,kochi kerala,0,0
sales officer so,,240000.0,240000.0,240000.0,240000-240000,0.0,alleppey kerala,0,0
sales operations manager,"microsoft office negotiation skills phone sales skills attention to detail communication problem solving teamwork time management adaptability professionalism customer relationship management creativity salesforce technical support billing management,sales operations data analysis quantitative skills communication teamwork problem solving adaptability organization leadership strategic thinking time management excel powerpoint crm systems microstrategy inventory management",223500.0,223500.0,223500.0,0-0,0.0586,,2,2
sales operations senior manager incentive compensation lead,data analytics business analysis reporting optimization data management collaboration communication problem solving attention to detail strategic thinking presentation skills training development incentive compensation design financial operations microsoft excel microsoft access microsoft powerpoint pharmaceutical data analysis,223500.0,223500.0,223500.0,0-0,0.0293,,1,1
sales proposal manager,project management customer proposals data analysis team management reporting operational improvements communication leadership analytical thinking customer focus strategic mindset collaboration problem solving mentoring engineering warehouse and distribution knowledge,223500.0,223500.0,223500.0,0-0,0.0293,,1,1
sales representative,"sales customer service technology usage pos systems product knowledge communication interpersonal skills relationship building adaptability teamwork presentation skills integrity motivation sales presentations,sales customer relationship management product knowledge training communication building trust adaptability persuasiveness teamwork follow-up customer loyalty problem solving market research ms office b2b sales driving sales reporting,sales customer relationship management ms office culinary knowledge communication building trust adaptability teamwork follow-up problem solving time management market research product knowledge b2b sales driving restaurant management persuasiveness,sales communication customer relationship management lead generation problem solving product knowledge teamwork adaptability drive competitive spirit kindness personal growth negotiation time management",150000.0,150000.0,150000.0,150000-150000,0.1172,uppal kalan hyderabad telangana,4,4
sales representative business development business broker,sales support marketing finance lead generation communication self-motivation detail-oriented negotiation relationship building problem solving business brokerage accounting commercial real estate,223500.0,223500.0,223500.0,0-0,0.0293,,1,1
sales representative i - boston,customer relationship management sales tracking technical aptitude product knowledge communication team collaboration problem solving adaptability time management customer service relationship building sales planning clinical proficiency business acumen compliance training event coordination presentation skills,223500.0,223500.0,223500.0,0-0,0.0293,,1,1
sales representative/business development representative - b2b entry level,sales lead generation microsoft office suite territory management communication teamwork problem solving organizational skills time management self-motivation responsibility lift truck operation,223500.0,223500.0,223500.0,0-0,0.0293,,1,1
sales service rep - banking - permanent hire,customer service financial transactions sales critical thinking decision-making computer systems navigation listening skills communication problem solving time management adaptability teamwork knowledge of financial products,223500.0,223500.0,223500.0,0-0,0.0293,,1,1
sales specialist,lead generation crm software analytical thinking communication teamwork problem solving results-driven multi-tasking salesforce quoting process technical support public speaking life sciences knowledge time management flexibility,223500.0,223500.0,223500.0,0-0,0.0293,,1,1
sales specialist diamond and fine jewelry mandatory experience in gemology and diamond industry sales,sales customer service logistics problem-solving organizational skills tech-savviness communication interpersonal skills multitasking adaptability gemology ecommerce creativity,223500.0,223500.0,223500.0,0-0,0.0293,,1,1
sales specialist miami,sales customer service inventory management organizational skills communication teamwork relationship development multi-tasking self-starter independence collaboration adaptability pos systems asset protection procedures crm software merchandising,223500.0,223500.0,223500.0,0-0,0.0293,,1,1
sales staff,,186000.0,186000.0,186000.0,186000-186000,0.0,chennai tamil nadu,0,0
sales supervisor,,234000.0,234000.0,234000.0,234000-234000,0.0,thrissur kerala,0,0
sales supervisor - full time,retail management customer service sales performance cash handling merchandising standards fast-paced environment interpersonal communication team motivation coordination positive attitude problem solving,223500.0,223500.0,223500.0,0-0,0.0293,,1,1
salesforce architect - omnistudio,analytical skills problem solving communication interpersonal skills collaboration adaptability customer focus salesforce omnistudio vlocity omniscript dataraptor flexcards lightning components salesforce integrations data studio journey builder interaction studio audience studio apex technical design documentation,223500.0,223500.0,223500.0,0-0,0.0293,,1,1
salesforce developer,"aura cti integration amazon connect system migrations application design and architecture software quality assurance system testing tools agile software development devops principles creativity flexibility,collaboration problem solving time management communication leadership salesforce apex rest apis soap apis salesforce service cloud salesforce sales cloud salesforce communities lwc,cd systems low code platforms rpa mobile development mentoring stakeholder management influencing skills,communication teamwork interpersonal skills problem solving adaptability salesforce development lightning components visualforce pages apex development javascript html css sql agile methodology database design principles etl tools cms ci,quality management system qms documentation problem solving salesforce development apex lightning web components lwc apex classes apex triggers batch processes soql sosl restful web services html css javascript jquery platform developer i certification platform developer ii certification service cloud sales cloud marketing cloud health cloud",223500.0,223500.0,223500.0,0-0,0.1379,,3,5
salesforce marketing cloud administrator,project management communication problem solving creativity collaboration deadline management salesforce marketing cloud marketing cloud email specialist certification marketing cloud connect data models html css javascript ampscript ssjs soap apis rest apis project management tools jira confluence integrations analytical thinking user adoption facilitation prioritization agile methodology,223500.0,223500.0,223500.0,0-0,0.0293,,1,1
salesforce technical lead/ architect,communication customer relationship management problem solving documentation team leadership risk management salesforce architecture apex code review globalization design development patterns force com development object-oriented design soql sosl integration soap api rest api testing apex classes salesforce data model integration implementation code deployment process performance tuning enterprise application integration data migration salesforce certification,223500.0,223500.0,223500.0,0-0,0.0293,,1,1
salesforce vlocity/omnistudio developer,problem solving teamwork communication salesforce vlocity omnistudio insurance domain knowledge core development consultant certification,223500.0,223500.0,223500.0,0-0,0.0293,,1,1
salesperson,"sales customer relationship management time management technical skills presentation skills merchandising computer skills communication organization professionalism judgment relationship building golf equipment knowledge order securing and renewing golf-related outside sales experience club fitting passion for golf,sales negotiation sales techniques real estate industry business administration marketing communication interpersonal skills relationship building independence teamwork crm software microsoft office healthcare industry,inventory management communication customer service relationship building problem solving teamwork adaptability time management automotive system knowledge store systems knowledge battery installation pos systems parts lookup systems basic math skills safety knowledge diagnostic equipment expertise,store systems knowledge inventory management safety knowledge communication customer service relationship building problem solving teamwork time management automotive system knowledge battery installation pos systems parts lookup systems basic math skills diagnostic equipment expertise adaptability,inventory management communication customer service relationship building teamwork adaptability problem solving time management friendly demeanor automotive system knowledge basic math pos systems parts lookup systems battery installation diagnostic equipment safety knowledge store systems knowledge,valid driver s license communication interpersonal skills relationship building results-oriented teamwork independence adaptability problem solving b2b sales sales target achievement negotiation market research product presentation sales reporting pet industry knowledge bachelor s degree in business or marketing,sales customer service organizational skills time management communication interpersonal skills self-motivation goal-oriented independence prospecting sales presentations roofing industry experience,inventory management communication customer service relationship building teamwork problem solving time management automotive system knowledge basic math pos systems parts lookup systems battery installation diagnostic equipment safety knowledge store systems knowledge adaptability",223500.0,223500.0,223500.0,0-0,0.2344,,8,8
sand plant operator fresher also can apply location- howrah,,192000.0,192000.0,192000.0,192000-192000,0.0,howrah west bengal,0,0
sap cfin consultant - central finance,"design discussion facilitation team collaboration sap cfin material master uom material type valuation class customer management vendor management g,l configuration g,l testing",223500.0,223500.0,223500.0,0-0,0.0793,,1,3
sap finance control consultant,"4 hana test planning cutover planning post go-live planning erp modules mm hr pp pm,financial accounting project system management accounting teamwork communication analytical skills customer orientation results-oriented independence time management high-quality deliverables sap general ledger accounts payable accounts receivable fixed asset accounting inter-company accounting fi integration s",223500.0,223500.0,223500.0,0-0,0.0543,,1,2
sap product manager s/4 hana - rtr finance,"4 hana agile methodologies requirements elicitation erp implementation technical writing project management tools sox compliance six sigma oracle cloud erp negotiation influence,financial accounting data analysis cost-benefit analysis communication collaboration problem solving customer focus leadership adaptability strategic thinking teamwork sap erp product management stakeholder management s",223500.0,223500.0,223500.0,0-0,0.0543,,1,2
seasonal golf club fitter / retail sales associate,customer engagement teamwork communication self-motivation customer service problem solving golf retail sales golf fitting product knowledge club fitting principles simulator operation launch monitor technologies equipment recommendations flexibility,223500.0,223500.0,223500.0,0-0,0.0293,,1,1
seasonal sales associate,"retail sales customer service visual merchandising sales metrics analysis inventory management team selling product knowledge teamwork communication adaptability problem solving customer relationship building respectfulness accountability positive attitude alteration fitting,retail sales customer service team selling product knowledge communication teamwork adaptability problem solving customer relationship building respectfulness accountability positive attitude visual merchandising sales metrics analysis alteration fitting inventory management,retail sales customer service sales metrics analysis product knowledge communication teamwork adaptability problem solving customer relationship building respectfulness accountability positive attitude visual merchandising alteration fitting inventory management team selling,retail sales customer service visual merchandising inventory management product knowledge teamwork communication adaptability problem solving customer relationship building respectfulness accountability positive attitude sales metrics analysis alteration fitting team selling,retail sales customer service sales metrics team selling product knowledge teamwork communication adaptability problem solving customer relationship building respectfulness accountability positive attitude visual merchandising alteration fitting inventory management",223500.0,223500.0,223500.0,0-0,0.1465,,5,5
seasonal sales associate - deptford mall,microsoft office 365 suite customer service communication sales teamwork relationship building results-oriented flexibility problem solving kwi pos systems applicant tracking systems,223500.0,223500.0,223500.0,0-0,0.0293,,1,1
seasonal sales associate - glendale galleria,microsoft office 365 customer service communication sales teamwork relationship building results-oriented problem solving flexibility pos systems kwi applicant tracking systems,223500.0,223500.0,223500.0,0-0,0.0293,,1,1
senior analyst - finance technology,data analysis business process improvement data accuracy communication interpersonal skills organizational skills problem solving multi-tasking attention to detail decision making adaptability oracle cloud erp oracle cloud epm google looker oracle reporting tools bi publisher otbi financial reporting studio frs essbase smartview systems testing general ledger meeting facilitation,223500.0,223500.0,223500.0,0-0,0.0293,,1,1
senior analyst human resources technology,data analysis excel hr technology reporting and analytics project management technical support communication problem solving analytical mindset stakeholder management attention to detail team collaboration adaptability customer focus workday configuration management,223500.0,223500.0,223500.0,0-0,0.0293,,1,1
senior analyst strategic finance,data analysis operational planning kpi evaluation reporting strategic finance communication teamwork problem solving attention to detail adaptability credibility cross-functional collaboration consensus building financial modeling economic frameworks investment analysis saas experience consulting,223500.0,223500.0,223500.0,0-0,0.0293,,1,1
senior area human resource manager,hr management employee relations federal employment laws microsoft office suite onboarding communication attention to detail problem solving teamwork customer focus leadership work ethic adaptability conflict resolution recruiting analytical skills applicant tracking systems performance management compensation administration benefits administration data interpretation time management,223500.0,223500.0,223500.0,0-0,0.0293,,1,1
senior business development associate,business development client service market knowledge data analysis microsoft office presentation skills communication relationship building teamwork motivation integrity flexibility analytical thinking critical thinking professionalism sound judgment adobe suite crm systems social media management project management,223500.0,223500.0,223500.0,0-0,0.0293,,1,1
senior business development executive,sales business development market intelligence customer experience data analysis communication problem solving teamwork relationship building adaptability influencing logical analysis discipline creativity negotiation contracting pipeline management crm salesforce bpo curiosity,223500.0,223500.0,223500.0,0-0,0.0293,,1,1
senior business development manager - lithium-ion batteries,business development sales cycle management cold outreach negotiation strategy creation autonomous work hunter mentality proven track record communication battery technology,223500.0,223500.0,223500.0,0-0,0.0293,,1,1
senior business development manager amazon air,business development sales strategy data analysis project management stakeholder management analytical skills problem solving leadership communication collaboration interpersonal skills creativity organizational skills time management empathy motivation negotiation crm tools air cargo logistics program strategy influence,223500.0,223500.0,223500.0,0-0,0.0293,,1,1
senior business development manager contracted solutions strategy,data analysis customer relationship management communication teamwork analytical skills organizational skills presentation skills problem solving adaptability to technology customer focus product management market research pricing strategies ms excel powerpoint telematics predictive ai insurance experience warranty experience,223500.0,223500.0,223500.0,0-0,0.0293,,1,1
senior business development manager manufacturing segment,lead generation sales forecasting market knowledge account management business development presentation skills communication strategic planning problem solving collaboration self-motivation organization goal-driven customer understanding adaptability cold calling salesforce ms office proposal development,223500.0,223500.0,223500.0,0-0,0.0293,,1,1
senior channel sales engineer,"ip protocol network configuration firewalls routers software sales security certifications cissp ceh empathy storytelling listening,technical presentation communication customer focus problem solving independence positive attitude influence teamwork channel sales engineering messaging security internet security principles http smtp dns networking topology tcp",223500.0,223500.0,223500.0,0-0,0.0543,,1,2
senior commercial finance director diabetes americas region,financial leadership strategic insights financial modeling analytics market insights financial performance reporting contractual negotiations data visualization variance analysis financial forecasting team management business excellence transformation experience mba leadership communication collaboration problem solving strategic thinking decision-making continuous improvement innovation adaptability cpa cma cultural awareness mentorship,223500.0,223500.0,223500.0,0-0,0.0293,,1,1
senior corporate counsel - u s bancorp impact finance,regulatory compliance relationship building teamwork problem solving communication commitment to client service continuous improvement adaptability ethical leadership collaboration legal risk management commercial transactions tax credit documentation public speaking contract negotiation knowledge of tax credit laws knowledge of commercial lending laws pro bono work,223500.0,223500.0,223500.0,0-0,0.0293,,1,1
senior director business development,"business development sales management project management customer relationship management negotiation territory planning lead generation financial analysis leadership communication strategic thinking team collaboration problem solving adaptability customer focus autonomy interpersonal skills contract logistics ecommerce,business development sales corporate strategy performance metrics technical platforms proposal creation market analysis relationship management strategic partnerships communication presentation skills organization planning prioritization attention to detail conflict resolution team collaboration corporate development trailer production gaming industry knowledge game engines passion for gaming",223500.0,223500.0,223500.0,0-0,0.0586,,2,2
senior director business development early phase - us - remote northeast,sales experience customer relationship management business development strategic planning problem-solving networking communication presentation skills teamwork independence professionalism adaptability bioanalytical services clinical research proposal defense presentations,223500.0,223500.0,223500.0,0-0,0.0293,,1,1
senior director finance,financial analysis accounting principles budgeting financial reporting financial forecasting ledger reconciliation business planning leadership communication strategic thinking problem solving advisory skills team collaboration data processing statistical analysis capitalization methods,223500.0,223500.0,223500.0,0-0,0.0293,,1,1
senior director human resources,human resources organizational design talent management employee engagement compliance leadership development performance management problem solving critical thinking business acumen knowledge of hr laws training and development data analysis communication relationship management multi-tasking teamwork adaptability strategic planning matrix management coaching decisiveness creativity mission-driven leadership diplomacy influence,223500.0,223500.0,223500.0,0-0,0.0293,,1,1
senior director of accounting and finance,accounting principles financial management accounting software analytical skills time management data presentation leadership project management teamwork communication interpersonal skills resourcefulness creativity motivation relationship building cpa licensure grant management diversity awareness,223500.0,223500.0,223500.0,0-0,0.0293,,1,1
senior director of finance,financial reporting data analysis financial statements preparation financial compliance strategic thinking communication problem solving team development collaboration adaptability innovation financial planning and analysis financial modeling budgeting forecasting capital allocation scenario analysis financial systems implementation leadership project management mentorship,223500.0,223500.0,223500.0,0-0,0.0293,,1,1
senior director of finance or controller,financial management budgeting account reconciliation financial reporting accounts payable management leadership communication interpersonal skills analytical skills organizational skills collaboration presentation skills problem solving forecasting profit and loss reporting gaap compliance erp systems great plains lease accounting public accounting financial statement preparation,223500.0,223500.0,223500.0,0-0,0.0293,,1,1
senior finance analyst,"accounting finance us gaap internal controls data analysis financial forecasting process improvement financial metrics communication presentation skills teamwork problem solving analytical thinking adaptability cost accounting sap sarbes-oxley,financial analysis client account management software tools utilization proactive approach client-friendly teamwork adaptability excel financial modeling enthusiasm work-life balance",223500.0,223500.0,223500.0,0-0,0.0586,,2,2
senior finance analyst us,financial accounting accounting principles process improvement project management communication problem solving teamwork leadership adaptability customer service interpersonal skills financial analysis reporting data analysis dashboards financial controls risk management stakeholder management regulatory compliance tax knowledge auditing business strategy critical thinking mentorship collaboration discretion time management,223500.0,223500.0,223500.0,0-0,0.0293,,1,1
senior finance associate,accounting finance communication teamwork leadership problem solving attention to detail time management financial statements tax returns quickbooks portfolio monitoring investor relations compliance filings credit analysis fixed income public accounting,223500.0,223500.0,223500.0,0-0,0.0293,,1,1
senior finance manager,"financial analysis budgeting accounting principles financial operations management communication interpersonal skills adaptability strategic thinking forecasting reynolds and route one software automotive industry knowledge,data analytics team management leadership communication problem solving collaboration strategic thinking adaptability financial strategy budgeting forecasting financial analysis capital expenditure planning business intelligence tools cost accounting standards cas enterprise resource planning erp financial metrics development financial reporting strategic planning innovation engagement,budgeting data analysis expense management communication problem solving detail-oriented time management adaptability interpersonal skills financial planning financial analysis forecasting financial modeling reporting tools hyperion gear business case development strategic planning collaboration influencing skills business acumen teamwork,finance accounting forecasting financial analysis leadership project management data analysis collaboration communication teamwork problem solving adaptability strategic thinking interpersonal skills time management pricing strategy mba fp a",223500.0,223500.0,223500.0,0-0,0.1172,,4,4
senior finance manager bts shared services,financial planning and analysis budget management data presentation business metrics development project management supervisory experience cost analysis communication collaboration problem solving independence adaptability leadership results-driven dealing with ambiguity operating expense projections financial advisory support risk management,223500.0,223500.0,223500.0,0-0,0.0293,,1,1
senior finance manager capital planning,financial reporting variance analysis budgeting financial forecasting gaap ms excel data analysis sql ms access compliance auditing communication leadership problem solving initiative independent judgment relationship building integrity collaboration presentation skills adaptability capital planning financial modeling powerpoint cash flow projections,223500.0,223500.0,223500.0,0-0,0.0293,,1,1
senior finance manager reporting innovation,financial reporting fp a processes ms office change management leadership analytical skills communication influence problem solving adaptability collaboration intellectual curiosity data analytics sap sox compliance rpa nlg ai ml multi-erp systems innovation,223500.0,223500.0,223500.0,0-0,0.0293,,1,1
senior finance systems specialist,project management collaboration problem solving communication training and support risk management finance and accounting systems process architecture system implementation workday accounting center prism fp a systems it general controls,223500.0,223500.0,223500.0,0-0,0.0293,,1,1
senior financial analyst - mt supply chain procurement source finance - css,financial analysis fp a financial modeling cost analysis accounting business process improvement communication interpersonal skills influencing skills analytical skills leadership teamwork negotiation skills intellectual curiosity adaptability consolidation sap tm1 jde microsoft excel microsoft powerpoint,223500.0,223500.0,223500.0,0-0,0.0293,,1,1
senior human resource generalist,employee relations talent acquisition performance management compensation and benefits employment laws and regulations analytical skills employee benefits administration hr policies and procedures recruitment strategies fmla ada communication interpersonal skills collaboration influence change management professional development payroll processing job design salary administration human capital management system hr audits and assessments flsa erisa eeoc guidelines confidentiality intellectual curiosity,223500.0,223500.0,223500.0,0-0,0.0293,,1,1
senior human resources assistant,ms office payroll processing recruitment coordination hr software documentation management leave administration medical insurance coordination report generation communication teamwork attention to detail problem solving client orientation conflict resolution time management empathy adaptability leadership oracle hr data analysis,223500.0,223500.0,223500.0,0-0,0.0293,,1,1
senior human resources business partner,"human resources recruitment compensation training data entry employee relations communication problem solving relationship management organizational skills creativity flexibility integrity positive attitude teamwork adaptability discipline onboarding employee development hris legislation knowledge metrics analysis organizational development business acumen performance management workplace investigations change management exit interviews job descriptions sop establishment financial analysis critical thinking mentoring leadership conflict resolution coaching,employee engagement performance management microsoft office talent acquisition fmla and ada compliance project management hr policies and procedures diversity and inclusion initiatives communication problem solving interpersonal skills team collaboration organizational skills adaptability initiative integrity creativity leadership hr strategy development conflict resolution hr metrics analysis workforce planning organizational diagnosis,hr management employee relations conflict management talent development hr analytics federal and state employment laws project management powerpoint excel presentation skills interviewing and assessment workforce development culture alignment communication teamwork analytical skills decision-making organizational skills independence multi-tasking work ethic people skills relationship building adaptability confidentiality m a experience smartsheet,talent management performance management employee relations recruiting data analysis cloud-based hr software communication conflict resolution relationship building problem solving team collaboration hr strategy development organizational design change management hr certifications phr shrm-cp consultative style executive presence adaptability cultural awareness coaching,employment law data analytics training and development employee relations communication leadership problem solving social perceptiveness negotiation judgment decision making attention to detail customer focus team building active listening organizational savvy hris payroll management time and attendance management health and benefits administration bilingual spanish manufacturing experience",223500.0,223500.0,223500.0,0-0,0.1465,,5,5
senior human resources clerk,hr clerical processes employee benefits administration payroll practices data compilation and reporting recordkeeping practices office practices and procedures interpretation of hr policies training and advising typing 45 wpm complex rules and regulations leadership communication independence problem solving teamwork organizational skills coaching customer service attention to detail adaptability,223500.0,223500.0,223500.0,0-0,0.0293,,1,1
senior human resources generalist,"hr compliance recruitment talent development employee relations compensation management onboarding communication skills interpersonal skills conflict resolution listening skills sense of urgency prioritization team collaboration adaptability program management international hr operations project management bachelor s degree in hr or related field phr,shrm-scp certification cultural sensitivity,sphr certification shrm-cp,recruiting talent acquisition microsoft office suite employee relations performance evaluations employee training and development communication interpersonal skills problem solving attention to detail customer service teamwork sound judgment hcm systems recruitment software compliance process-driven independence",223500.0,223500.0,223500.0,0-0,0.1086,,2,4
senior human resources generalist - oklahoma city ok,"benefits administration microsoft office bilingual english,spanish communication teamwork problem solving organizational skills counseling and guidance onboarding hris administration compensation management payroll management union management performance management",223500.0,223500.0,223500.0,0-0,0.0543,,1,2
senior human resources manager,"human resources management employee relations recruitment training and development compensation management hr information systems workforce planning policy development compliance performance appraisal communication leadership problem solving teamwork consultation insight adaptability benefit administration strategic counseling community relations diversity awareness,human resources management employee relations compensation benefits talent management training development recruiting labor law microsoft office suite interpersonal skills negotiation skills communication relationship building strategic thinking coaching team leadership risk management change management spanish fluency",223500.0,223500.0,223500.0,0-0,0.0586,,2,2
senior human resources representative,hr management performance management compensation analysis data analysis employee relations organizational design change management diversity and inclusion talent review hr policies implementation communication team collaboration problem solving independence adaptability leadership attention to detail empathy,223500.0,223500.0,223500.0,0-0,0.0293,,1,1
senior human resources specialist,microsoft word microsoft excel microsoft powerpoint customer service attention to detail communication interpersonal skills problem solving hris systems performance management onboarding processes data analysis confidentiality management organization time management collaboration adaptability teamwork,223500.0,223500.0,223500.0,0-0,0.0293,,1,1
senior human resources specialist for title ix and employee relations,employee relations federal and state laws policy development documentation management communication confidentiality attention to detail teamwork problem solving time management presentation skills collaboration title ix certification investigation procedures microsoft office suite,223500.0,223500.0,223500.0,0-0,0.0293,,1,1
senior information technology application analyst,system upgrades software implementation data conversion technical guidance vendor management backup and recovery processes root cause analysis documentation disaster recovery application evaluation it infrastructure coordination application development leadership communication problem solving collaboration customer service orientation analytical thinking adaptability project management teamwork application support configuration management preventative maintenance testing unit integrated user acceptance customer satisfaction monitoring mentoring,223500.0,223500.0,223500.0,0-0,0.0293,,1,1
senior information technology auditor,"risk management sql cybersecurity internal controls communication project management analytical skills attention to detail planning and organizing collaboration initiative it audit cia certification cisa certification cism certification data analysis linux cloud computing cobit nist sp 800 nist csf ssdlc change management code security data management,microsoft office suite analytical skills attention to detail financial services knowledge technology infrastructure communication skills collaboration problem solving time management organizational skills interpersonal skills adaptability leadership written communication verbal communication it audit sox documentation risk assessment cisa cissp cpa cia gsna application controls internal controls,it governance audits application design sdlc project management vendor management ms project communication presentation skills work ethic detail-oriented proactive ability to perform under pressure time management ms excel ms word ms powerpoint ms teams ms sharepoint jira power bi",223500.0,223500.0,223500.0,0-0,0.0879,,3,3
senior information technology manager,"11 active directory administration vmware esx troubleshooting problem-solving technical support networking leadership customer service communication teamwork mentorship time management adaptability collaboration training microsoft 365 azure ad entra sharepoint powershell linux proficiency cisco meraki vsphere hpc environments aws azure cluster compute scheduler software identity and access management audio and visual equipment maintenance international travel readiness,it operations management project management windows server windows 10",223500.0,223500.0,223500.0,0-0,0.0543,,1,2
senior information technology program manager,project management system implementation accounting knowledge asset accounting sarbanes-oxley compliance it environment experience collaboration independent planning communication problem solving reporting ad hoc analysis,223500.0,223500.0,223500.0,0-0,0.0293,,1,1
senior information technology project manager,"communication analytic skills critical thinking facilitation skills presentation skills collaboration team management problem solving flexibility responsiveness to input project management cybersecurity tools implementation pmp certification apmp certification project budget management it project management methodology project standards application negotiation cultural adaptability,it systems implementation collaboration communication leadership problem solving adaptability project management agile scrum master certification pmp certification safe certification financial services experience waterfall methodology project planning task management dependency management milestone tracking time management,problem solving project management stakeholder management risk assessment resource management budget management clarity ppm clinical trials quality management process improvement leadership communication team motivation mentoring decision making relationship building adaptability,it project management project management tools strategic planning technical writing data management budget management risk management change management healthcare experience public health knowledge legacy system upgrade release planning communication problem solving negotiation team leadership flexibility analytical skills collaboration presentation skills stakeholder management adaptability work ethic meeting facilitation influencing skills motivation client management time management agile methodology scrum kanban rfp writing data conversion,documentation resource management communication problem solving team collaboration adaptability project management risk management sdlc software development life cycle defect tracking change control quality assurance stakeholder management leadership mentoring",223500.0,223500.0,223500.0,0-0,0.1465,,5,5
senior information technology project manager- financials,financial reporting advanced excel sap data analysis reporting tools purchase orders communication collaboration mentoring problem-solving process improvement budgeting cost control financial analysis project accounting gaap principles accruals agile methodologies smartsheets change management,223500.0,223500.0,223500.0,0-0,0.0293,,1,1
senior information technology risk analyst - it services,user documentation writing communication problem solving attention to detail adaptability organizational skills time management collaboration it risk assessments compliance internal audit risk management framework microsoft office excel powerpoint word access visio enterprise governance risk and compliance systems e g archer data analysis risk remediation financial industry best practices sensitive data handling self-motivation influencing skills independent decision making,223500.0,223500.0,223500.0,0-0,0.0293,,1,1
senior information technology security analyst,"information security network security security incident management security monitoring operating systems firewalls vpns microsoft 365 networking principles tcp,ip analytical abilities problem solving attention to detail communication teamwork confidentiality organization collaboration presentation skills conflict resolution forensic analysis vulnerability management client-server applications anti-virus products azure security tools programming scripting languages open-source security analysis tools log data interpretation negotiation",223500.0,223500.0,223500.0,0-0,0.0543,,1,2
senior information technology specialist,network management communication interpersonal skills problem solving adaptability ability to work under pressure documentation collaboration microsoft windows server ibm iseries linux vmware hp switches cisco firewall active directory dns dhcp group policy data integrity checks disaster recovery planning desktop support version control systems kanban production floor systems microsoft great plains training,223500.0,223500.0,223500.0,0-0,0.0293,,1,1
senior information technology system administrator,comptia security+ windows server windows 10 linux oracle databases network storage systems powershell vmware scripting system troubleshooting active directory problem solving communication teamwork leadership project management adaptability creativity technical solutions development,223500.0,223500.0,223500.0,0-0,0.0293,,1,1
senior inside business development manager hybrid,sales experience business development medical terminology inside sales microsoft office product knowledge time management customer service communication teamwork adaptability problem solving self-management organization collaboration motivation crm software presentation skills,223500.0,223500.0,223500.0,0-0,0.0293,,1,1
senior manager digital events finance - cnbc,finance accounting advanced excel financial analysis budgeting cost tracking p l management operational forecasting ad-hoc analysis communication analytical mindset problem solving collaboration detail oriented self-starter judgment investment modeling,223500.0,223500.0,223500.0,0-0,0.0293,,1,1
senior manager distribution finance,budgeting financial analysis gaap erp sap microsoft excel accounting cost management internal controls auditing leadership problem solving communication teamwork time management analytical thinking coaching adaptability financial planning hyperion,223500.0,223500.0,223500.0,0-0,0.0293,,1,1
senior manager finance calhoun georgia united states 30701,finance communication attention to detail time management organizational skills persuasion teamwork analytical skills leadership negotiation accounting budgeting financial analysis zero based budgeting zbb expense forecasting sap fico sap sac blackline business objects business intelligence sql queries project management data management financial reporting automated bi tools conflict resolution,223500.0,223500.0,223500.0,0-0,0.0293,,1,1
senior manager human resources business partner hrbp,hr business partnering human resources management performance management systems hris proficiency talent planning learning and development change management recruitment strategies communication teamwork empathy strategic thinking cultural sensitivity feedback acceptance problem solving adaptability collaboration microsoft office suite data analysis creativity,223500.0,223500.0,223500.0,0-0,0.0293,,1,1
senior manager it business partner finance hybrid,project management financial analysis budget management compliance knowledge information technology business analysis communication leadership relationship building strategic thinking problem solving advisory skills teamwork it strategy cross-functional collaboration medical device industry knowledge,223500.0,223500.0,223500.0,0-0,0.0293,,1,1
senior manager strategic sales,sales leadership sales strategy account management sales enablement team leadership interpersonal skills collaboration coaching customer focus communication problem solving adaptability strategic thinking saas sales forecasting enterprise software sales data-driven decision making quota management contract negotiation diversity and inclusion awareness,223500.0,223500.0,223500.0,0-0,0.0293,,1,1
senior mgr it - delivery information technology,system implementation project management it products support technology direction setting configuration management collaboration leadership mentoring relationship building problem solving communication flexibility application development erp systems business process design unit testing performance testing negotiation strategic consulting influencing,223500.0,223500.0,223500.0,0-0,0.0293,,1,1
senior new business development executive,it staffing business development microsoft office suite sales strategy data tracking negotiation communication relationship building self-motivation teamwork time management problem solving attention to detail competitive mindset crm software google suite,223500.0,223500.0,223500.0,0-0,0.0293,,1,1
senior oracle database administrator senior information technology systems specialist,"attention to detail self-motivated collaboration communication problem solving time management adaptability oracle database administration disaster recovery procedures database backup,recovery utilities recovery manager rman data pump flashback technologies media management integration database security management transparent data encryption tde lightweight directory access protocol ldap authentication data masking scripting languages shell perl python sql pl,sql oracle real application clusters rac grid infrastructure automated storage manager asm advanced database replication solutions materialized views dataguard goldengate",223500.0,223500.0,223500.0,0-0,0.0793,,1,3
senior portfolio manager equipment finance,commercial loans credit underwriting communication organizational skills problem solving teamwork work ethic time management financial modeling portfolio management legal documentation excel data analysis customer service attention to detail,223500.0,223500.0,223500.0,0-0,0.0293,,1,1
senior project finance attorney,negotiation communication problem solving commercial awareness teamwork adaptability project finance corporate finance syndicated credit facilities non-recourse portfolio financing mezzanine financing restructurings capital markets transactions tax equity transactions legal drafting legal compliance risk management legal advice time management,223500.0,223500.0,223500.0,0-0,0.0293,,1,1
senior project manager information technology pmo,project management resource planning office 365 documentation process documentation communication teamwork leadership problem solving strategic planning relationship building proactivity adaptability pmp certification risk management change management communication planning primavera p6 microsoft project ms power bi crm microsoft dynamics windchill sharepoint spo sap business case documentation mentoring confidentiality,223500.0,223500.0,223500.0,0-0,0.0293,,1,1
senior retail sales associate,retail experience customer service sales transactions stocking communication teamwork customer experience organizational skills flexibility forklift operation certification leadership,223500.0,223500.0,223500.0,0-0,0.0293,,1,1
senior sales manager aftermarket programs,sales growth market analysis product knowledge communication teamwork problem solving adaptability leadership customer service collaboration customer relationship management manufacturing processes technical documentation safety compliance data analysis time management,223500.0,223500.0,223500.0,0-0,0.0293,,1,1
senior sales specialist,sales client relationship management training communication problem solving flexibility customer service persuasion healthcare solutions remote work,223500.0,223500.0,223500.0,0-0,0.0293,,1,1
senior salesforce developer,"cd practices git,communication problem solving collaboration adaptability leadership training analytical thinking salesforce development apex visualforce salesforce lightning salesforce flow restful api soap api java javascript sql soql nosql json data mapping ci,github agile development salesforce security settings salesforce customizations salesforce integrations salesforce reports salesforce dashboards documentation",223500.0,223500.0,223500.0,0-0,0.0793,,1,3
senior sap finance consultant/architect,"4 hana financial reporting process automation agile methodologies business requirements documents brds financial analysis technical solutions design critical analytics detail-oriented,training development communication collaboration problem solving leadership interpersonal skills trust building coaching stakeholder management adaptability sap fico s",223500.0,223500.0,223500.0,0-0,0.0543,,1,2
senior specialist- sales enablement offers commercialization,market analysis communication adaptability product marketing product development microsoft powerpoint figma prototype creation sales material creation case studies development b2b experience technology industry knowledge payments industry knowledge storytelling collaboration project management urgency independence,223500.0,223500.0,223500.0,0-0,0.0293,,1,1
senior vice president human resources,training and development leadership communication collaboration problem solving strategic planning talent management employee engagement organizational management performance management compensation management employment law labor law hr certifications shrm-cp shrm-scp strategic advising change management agility,223500.0,223500.0,223500.0,0-0,0.0293,,1,1
senior vp of business development - solar,business development leadership communication team collaboration problem solving sales management renewable energy solar power generation battery storage crm management food processing cold storage project management territory planning strategic planning negotiation customer relationship management adaptability,223500.0,223500.0,223500.0,0-0,0.0293,,1,1
seo executive,,78000.0,78000.0,78000.0,78000-78000,0.0,remote,0,0
service advisor,,210000.0,210000.0,210000.0,210000-210000,0.0,tirur kerala,0,0
service engineer - fresher iti or diploma or any degree,,258000.0,258000.0,258000.0,258000-258000,0.0,hyderabad telangana,0,0
service engineer freshers can apply,,222000.0,222000.0,222000.0,222000-222000,0.0,coimbatore tamil nadu,0,0
service sales representative - east hartford ct,sales price estimation report preparation customer relationship management driving record service-related sales computer skills communication leadership relationship building problem solving teamwork adaptability customer service crm software mechanical principles electrical principles,223500.0,223500.0,223500.0,0-0,0.0293,,1,1
servicenow - information technology manager,project management documentation technical expertise servicenow certified system administrator csa servicenow platform administration it service management itsm customer service management csm service portfolio management spm it operations management itom incident management problem management change management service catalog management request fulfillment governance frameworks performance monitoring vendor management user training and support data analysis capacity planning team leadership stakeholder engagement communication collaboration problem solving continuous improvement mentorship customer-focused culture adaptability strategic thinking,223500.0,223500.0,223500.0,0-0,0.0293,,1,1
site engineer,,166803.45,160205.17500000002,173401.725,160205-173401,0.0,"nandanam chennai tamil nadu,pimpri-chinchwad maharashtra",0,0
site supervisor,,150000.0,150000.0,150000.0,150000-150000,0.0,kottayam kerala,0,0
sleep expert - sales,"customer service product knowledge visual merchandising cash handling training and development communication relationship building teamwork problem solving adaptability customer focus initiative sales performance lifting up to 50 pounds omni-channel experience social media marketing feedback acceptance,sales product knowledge omni-channel experience social media marketing training and development communication relationship building teamwork problem solving adaptability feedback acceptance customer focus initiative professionalism customer service visual merchandising cash handling lifting up to 50 pounds",223500.0,223500.0,223500.0,0-0,0.0586,,2,2
social media influencer,,140006.94,140006.94,140006.94,140006-140006,0.0,remote,0,0
social media intern,,181294.62,181294.62,181294.62,181294-181294,0.0,remote,0,0
social media intern remote,,59400.0,59400.0,59400.0,59400-59400,0.0,remote,0,0
social media manager,,283971.46,233957.19,355457.19,233957-355457,0.0,remote,0,0
software engineer,,223500.0,223500.0,223500.0,0-0,0.6871,,160,0
software engineer trainee,,380000.0,380000.0,380000.0,380000-380000,0.0,chennai tamil nadu,0,0
software sales engineer,customer requirements gathering solution demonstration communication customer relationship management presentation skills cybersecurity solution architecture cloud security data protection network security virtualization security workload security container security aws certification azure certification gcp certification cissp certification ceh certification technical proposal writing proof of concept technical account management teamwork problem solving adaptability mentoring collaboration attention to detail ambition,223500.0,223500.0,223500.0,0-0,0.0293,,1,1
software sales executive,,253359.53999999998,253359.53999999998,253359.53999999998,253359-253359,0.0,calicut kerala,0,0
software trainee,,189000.0,133500.0,244500.0,133500-244500,0.0,"chennai tamil nadu,thiruvananthapuram district kerala",0,0
software trainer,,144000.0,144000.0,144000.0,144000-144000,0.0,todupulai kerala,0,0
soil and rock testing assistant,,180000.0,180000.0,180000.0,180000-180000,0.0,ghaziabad uttar pradesh,0,0
southeast regional manager office it support - information technology it,it management network management ticket management system troubleshooting pc hardware and software project management technical documentation infrastructure components knowledge teamwork communication problem solving collaboration leadership customer service adaptability mobile device management itil certification,223500.0,223500.0,223500.0,0-0,0.0293,,1,1
spot offer for customer support executive,,168000.0,168000.0,168000.0,168000-168000,0.0,teynampet chennai tamil nadu,0,0
staff data engineer - people finance tech remote,"cd powerbi qlik microstrategy mentoring adaptability psychological safety,leadership collaboration problem solving communication continuous improvement etl elt sql nosql postgres spark scala java python c docker kubernetes azure powershell git graphdb big data hive kafka gatling dynatrace grafana spring boot rest graphql ci",223500.0,223500.0,223500.0,0-0,0.0543,,1,2
staff data scientist,,8715000.0,8715000.0,8715000.0,8715000-8715000,0.0,us,0,0
staff information technology program manager,technical program management enterprise systems technology operations end user computing leadership interpersonal skills cross-functional collaboration communication problem-solving decision-making risk management resource optimization cloud infrastructure aws jira project management professional pmp certification aws certifications,223500.0,223500.0,223500.0,0-0,0.0293,,1,1
staff nurse,,240000.0,240000.0,240000.0,240000-240000,0.0,kottayam kerala,0,0
staff nurse anm gnm,,150000.0,150000.0,150000.0,150000-150000,0.0,chennai tamil nadu,0,0
staff nurse dermatology nungambakkam chennai,,264000.0,264000.0,264000.0,264000-264000,0.0,nungambakkam chennai tamil nadu,0,0
staff nurse- female,,210000.0,210000.0,210000.0,210000-210000,0.0,chennai tamil nadu,0,0
staff trainee,,162500.0,162500.0,162500.0,162500-162500,0.0,amroha uttar pradesh,0,0
staffing sales/full desk recruiter,business development account management analytical skills communication relationship building organization teamwork customer satisfaction staffing industry experience market research sales presentations contract negotiation technical sales knowledge,223500.0,223500.0,223500.0,0-0,0.0293,,1,1
state bank of india,,186000.0,186000.0,186000.0,186000-186000,0.0,puducherry puducherry,0,0
state bank of india bre cards,,204000.0,204000.0,204000.0,204000-204000,0.0,partibanur tamil nadu,0,0
stevedore 24 7,,150000.0,150000.0,150000.0,150000-150000,0.0,tuticorin tamil nadu,0,0
stock market trader,,125000.0,125000.0,125000.0,125000-125000,0.0,gurugram haryana,0,0
store in-charge,,156000.0,156000.0,156000.0,156000-156000,0.0,runkata agra uttar pradesh,0,0
store keeper,,192000.0,192000.0,192000.0,192000-192000,0.0,kochi kerala,0,0
store officer,,180000.0,180000.0,180000.0,180000-180000,0.0,todupulai kerala,0,0
store purchase executive,,360000.0,360000.0,360000.0,360000-360000,0.0,durgapur west bengal,0,0
store sales manager,customer service team leadership product knowledge merchandising training and development workforce management communication problem solving teamwork adaptability motivation leadership customer focus constructive feedback interpersonal skills time management sales management kpi management social media strategy bilingual spanish,223500.0,223500.0,223500.0,0-0,0.0293,,1,1
strategic director information technology,technical solution implementation business process analysis documentation authoring proficient in word mathematical skills communication team leadership problem solving multitasking dependability detail-oriented relationship building community involvement it operations management network infrastructure design technology inventory management vendor contract negotiation security management proficient in excel financial systems knowledge,223500.0,223500.0,223500.0,0-0,0.0293,,1,1
strategic finance analyst,financial analysis strategic planning data analysis reporting communication interpersonal skills action-oriented problem-solving collaboration adaptability subscription-based business models revenue modeling excel modeling google workspace sql data visualization influence storytelling,223500.0,223500.0,223500.0,0-0,0.0293,,1,1
strategic finance manager,financial analysis budget management financial forecasting data analysis financial software gaap communication analytical skills interpersonal skills collaboration problem solving innovation financial planning financial modeling advanced excel ecommerce marketplace experience,223500.0,223500.0,223500.0,0-0,0.0293,,1,1
strategic global human resource business partner,human resource management project management compensation and benefits employee relations recruitment performance management policy development labor laws compliance hr information systems training and development data analysis negotiation communication problem solving teamwork interpersonal skills adaptability leadership cultural awareness conflict resolution strategic thinking customer service orientation international hr management,223500.0,223500.0,223500.0,0-0,0.0293,,1,1
strategic sourcing manager cyber defense engineering + information technology - usds,"information technology data analysis network security collaboration problem solving communication organizational skills creativity cyber defense vendor management contract management negotiation procurement policies cloud software rfp management budget management digital transformation time management adaptability strategic thinking,information technology vendor management contract management negotiation data analysis cloud software network security budget management digital transformation time management collaboration problem solving communication organizational skills adaptability strategic thinking cyber defense procurement policies rfp management creativity",223500.0,223500.0,223500.0,0-0,0.0586,,2,2
structured finance associate,accounting finance ms excel compliance reporting communication relationship management leadership collaboration problem solving structured credit products portfolio accounting,223500.0,223500.0,223500.0,0-0,0.0293,,1,1
student counsellor,,360000.0,315000.0,405000.0,315000-405000,0.0,"bengaluru karnataka,kochi kerala",0,0
study abroad admission process associate,,138000.0,138000.0,138000.0,138000-138000,0.0,kochi kerala,0,0
summer intern business development,sales operations client fulfillment data management proposal development market research contract development communication creativity motivation relationship building teamwork outgoing personality problem solving sales proposals crm systems,223500.0,223500.0,223500.0,0-0,0.0293,,1,1
summer internship programme,,120000.0,120000.0,120000.0,120000-120000,0.0,mohali punjab,0,0
supervisor,,180000.0,180000.0,180000.0,180000-180000,0.0,remote,0,0
supervisor outside sales,customer experience enhancement technical skills computer software applications direct sales practices consumer education communication team building interpersonal skills organizational skills problem solving accountability adaptability collaboration time management sales management project management reporting and analytics telecommunications knowledge recruitment and training performance appraisal leadership,223500.0,223500.0,223500.0,0-0,0.0293,,1,1
supervisory human resources specialist,human resources management employee training and development human resource theories and principles performance measurement data analysis leadership communication team management problem solving interpersonal skills confidentiality collaboration adaptability decision making compensation and benefits policy development standard operating procedures sops budget preparation regulatory compliance strategic thinking,223500.0,223500.0,223500.0,0-0,0.0293,,1,1
svp business development,business development strategic planning market analysis negotiation leadership financial analysis customer relationship management project management sales strategy data analysis communication teamwork problem solving influencing mentoring results-oriented adaptability interpersonal skills strategic thinking networking,223500.0,223500.0,223500.0,0-0,0.0293,,1,1
svp sales business development,sales leadership business development negotiation data analysis revenue generation strategy sales strategy development performance management market analysis communication strategic thinking team collaboration client relationship management time management coaching and mentoring adaptability problem solving influence results-oriented crm systems sales training,223500.0,223500.0,223500.0,0-0,0.0293,,1,1
syndicated leveraged finance analyst,financial analysis microsoft excel microsoft powerpoint writing skills presentation skills attention to detail critical thinking communication initiative teamwork time management proactive capital markets knowledge microsoft word,223500.0,223500.0,223500.0,0-0,0.0293,,1,1
system analyst,,120000.0,120000.0,120000.0,120000-120000,0.0,coimbatore tamil nadu,0,0
system officer,,168000.0,168000.0,168000.0,168000-168000,0.0,chengannur kerala,0,0
talent acquisition specialist human resources coordinator,talent acquisition recruitment data analysis project management collaboration communication customer service confidentiality problem solving adaptability creativity teamwork ethical judgment networking hris ats social media marketing content creation survey design presentation skills,223500.0,223500.0,223500.0,0-0,0.0293,,1,1
teacher,,240000.0,240000.0,240000.0,240000-240000,0.0,cannanore kerala,0,0
teachers - pre-primary and primary english mathematics evs and computers,,300000.0,300000.0,300000.0,300000-300000,0.0,pulivendla andhra pradesh,0,0
teaching non teaching,,240000.0,240000.0,240000.0,240000-240000,0.0,bikaner rajasthan,0,0
team leader - operations,,675212.825,675212.825,675212.825,675212-675212,0.0,pimpri-chinchwad maharashtra,0,0
team member,,173684.7,170842.35,176527.05000000002,170842-176527,0.0,"kazhakuttam kerala,kolkata west bengal",0,0
team member qsr,,174000.0,174000.0,174000.0,174000-174000,0.0,bengaluru karnataka,0,0
technical executive,,420000.0,420000.0,420000.0,420000-420000,0.0,bengaluru karnataka,0,0
technical marketing,,450000.0,450000.0,450000.0,450000-450000,0.0,bengaluru karnataka,0,0
technical sales and proposal engineer,cost estimation project management report generation communication relationship building problem solving interpersonal skills team collaboration customer satisfaction drive and passion proposal management technical analysis rfq management product knowledge cultural awareness,223500.0,223500.0,223500.0,0-0,0.0293,,1,1
technical sales engineer,customer relationship management communication relationship building problem solving teamwork product sales semiconductor packaging project management ic assembly products microsoft office technical presentations negotiation leadership self-starter adaptability,223500.0,223500.0,223500.0,0-0,0.0293,,1,1
technical sales representative,technical sales process improvement product-based solutions driver s license communication negotiation teamwork problem solving time management interpersonal skills adaptability crm market analysis territory planning data analysis customer relationship management,223500.0,223500.0,223500.0,0-0,0.0293,,1,1
technical sales representative - polydyne,sales strategy customer service microsoft office suite presentation skills health and safety regulations market analysis communication teamwork problem solving self-motivation innovation relationship building decision making de-watering equipment clarification equipment sales quotations polymer make-down equipment energy level,223500.0,223500.0,223500.0,0-0,0.0293,,1,1
technical support engineer,,402000.0,402000.0,402000.0,402000-402000,0.0,bengaluru karnataka,0,0
technical trainer,,960000.0,960000.0,960000.0,960000-960000,0.0,mohali punjab,0,0
technology sales representative,customer engagement communication problem solving teamwork adaptability customer experience focus motivation learning aptitude technology sales business-to-business sales pipeline management product knowledge cyber security cloud data functionality managed print services it services video security systems automation services sales presentations proposal creation persuasion,223500.0,223500.0,223500.0,0-0,0.0293,,1,1
tele caller english - wfh,,226352.40000000002,226352.40000000002,226352.40000000002,226352-226352,0.0,remote,0,0
tele caller executive,,123000.0,123000.0,123000.0,123000-123000,0.0,new alipur kolkata west bengal,0,0
tele calling executive,,210000.0,210000.0,210000.0,210000-210000,0.0,ashoknagar bengaluru karnataka,0,0
tele marketing executive,,210000.0,210000.0,210000.0,210000-210000,0.0,anna nagar east chennai tamil nadu,0,0
telecaller executive,,138000.0,138000.0,138000.0,138000-138000,0.0,gurugram haryana,0,0
tellecaller,,276216.0,276216.0,276216.0,276216-276216,0.0,shimla himachal pradesh,0,0
temporary human resources business partner hrbp,talent management performance management leadership development succession planning talent acquisition employee relations hr compliance employment law program management communication relationship building strategic thinking problem solving collaboration adaptability organizational design diversity equity and inclusion dei facilitation skills hr metrics analysis influencing skills trust building mentoring listening skills,223500.0,223500.0,223500.0,0-0,0.0293,,1,1
territory sales executive,communication customer relationship management self-motivation outside business to business sales flooring industry knowledge electrical industry knowledge kitchen bath industry knowledge commercial construction knowledge territory management negotiation team collaboration,223500.0,223500.0,223500.0,0-0,0.0293,,1,1
territory sales executive - orlando fl,negotiation market analysis business acumen project management revenue generation healthcare knowledge communication problem solving teamwork time management adaptability integrity customer service listening skills positive attitude confidentiality molecular diagnostics consultative selling salesforce com microsoft office excel powerpoint strategic sales account planning,223500.0,223500.0,223500.0,0-0,0.0293,,1,1
territory sales manager,"sales relationship management training and education self-motivation persistence resilience accountability genuine personality communication teamwork medical device knowledge computer skills order processing travel,outside sales customer relationship management self-starter teamwork communication,sales organizational skills collaboration communication interpersonal skills detail-oriented problem solving adaptability teamwork customer focus crm systems technical acumen product presentations revenue forecasting electronic industry knowledge,relationship management strategic thinking business acumen market execution communication team leadership problem solving collaboration adaptability trust building goal setting motivation sales analytics data analysis microsoft office beverage industry knowledge trade analytics distribution management cultural awareness",223500.0,223500.0,223500.0,0-0,0.1172,,4,4
territory sales officer,,216000.0,216000.0,216000.0,216000-216000,0.0,athgaon guwahati assam,0,0
territory sales officer pathanamthitta,,350000.0,350000.0,350000.0,350000-350000,0.0,pathanamthitta kerala,0,0
territory service and sales representative,"customer service problem-solving inventory management safety training driving communication self-motivation time management teamwork adaptability customer relationship management flexibility problem-solving mindset mechanical service preventative maintenance corrective maintenance equipment installation tablet and mobile apps,customer service problem-solving inventory management self-motivation communication independent work flexibility teamwork customer relationship management adaptability time management mechanical service preventative maintenance corrective maintenance equipment installation tablet and mobile apps safety training driving",223500.0,223500.0,223500.0,0-0,0.0586,,2,2
threat hunting analyst /information technology specialist 3 information security ref 5774m-10br,"cyber security information technology data analysis identity and access management software development security communication critical thinking problem solving analytical skills independence teamwork information assurance log analysis siem technologies threat intelligence network security endpoint detection and response vulnerability management incident response mitre att ck framework technical report writing system administration network architecture firewall management ids,ips cia triad risk management secure architecture",223500.0,223500.0,223500.0,0-0,0.0543,,1,2
threat hunting analyst /information technology specialist 3 information security ref 5776-10ar,cyber security information technology technical reporting critical thinking analytical skills communication problem solving independence teamwork research skills information assurance log analysis siem technologies threat intelligence incident response network security vulnerability management operating systems system administration endpoint detection and response network architecture mitre att ck framework cyber kill chain threat hunting,223500.0,223500.0,223500.0,0-0,0.0293,,1,1
ticketing executive,,180000.0,174000.0,186000.0,174000-186000,0.0,"kurukshetra haryana,nagpur maharashtra",0,0
tier 1 jsoc analyst/information technology specialist 3 information security ref 5774-tier 1,cyber security information technology computer programming system administration operating systems communication critical thinking problem solving analytical skills teamwork information assurance network security incident response log analysis siem technologies technical writing vulnerability management digital forensics penetration testing network vulnerability assessments web application vulnerability assessments intrusion detection systems firewalls routers risk management security architecture attention to detail time management adaptability,223500.0,223500.0,223500.0,0-0,0.0293,,1,1
tire sales installation associate part time,customer service inventory management basic computer skills teamwork communication problem solving adaptability interpersonal skills accountability collaboration tire installation safety compliance propane tank filling tire repair tire selection merchandising manual transmission driving integrity positive attitude,223500.0,223500.0,223500.0,0-0,0.0293,,1,1
trade finance associate,trade finance banking principles business relationship management marketing communication collaboration trade instrumentation ucp 600 guidelines negotiation independence,223500.0,223500.0,223500.0,0-0,0.0293,,1,1
trainee,,240500.0,132000.0,273500.0,132000-273500,0.0,"navadwip west bengal,perungudi chennai tamil nadu,powai mumbai maharashtra,remote",0,0
trainee - digital,,180000.0,180000.0,180000.0,180000-180000,0.0,remote,0,0
trainee - human resource,,300000.0,300000.0,300000.0,300000-300000,0.0,rajarajeshwari nagar bengaluru karnataka,0,0
trainee - operations ip services,,215000.0,215000.0,215000.0,215000-215000,0.0,calicut kerala,0,0
trainee - quality,,312000.0,312000.0,312000.0,312000-312000,0.0,delhi delhi,0,0
trainee admission officer,,450000.0,450000.0,450000.0,450000-450000,0.0,mysuru karnataka,0,0
trainee application support executive wfh,,150000.0,150000.0,150000.0,150000-150000,0.0,pune maharashtra,0,0
trainee architect,,498073.25999999995,498073.25999999995,498073.25999999995,498073-498073,0.0,delhi delhi,0,0
trainee associate,,174000.0,174000.0,174000.0,174000-174000,0.0,karimnagar telangana,0,0
trainee auditor,,219000.0,219000.0,219000.0,219000-219000,0.0,mangalore karnataka,0,0
trainee digital freshers - bsc/bca/mca,,180000.0,180000.0,180000.0,180000-180000,0.0,remote,0,0
trainee digital marketer,,72000.0,72000.0,72000.0,72000-72000,0.0,kerala,0,0
trainee engineer,,300000.0,300000.0,300000.0,300000-300000,0.0,rudarpur uttarakhand,0,0
trainee engineer- network security,,400000.0,400000.0,400000.0,400000-400000,0.0,bengaluru karnataka,0,0
trainee ipqa,,150000.0,150000.0,150000.0,150000-150000,0.0,baddi himachal pradesh,0,0
trainee store,,120000.0,120000.0,120000.0,120000-120000,0.0,vypin kerala,0,0
transactional finance specialist,accounts receivable billing microsoft excel financial systems communication attention to detail problem solving teamwork adaptability expense monitoring reporting workday keyboard skills,223500.0,223500.0,223500.0,0-0,0.0293,,1,1
travel consultant female only,,240000.0,240000.0,240000.0,240000-240000,0.0,jetalpur vadodara gujarat,0,0
treasury manager - finance,treasury operations global bank account management kyc aml fatca ion ibam excel project management system administration data consistency analytical skills attention to detail communication skills interpersonal skills teamwork organizational skills multitasking problem solving training and guidance,223500.0,223500.0,223500.0,0-0,0.0293,,1,1
ui/ux freshers 2024,,500000.0,500000.0,500000.0,500000-500000,0.0,remote,0,0
unit coordinator,,240000.0,240000.0,240000.0,240000-240000,0.0,yadgir karnataka,0,0
urgent requirements of chemistry teacher for neet jee main level,,480000.0,480000.0,480000.0,480000-480000,0.0,pune maharashtra,0,0
v i e sustainable finance analyst,ms office finance communication presentation teamwork autonomy cooperation sustainable finance esg advisory sustainability,223500.0,223500.0,223500.0,0-0,0.0293,,1,1
vacancy for ba/bba/bca/bsc fresher graduates,,125000.0,125000.0,125000.0,125000-125000,0.0,baddi himachal pradesh,0,0
vacancy for fresher - nathdwara rajasthan,,156000.0,156000.0,156000.0,156000-156000,0.0,rajsamand rajasthan,0,0
vacancy for fresher graduate 8o13927285,,210000.0,210000.0,210000.0,210000-210000,0.0,maldah west bengal,0,0
vacancy for fresher photography - girnar ropeway gujarat,,156000.0,156000.0,156000.0,156000-156000,0.0,junagadh gujarat,0,0
vice president business development - b2b sales,b2b sales sales strategy development contract negotiation customer acquisition market analysis client presentations communication skills interpersonal skills teamwork analytical thinking attention to detail proactive attitude networking customer satisfaction focus strategic thinking passion for sales sales reporting digital transformation knowledge crm systems salesforce e-commerce customer support management process transformation lean six sigma rpa pricing management analytics and spend analysis cloud sales,223500.0,223500.0,223500.0,0-0,0.0293,,1,1
vice president finance,"financial reporting compliance team leadership analytical skills accounting communication interpersonal skills mentorship collaboration problem solving adaptability financial strategy budgeting forecasting risk management investment analysis financial modeling private equity venture capital mba cpa strategic thinking,accounting financial reporting financial analysis budgeting microsoft office suite data analysis internal controls financial systems cash flow management financial statements preparation cost management capital project management leadership communication analytical skills problem solving teamwork organizational skills adaptability proactive approach continuous learning attention to detail multitasking forecasting derivatives business development risk management creativity networking mental toughness entrepreneurial mindset,accounting principles communication teamwork financial management liquidity management asset,liability management alm profitability reporting financial analysis cost accounting data analytics cpa cfa financial forecasting strategic planning leadership problem solving advisory skills engagement ownership,broker-dealer operations regulatory reporting financial analysis gaap compliance tax planning and compliance accounting processes financial reporting data reconciliation margin calculations risk management operations management cash management financial responsibility rules bookkeeping sipc compliance finra examination support audit support financial systems integration b s in accounting or finance analytical skills interpersonal skills communication skills collaboration discretion strategic thinking problem solving leadership reliability adaptability series 27,financial analysis asset valuation financial reporting variance reporting leadership collaboration communication strategic thinking team management problem solving adaptability analytical thinking cash flow projections portfolio management investment sourcing capital management dashboard development due diligence real estate investment construction project management,excel communication relationship building problem solving self-motivation teamwork financial planning and analysis financial modeling budgeting reporting packages gaap power bi netsuite data analysis dtc kpis consumer packaged goods cpg experience automation crm systems programming python,r leadership adaptability strategic thinking",223500.0,223500.0,223500.0,0-0,0.2258,,6,8
vice president finance change management,project management financial planning data management risk management process optimization automation microsoft excel microsoft word change management financial operations communication interpersonal skills influencing flexibility self-starter prioritization teamwork presentation skills problem solving microsoft powerpoint,223500.0,223500.0,223500.0,0-0,0.0293,,1,1
vice president finance investments,financial analysis project management ms office suite excel business acumen critical thinking analytical skills organizational skills problem solving communication leadership interpersonal skills professionalism adaptability team collaboration financial modeling underwriting c++ python financial due diligence,223500.0,223500.0,223500.0,0-0,0.0293,,1,1
vice president human resources,"english project management human capital management systems microsoft office performance management leadership communication collaboration problem solving time management coaching talent acquisition diversity equity inclusion and belonging deib california employment law payroll systems labor relations employee engagement surveys empathy emotional intelligence trust building integrity confidentiality cultural awareness,human resources management employee relations bilingual spanish,human resources management conflict resolution problem solving employee relations organizational design hr legal compliance microsoft office suite hris and talent management systems payroll management employee benefits administration training and development performance appraisal programs recruiting and placement practices leadership interpersonal skills communication adaptability teamwork initiative creativity work ethic accountability curiosity diversity equity and inclusion dei initiatives bilingual english,spanish,strategic direction recruitment compensation employee benefits employee relations payroll process improvements hr technology communication innovation problem solving people-first mindset engagement collaboration employee health leadership development compliance adp workforce now data analysis leadership,human resources management talent management project management compensation and benefits strategy data analysis microsoft office suite leadership communication emotional intelligence problem solving team building creativity time management relationship building adaptability",223500.0,223500.0,223500.0,0-0,0.1672,,4,6
vice president information technology,cybersecurity cloud solutions automation digital transformation project management communication collaboration problem solving innovation it strategy erp systems data platform enterprise architecture technology scalability it controls for sox compliance technology outsourcing jde wd sf lims adf mef leadership team building strategic thinking negotiation mentoring adaptability,223500.0,223500.0,223500.0,0-0,0.0293,,1,1
vice president of business development,"business development relationship management procurement communication networking proactivity organization detail-oriented leadership team management federal contracting proposal writing cybersecurity software engineering systems engineering military intelligence analytics contracting ts,sci security clearance,business development sales business planning contract negotiation account management communication presentation skills talent advisory bachelor s degree leadership strategic thinking independence executive search mba,business development sales healthcare knowledge digital advertising technology consultative selling market analysis strategic partnerships customer experience leadership strategic thinking communication problem solving results-driven mentality adaptability collaboration positive attitude customer relationship management salesforce data onboarding compliance knowledge programmatic media martech product development empathy assertiveness,business development sales crm platforms client success communication collaboration emotional intelligence proactivity relationship building strategic thinking teamwork intellectual curiosity adaptability pipeline management market research partnership development data analytics healthcare knowledge contract negotiation",223500.0,223500.0,223500.0,0-0,0.1422,,4,5
vice president of business development and sales organization - marketing agency,strategic leadership data analysis market research brand enhancement lead generation presentation skills organizational skills communication negotiation team leadership collaboration problem solving adaptability creativity time management digital marketing search engine marketing social media marketing lifecycle marketing programmatic advertising website development kpi setting proposal management budget allocation public relations,223500.0,223500.0,223500.0,0-0,0.0293,,1,1
vice president of finance,"organizational skills attention to detail collaboration communication relationship building problem solving leadership financial planning budgeting financial analysis cost accounting forecasting financial reporting operational efficiency project management accounting procedures data analysis knowledge of newstar knowledge of ibm tm1 residential home building experience land acquisition analysis vendor management proactive attitude,financial statement generation variance analysis annual planning financial forecasting financial modeling financial project management accounting system integration cpa financial analysis financing strategies leadership interpersonal skills collaboration influence without authority presentation skills difficult conversations employee training and development integrity strategic thinking stress tolerance adaptability",223500.0,223500.0,223500.0,0-0,0.0586,,2,2
vice president of finance / cfo,financial analysis financial reporting regulatory compliance cash flow management budget management accounting tax planning financial controls financial acumen master s degree in finance or accounting leadership communication teamwork problem solving decision making results oriented collaboration organizational skills financial planning risk management investment evaluation cpa certification,223500.0,223500.0,223500.0,0-0,0.0293,,1,1
vice president of human resources r1881,excel microsoft office analytical skills recruiting employee relations performance management organizational development leadership communication teamwork critical thinking project management customer focus managing others change management relationship building hris workday data management compensation planning diversity and inclusion coaching,223500.0,223500.0,223500.0,0-0,0.0293,,1,1
vice president portfolio transaction management - value chain finance,receivables monetization financial analysis data analysis documentation review communication teamwork problem solving adaptability client relationship management drive collaboration attention to detail time management interpersonal skills securitization asset based lending supplier finance products credit risk assessment transaction management regulatory compliance modeling structuring experience,223500.0,223500.0,223500.0,0-0,0.0293,,1,1
video editing intern,,54000.0,54000.0,54000.0,54000-54000,0.0,remote,0,0
video editor,,149142.85714285713,96000.0,180000.0,96000-180000,0.0,"kochi kerala,remote",0,0
video editor in coimbatore,,168000.0,168000.0,168000.0,168000-168000,0.0,coimbatore tamil nadu,0,0
virtual scribe trainee,,390000.0,390000.0,390000.0,390000-390000,0.0,hubli karnataka,0,0
visa submission officer - operations,,234000.0,234000.0,234000.0,234000-234000,0.0,puducherry puducherry,0,0
voice process trainee,,210000.0,210000.0,210000.0,210000-210000,0.0,remote,0,0
volunteer opportunity alert finance coordinator needed for cyber defense intelligence center,accounting finance financial software financial reporting financial analysis organizational skills time management communication interpersonal skills attention to detail problem solving teamwork gaap excel grant accounting,223500.0,223500.0,223500.0,0-0,0.0293,,1,1
vp / client finance strategy data scientist lead jpm private client,data integrity communication stakeholder engagement strategic thinking problem solving project management teamwork business acumen transparency python sql data visualization predictive modeling time series analysis machine learning data mining tableau cloud platforms big data statistical software causal-model approaches data preparation regressions text mining aws hadoop apache spark hive pig storytelling iterative development,223500.0,223500.0,223500.0,0-0,0.0293,,1,1
vp business development and strategic partnerships,business development strategic partnerships negotiation market analysis financial analysis project management cross-functional collaboration customer relationship management data analysis marketing sales strategic thinking communication interpersonal skills team collaboration problem solving results-oriented mindset independence influence flexibility leadership ai computer vision mba,223500.0,223500.0,223500.0,0-0,0.0293,,1,1
vp deposit finance - expense productivity,financial analysis financial planning data analysis cost-benefit analysis roi calculations financial modeling customer experience optimization leadership communication teamwork organizational skills problem solving prioritization relationship building proactivity detail-oriented resourcefulness microsoft excel hyperion financial systems management financial dashboard,223500.0,223500.0,223500.0,0-0,0.0293,,1,1
vp finance and investor relations,relationship management leadership communication team collaboration problem solving networking debt acquisition equity acquisition financial analysis negotiation real estate finance risk mitigation market analysis joint venture agreements investor relations term sheet creation strategic thinking,223500.0,223500.0,223500.0,0-0,0.0293,,1,1
vp finance healthcare services rapid growth 78810,finance healthcare services leadership strategic thinking communication hands-on approach team collaboration revenue cycle management accounting systems updates multi-location management public accounting experience,223500.0,223500.0,223500.0,0-0,0.0293,,1,1
vp finance healthcare services rapid growth private equity 78796,accounting multi-location operations strategic thinking tactical execution communication leadership hands-on approach team collaboration financial infrastructure healthcare services commercial insurer payouts due diligence revenue cycle management private equity de novo growth cpa,223500.0,223500.0,223500.0,0-0,0.0293,,1,1
vp human resources-pst segment,hr management talent development employment law strategic planning team leadership organizational effectiveness hr certifications communication interpersonal skills influencing problem solving cultural awareness coaching collaboration integrity mergers acquisitions global hr experience,223500.0,223500.0,223500.0,0-0,0.0293,,1,1
vp of human resources americas,talent management employee relations compensation and benefits hr strategies talent acquisition performance management automation strategic guidance leadership business partnership communication negotiation problem solving team management adaptability compliance succession planning ai implementation,223500.0,223500.0,223500.0,0-0,0.0293,,1,1
vp of structured finance asset backed abs credit,credit analysis team collaboration communication analytical thinking problem solving abs products knowledge mbs knowledge cre knowledge cmo knowledge residential markets knowledge,223500.0,223500.0,223500.0,0-0,0.0293,,1,1
vp technology finance,financial analysis budgeting strategic planning financial regulations accounting principles risk assessment data analysis leadership communication collaboration problem solving interpersonal skills strategic thinking relationship building teamwork forecasting financial reporting return on investment analysis cpa mba mentoring inspiration,223500.0,223500.0,223500.0,0-0,0.0293,,1,1
vp/director of finance,budgeting leadership team management communication analytical thinking planning organizational skills accountability detail-oriented execution job costing gaap mrp deltek costpoint cost accounting ms office forecasting financial reporting ifrs financial regulations cpa mba integrity prioritization,223500.0,223500.0,223500.0,0-0,0.0293,,1,1
wanted b e civil candidates with cad knowledge,,204000.0,204000.0,204000.0,204000-204000,0.0,simmakkal madurai tamil nadu,0,0
wanted delivery executive boys / girls,,300000.0,300000.0,300000.0,300000-300000,0.0,mavelikara kerala,0,0
wanted female office assistants,,204000.0,204000.0,204000.0,204000-204000,0.0,gandhipuram coimbatore tamil nadu,0,0
wanted freshers for office work,,180000.0,180000.0,180000.0,180000-180000,0.0,saravanampatti coimbatore tamil nadu,0,0
wanted freshers from nagamalai pudukottai and nearby areas,,108000.0,108000.0,108000.0,108000-108000,0.0,madurai tamil nadu,0,0
warehouse associate,,172722.0,172722.0,172722.0,172722-172722,0.0,kochi kerala,0,0
warehouse executive,,192000.0,192000.0,192000.0,192000-192000,0.0,manali chennai tamil nadu,0,0
warehouse incharge,,288000.0,288000.0,288000.0,288000-288000,0.0,payyannur kerala,0,0
website designer developer,,360000.0,360000.0,360000.0,360000-360000,0.0,namakkal tamil nadu,0,0
wedding album designers in trivandrum,,180000.0,180000.0,180000.0,180000-180000,0.0,kariavattom thiruvananthapuram kerala,0,0
wireless sales pro,sales customer service problem-solving communication creativity resilience flexibility teamwork high-energy personality wireless product knowledge product setup and activation inventory management,223500.0,223500.0,223500.0,0-0,0.0293,,1,1
wordpress developer,,223500.0,223500.0,223500.0,0-0,0.5669,,132,0
workday finance technical lead,"reporting microsoft office suite project management business analysis data analysis communication problem solving attention to detail time management adaptability critical thinking workday integrations data governance analytics development calculated fields workday studio birt eibs api xml xslt soap rest prism analytics security administration agile scrum dashboards user acceptance testing uat technical support data structures cloud connect role-based security user-based security collaboration organizational skills influencing skills customer support teamwork training and development,reporting finance data analysis communication problem solving teamwork analytical thinking adaptability workday integrations workday studio calculated fields birt eibs core connectors xml xslt soap rest apis workday prism analytics agile scrum json integration security cloud connect dashboards composite reporting workday security business object model",223500.0,223500.0,223500.0,0-0,0.0586,,2,2
worked as teacher,,270000.0,270000.0,270000.0,270000-270000,0.0,pratap nagar jaipur rajasthan,0,0
